Datetime,09180000,09180500,09183600
2000-01-01,164.60417,164.60417,
2000-01-02,161.32292,161.32292,
2000-01-03,162.11458,162.11458,
2000-01-04,188.02083,188.02083,
2000-01-05,185.01042,185.01042,
2000-01-06,149.55208,149.55208,
2000-01-07,148.27083,148.27083,
2000-01-08,172.0,172.0,
2000-01-09,164.16667,164.16667,
2000-01-10,154.97917,154.97917,
2000-01-11,225.02083,225.02083,
2000-01-12,231.84375,231.84375,
2000-01-13,214.34375,214.34375,
2000-01-14,205.95833,205.95833,
2000-01-15,171.15625,171.15625,
2000-01-16,163.32292,163.32292,
2000-01-17,169.33333,169.33333,
2000-01-18,171.25,171.25,
2000-01-19,175.83333,175.83333,
2000-01-20,191.35417,191.35417,
2000-01-21,193.19792,193.19792,
2000-01-22,188.42708,188.42708,
2000-01-23,191.11458,191.11458,
2000-01-24,181.45833,181.45833,
2000-01-25,167.9375,167.9375,
2000-01-26,181.39583,181.39583,
2000-01-27,213.19792,213.19792,
2000-01-28,236.42708,236.42708,
2000-01-29,203.16667,203.16667,
2000-01-30,155.53125,155.53125,
2000-01-31,137.26042,137.26042,
2000-02-01,134.6875,134.6875,
2000-02-02,136.4375,136.4375,
2000-02-03,166.0625,166.0625,
2000-02-04,170.48958,170.48958,
2000-02-05,177.4375,177.4375,
2000-02-06,184.75,184.75,
2000-02-07,185.83333,185.83333,
2000-02-08,184.16667,184.16667,
2000-02-09,172.02083,172.02083,
2000-02-10,178.98958,178.98958,
2000-02-11,186.52083,186.52083,
2000-02-12,192.65625,192.65625,
2000-02-13,211.84375,211.84375,
2000-02-14,193.9375,193.9375,
2000-02-15,180.88542,180.88542,
2000-02-16,178.30208,178.30208,
2000-02-17,179.47917,179.47917,
2000-02-18,191.41667,191.41667,
2000-02-19,185.72917,185.72917,
2000-02-20,177.01042,177.01042,
2000-02-21,169.30208,169.30208,
2000-02-22,165.52083,165.52083,
2000-02-23,175.70833,175.70833,
2000-02-24,191.63542,191.63542,
2000-02-25,204.17708,204.17708,
2000-02-26,197.22917,197.22917,
2000-02-27,189.79167,189.79167,
2000-02-28,181.17708,181.17708,
2000-02-29,168.59375,168.59375,
2000-03-01,168.65625,168.65625,
2000-03-02,174.10417,174.10417,
2000-03-03,172.46428,172.46428,
2000-03-08,172.51471,172.51471,
2000-03-09,194.5625,194.5625,
2000-03-10,228.40625,228.40625,
2000-03-11,216.45833,216.45833,
2000-03-12,204.70833,204.70833,
2000-03-13,196.97917,196.97917,
2000-03-14,195.66667,195.66667,
2000-03-15,188.20833,188.20833,
2000-03-16,194.72917,194.72917,
2000-03-17,204.04167,204.04167,
2000-03-18,209.28125,209.28125,
2000-03-19,207.33333,207.33333,
2000-03-20,197.01042,197.01042,
2000-03-21,201.51042,201.51042,
2000-03-22,220.04167,220.04167,
2000-03-23,223.46875,223.46875,
2000-03-24,225.69792,225.69792,
2000-03-25,221.14583,221.14583,
2000-03-26,224.08333,224.08333,
2000-03-27,231.66667,231.66667,
2000-03-28,248.17708,248.17708,
2000-03-29,300.6875,300.6875,
2000-03-30,348.39584,348.39584,
2000-03-31,358.8854,358.8854,
2000-04-01,363.9479,363.9479,
2000-04-02,343.125,343.125,
2000-04-03,333.03125,333.03125,
2000-04-04,319.6979,319.6979,
2000-04-05,325.1771,325.1771,
2000-04-06,434.22916,434.22916,
2000-04-07,695.44794,695.44794,
2000-04-08,969.7708,969.7708,
2000-04-09,1207.1875,1207.1875,
2000-04-10,1468.9584,1468.9584,
2000-04-11,1845.0,1845.0,
2000-04-12,1718.2291,1718.2291,
2000-04-13,1600.5209,1600.5209,
2000-04-14,1697.1875,1697.1875,
2000-04-15,1876.25,1876.25,
2000-04-16,1942.2916,1942.2916,
2000-04-17,1683.9584,1683.9584,
2000-04-18,1723.5416,1723.5416,
2000-04-19,1880.8334,1880.8334,
2000-04-20,1581.0416,1581.0416,
2000-04-21,1415.3125,1415.3125,
2000-04-22,1667.1875,1667.1875,
2000-04-23,1859.0625,1859.0625,
2000-04-24,1933.2291,1933.2291,
2000-04-25,2062.8125,2062.8125,
2000-04-26,2111.1458,2111.1458,
2000-04-27,2205.3125,2205.3125,
2000-04-28,2372.9167,2372.9167,
2000-04-29,2504.6875,2504.6875,
2000-04-30,2449.7917,2449.7917,
2000-05-01,2424.1667,2424.1667,
2000-05-02,2252.8125,2252.8125,
2000-05-03,2217.8125,2217.8125,
2000-05-04,2292.5,2292.5,
2000-05-05,2345.4167,2345.4167,
2000-05-06,2321.3542,2321.3542,
2000-05-07,2184.8958,2184.8958,
2000-05-08,2083.0208,2083.0208,
2000-05-09,2418.9583,2418.9583,
2000-05-10,2320.625,2320.625,
2000-05-11,1876.9531,1876.9531,
2000-05-12,1809.0625,1809.0625,
2000-05-13,1721.1459,1721.1459,
2000-05-14,1592.2916,1592.2916,
2000-05-15,1500.0,1500.0,
2000-05-16,1426.1459,1426.1459,
2000-05-17,1388.5416,1388.5416,
2000-05-18,1373.3334,1373.3334,
2000-05-19,1359.7916,1359.7916,
2000-05-20,1315.8334,1315.8334,
2000-05-21,1264.375,1264.375,
2000-05-22,1236.9791,1236.9791,
2000-05-23,1288.75,1288.75,
2000-05-24,1368.3334,1368.3334,
2000-05-25,1359.5834,1359.5834,
2000-05-26,1382.5,1382.5,
2000-05-27,1194.2709,1194.2709,
2000-05-28,1056.4896,1056.4896,
2000-05-29,1083.2396,1083.2396,
2000-05-30,1177.9166,1177.9166,
2000-05-31,1234.1666,1234.1666,
2000-06-01,1125.1562,1125.1562,
2000-06-02,1028.4584,1028.4584,
2000-06-03,949.23956,949.23956,
2000-06-04,881.88544,881.88544,
2000-06-05,830.80206,830.80206,
2000-06-06,772.8542,772.8542,
2000-06-07,702.4792,702.4792,
2000-06-08,688.36456,688.36456,
2000-06-09,680.7083,680.7083,
2000-06-10,669.9792,669.9792,
2000-06-11,636.7083,636.7083,
2000-06-12,571.92706,571.92706,
2000-06-13,551.4583,551.4583,
2000-06-14,528.78125,528.78125,
2000-06-15,570.57294,570.57294,
2000-06-16,572.05206,572.05206,
2000-06-17,513.71875,513.71875,
2000-06-18,450.9375,450.9375,
2000-06-19,381.85416,381.85416,
2000-06-20,359.4479,359.4479,
2000-06-21,378.4271,378.4271,
2000-06-22,355.16666,355.16666,
2000-06-23,329.53125,329.53125,
2000-06-24,305.375,305.375,
2000-06-25,291.2396,291.2396,
2000-06-26,304.45834,304.45834,
2000-06-27,268.66666,268.66666,
2000-06-28,265.85416,265.85416,
2000-06-29,271.875,271.875,
2000-06-30,255.32292,255.32292,
2000-07-01,238.3125,238.3125,
2000-07-02,219.48958,219.48958,
2000-07-03,200.0625,200.0625,
2000-07-04,192.84375,192.84375,
2000-07-05,175.3125,175.3125,
2000-07-06,168.65625,168.65625,
2000-07-07,154.05208,154.05208,
2000-07-08,150.02083,150.02083,
2000-07-09,146.71875,146.71875,
2000-07-10,176.09375,176.09375,
2000-07-11,227.76042,227.76042,
2000-07-12,206.27083,206.27083,
2000-07-13,192.58333,192.58333,
2000-07-14,178.09375,178.09375,
2000-07-15,163.53125,163.53125,
2000-07-16,144.45833,144.45833,
2000-07-17,146.02083,146.02083,
2000-07-18,142.54167,142.54167,
2000-07-19,176.46875,176.46875,
2000-07-20,165.95833,165.95833,
2000-07-21,139.1875,139.1875,
2000-07-22,119.770836,119.770836,
2000-07-23,118.9375,118.9375,
2000-07-24,109.71875,109.71875,
2000-07-25,107.5625,107.5625,
2000-07-26,97.03125,97.03125,
2000-07-27,91.760414,91.760414,
2000-07-28,91.71875,91.71875,
2000-07-29,96.947914,96.947914,
2000-07-30,96.135414,96.135414,
2000-07-31,90.395836,90.395836,
2000-08-01,89.34375,89.34375,
2000-08-02,84.885414,84.885414,
2000-08-03,79.864586,79.864586,
2000-08-04,81.635414,81.635414,
2000-08-05,79.145836,79.145836,
2000-08-06,77.541664,77.541664,
2000-08-07,75.979164,75.979164,
2000-08-08,75.75,75.75,
2000-08-09,69.333336,69.333336,
2000-08-10,67.229164,67.229164,
2000-08-11,65.229164,65.229164,
2000-08-12,67.875,67.875,
2000-08-13,65.833336,65.833336,
2000-08-14,65.708336,65.708336,
2000-08-15,80.604164,80.604164,
2000-08-16,74.4375,74.4375,
2000-08-17,90.114586,90.114586,
2000-08-18,108.010414,108.010414,
2000-08-19,139.42708,139.42708,
2000-08-20,310.3021,310.3021,
2000-08-21,152.89583,152.89583,
2000-08-22,227.96875,227.96875,
2000-08-23,173.44792,173.44792,
2000-08-24,167.57292,167.57292,
2000-08-25,133.61458,133.61458,
2000-08-26,120.6875,120.6875,
2000-08-27,123.46875,123.46875,
2000-08-28,118.96875,118.96875,
2000-08-29,202.0625,202.0625,
2000-08-30,186.13542,186.13542,
2000-08-31,280.08334,280.08334,
2000-09-01,217.01042,217.01042,
2000-09-02,184.04167,184.04167,
2000-09-03,199.48958,199.48958,
2000-09-04,159.57292,159.57292,
2000-09-05,142.15625,142.15625,
2000-09-06,131.4375,131.4375,
2000-09-07,122.34375,122.34375,
2000-09-08,122.15625,122.15625,
2000-09-09,151.08333,151.08333,
2000-09-10,159.42708,159.42708,
2000-09-11,158.5625,158.5625,
2000-09-12,136.57292,136.57292,
2000-09-13,121.875,121.875,
2000-09-23,98.44444,98.44444,
2000-09-24,102.114586,102.114586,
2000-09-25,90.229164,90.229164,
2000-09-26,95.5,95.5,
2000-09-27,91.708336,91.708336,
2000-09-28,95.291664,95.291664,
2000-09-29,96.6129,96.6129,
2000-09-30,115.0,115.0,
2000-10-01,124.114586,124.114586,
2000-10-02,114.90625,114.90625,
2000-10-03,132.96875,132.96875,
2000-10-04,126.0625,126.0625,
2000-10-05,123.916664,123.916664,
2000-10-06,247.07292,247.07292,
2000-10-07,211.83333,211.83333,
2000-10-08,185.21875,185.21875,
2000-10-09,165.07292,165.07292,
2000-10-10,138.0625,138.0625,
2000-10-11,168.70833,168.70833,
2000-10-12,190.39583,190.39583,
2000-10-13,184.04167,184.04167,
2000-10-14,219.5,219.5,
2000-10-15,230.72917,230.72917,
2000-10-16,191.61458,191.61458,
2000-10-17,170.53125,170.53125,
2000-10-18,165.14583,165.14583,
2000-10-19,161.34375,161.34375,
2000-10-20,159.6875,159.6875,
2000-10-21,159.33333,159.33333,
2000-10-22,159.83333,159.83333,
2000-10-23,167.80208,167.80208,
2000-10-24,181.05208,181.05208,
2000-10-25,323.0729,323.0729,
2000-10-26,412.53125,412.53125,
2000-10-27,284.9375,284.9375,
2000-10-28,228.92708,228.92708,
2000-10-29,197.81522,197.81522,
2000-10-30,196.07292,196.07292,
2000-10-31,211.4375,211.4375,
2000-11-01,235.45833,235.45833,
2000-11-02,234.02083,234.02083,
2000-11-03,204.71875,204.71875,
2000-11-04,208.5625,208.5625,
2000-11-05,188.19792,188.19792,
2000-11-06,180.4375,180.4375,
2000-11-07,172.09375,172.09375,
2000-11-08,169.36458,169.36458,
2000-11-09,160.17708,160.17708,
2000-11-10,147.77083,147.77083,
2000-11-11,159.09375,159.09375,
2000-11-12,165.53125,165.53125,
2000-11-13,168.47917,168.47917,
2000-11-14,167.02083,167.02083,
2000-11-15,154.9375,154.9375,
2000-11-16,149.29167,149.29167,
2000-11-17,159.75,159.75,
2000-11-18,139.33333,139.33333,
2000-11-19,139.13542,139.13542,
2000-11-20,167.17708,167.17708,
2000-11-21,171.20833,171.20833,
2000-11-22,181.47917,181.47917,
2000-11-23,200.19792,200.19792,
2000-11-24,222.22917,222.22917,
2000-11-25,207.86458,207.86458,
2000-11-26,205.79167,205.79167,
2000-11-27,201.92708,201.92708,
2000-11-28,193.53125,193.53125,
2000-11-29,187.0,187.0,
2000-11-30,165.20833,165.20833,
2000-12-01,161.80208,161.80208,
2000-12-02,156.54167,156.54167,
2000-12-03,157.6875,157.6875,
2000-12-04,148.26042,148.26042,
2000-12-05,156.80208,156.80208,
2000-12-06,137.55208,137.55208,
2000-12-07,130.88542,130.88542,
2000-12-08,149.84375,149.84375,
2000-12-09,158.25,158.25,
2000-12-10,184.17857,184.17857,
2000-12-12,163.58824,163.58824,
2000-12-13,160.29167,160.29167,
2000-12-14,167.32292,167.32292,
2000-12-15,170.97917,170.97917,
2000-12-16,166.63542,166.63542,
2000-12-17,157.5,157.5,
2000-12-25,124.80882,124.80882,
2000-12-26,112.96429,112.96429,
2001-02-16,168.48529,168.48529,
2001-02-17,147.92708,147.92708,
2001-02-18,146.6875,146.6875,
2001-02-19,146.98958,146.98958,
2001-02-20,150.3125,150.3125,
2001-02-21,148.0625,148.0625,
2001-02-22,155.82292,155.82292,
2001-02-23,162.94792,162.94792,
2001-02-24,171.25,171.25,
2001-02-25,168.23958,168.23958,
2001-02-26,162.5625,162.5625,
2001-02-27,161.44792,161.44792,
2001-02-28,154.58333,154.58333,
2001-03-01,166.64583,166.64583,
2001-03-02,167.19792,167.19792,
2001-03-03,159.30208,159.30208,
2001-03-04,155.04167,155.04167,
2001-03-05,154.85417,154.85417,
2001-03-06,144.33333,144.33333,
2001-03-07,141.04167,141.04167,
2001-03-08,145.79167,145.79167,
2001-03-09,150.6875,150.6875,
2001-03-10,152.34375,152.34375,
2001-03-11,164.90625,164.90625,
2001-03-12,145.22917,145.22917,
2001-03-13,144.4375,144.4375,
2001-03-14,139.39583,139.39583,
2001-03-15,128.625,128.625,
2001-03-16,122.96875,122.96875,
2001-03-17,123.875,123.875,
2001-03-18,159.0625,159.0625,
2001-03-19,168.875,168.875,
2001-03-20,156.29167,156.29167,
2001-03-21,150.76042,150.76042,
2001-03-22,154.57292,154.57292,
2001-03-23,162.61458,162.61458,
2001-03-24,178.78125,178.78125,
2001-03-25,197.9375,197.9375,
2001-03-26,223.04167,223.04167,
2001-03-27,254.89583,254.89583,
2001-03-28,300.46875,300.46875,
2001-03-29,351.8646,351.8646,
2001-03-30,356.3021,356.3021,
2001-03-31,338.27084,338.27084,
2001-04-01,314.27084,314.27084,
2001-04-02,305.02084,305.02084,
2001-04-03,400.7396,400.7396,
2001-04-04,610.2083,610.2083,
2001-04-05,766.98956,766.98956,
2001-04-06,879.1667,879.1667,
2001-04-07,805.48956,805.48956,
2001-04-08,653.5833,653.5833,
2001-04-09,515.88544,515.88544,
2001-04-10,456.79166,456.79166,
2001-04-11,439.58334,439.58334,
2001-04-12,426.4896,426.4896,
2001-04-13,438.53125,438.53125,
2001-04-14,386.59375,386.59375,
2001-04-15,371.8854,371.8854,
2001-04-16,381.28125,381.28125,
2001-04-17,598.15625,598.15625,
2001-04-18,1210.8541,1210.8541,
2001-04-19,1495.4166,1495.4166,
2001-04-20,1692.6041,1692.6041,
2001-04-21,1535.1041,1535.1041,
2001-04-22,1185.0,1185.0,
2001-04-23,943.07294,943.07294,
2001-04-24,772.5417,772.5417,
2001-04-25,792.5417,792.5417,
2001-04-26,796.0833,796.0833,
2001-04-27,1088.0555,1088.0555,
2001-04-28,1132.9166,1132.9166,
2001-04-29,1287.6041,1287.6041,
2001-04-30,1288.125,1288.125,
2001-05-01,1226.7709,1226.7709,
2001-05-02,1283.4375,1283.4375,
2001-05-03,1251.1459,1251.1459,
2001-05-04,1158.5416,1158.5416,
2001-05-05,1018.75,1018.75,
2001-05-06,1035.9688,1035.9688,
2001-05-07,1059.6979,1059.6979,
2001-05-08,977.1667,977.1667,
2001-05-09,908.88544,908.88544,
2001-05-10,889.6667,889.6667,
2001-05-11,884.1875,884.1875,
2001-05-12,900.44794,900.44794,
2001-05-13,949.4375,949.4375,
2001-05-14,999.42706,999.42706,
2001-05-15,1139.8229,1139.8229,
2001-05-16,1176.25,1176.25,
2001-05-17,1158.125,1158.125,
2001-05-18,1125.2084,1125.2084,
2001-05-19,1099.8959,1099.8959,
2001-05-20,1085.7396,1085.7396,
2001-05-21,1148.3334,1148.3334,
2001-05-22,1051.1771,1051.1771,
2001-05-23,907.07294,907.07294,
2001-05-24,847.8542,847.8542,
2001-05-25,864.48956,864.48956,
2001-05-26,902.61456,902.61456,
2001-05-27,856.2292,856.2292,
2001-05-28,853.69794,853.69794,
2001-05-29,890.30206,890.30206,
2001-05-30,899.13544,899.13544,
2001-05-31,768.26044,768.26044,
2001-06-01,758.98956,758.98956,
2001-06-02,799.7917,799.7917,
2001-06-03,832.78125,832.78125,
2001-06-04,787.125,787.125,
2001-06-05,695.19446,695.19446,
2001-06-06,586.30206,586.30206,
2001-06-07,553.42706,553.42706,
2001-06-08,655.07294,655.07294,
2001-06-09,679.8958,679.8958,
2001-06-10,666.48956,666.48956,
2001-06-11,724.65625,724.65625,
2001-06-12,740.26044,740.26044,
2001-06-13,691.9792,691.9792,
2001-06-14,613.1667,613.1667,
2001-06-15,562.2708,562.2708,
2001-06-16,446.875,446.875,
2001-06-17,357.0,357.0,
2001-06-18,352.28125,352.28125,
2001-06-19,410.5,410.5,
2001-06-20,443.25,443.25,
2001-06-21,458.20834,458.20834,
2001-06-22,447.1146,447.1146,
2001-06-23,444.1354,444.1354,
2001-06-24,444.27084,444.27084,
2001-06-25,423.75,423.75,
2001-06-26,410.34375,410.34375,
2001-06-27,407.6146,407.6146,
2001-06-28,430.5,430.5,
2001-07-12,413.05554,413.05554,
2001-07-13,374.77084,374.77084,
2001-07-14,383.27084,383.27084,
2001-07-15,514.3125,514.3125,
2001-07-16,459.72916,459.72916,
2001-07-17,385.47916,385.47916,
2001-07-18,312.04166,312.04166,
2001-07-19,229.16667,229.16667,
2001-07-20,182.66667,182.66667,
2001-07-21,164.02083,164.02083,
2001-07-22,151.46875,151.46875,
2001-07-23,139.80208,139.80208,
2001-07-24,130.38542,130.38542,
2001-07-25,119.8125,119.8125,
2001-07-26,110.229164,110.229164,
2001-07-27,124.75,124.75,
2001-07-28,122.46875,122.46875,
2001-07-29,112.979164,112.979164,
2001-07-30,103.729164,103.729164,
2001-07-31,93.125,93.125,
2001-08-01,84.71875,84.71875,
2001-08-02,80.760414,80.760414,
2001-08-03,124.791664,124.791664,
2001-08-04,229.77083,229.77083,
2001-08-05,294.41666,294.41666,
2001-08-06,356.29166,356.29166,
2001-08-07,316.5521,316.5521,
2001-08-08,288.35416,288.35416,
2001-08-09,359.3854,359.3854,
2001-08-10,591.63544,591.63544,
2001-08-11,444.10416,444.10416,
2001-08-12,406.3125,406.3125,
2001-08-13,316.70834,316.70834,
2001-08-14,292.66666,292.66666,
2001-08-15,513.7708,513.7708,
2001-08-16,418.2396,418.2396,
2001-08-17,268.4271,268.4271,
2001-08-18,274.58334,274.58334,
2001-08-31,134.33333,134.33333,
2001-09-01,136.67708,136.67708,
2001-09-02,143.10417,143.10417,
2001-09-03,174.57292,174.57292,
2001-09-04,135.89583,135.89583,
2001-09-05,126.65625,126.65625,
2001-09-06,117.96875,117.96875,
2001-09-07,114.0,114.0,
2001-09-08,109.645836,109.645836,
2001-09-09,100.572914,100.572914,
2001-09-10,93.229164,93.229164,
2001-09-11,90.65263,90.65263,
2001-09-12,89.28421,89.28421,
2001-09-13,87.34375,87.34375,
2001-09-14,131.14583,131.14583,
2001-09-15,95.166664,95.166664,
2001-09-16,91.677086,91.677086,
2001-09-17,91.354164,91.354164,
2001-09-18,108.510414,108.510414,
2001-09-19,122.604164,122.604164,
2001-09-20,92.635414,92.635414,
2001-09-21,94.729164,94.729164,
2001-09-22,92.760414,92.760414,
2001-09-23,91.40625,91.40625,
2001-09-24,89.21875,89.21875,
2001-09-25,85.354164,85.354164,
2001-09-26,82.09375,82.09375,
2001-09-27,82.520836,82.520836,
2001-09-28,81.239586,81.239586,
2001-09-29,77.6875,77.6875,
2001-09-30,75.4375,75.4375,
2001-10-01,72.3125,72.3125,
2001-10-02,70.291664,70.291664,
2001-10-03,67.5,67.5,
2001-10-04,66.458336,66.458336,
2001-10-05,65.25,65.25,
2001-10-06,64.895836,64.895836,
2001-10-07,64.979164,64.979164,
2001-10-08,63.583332,63.583332,
2001-10-09,64.666664,64.666664,
2001-10-13,146.22223,146.22223,
2001-10-14,177.86458,177.86458,
2001-10-15,164.1875,164.1875,
2001-10-16,135.35417,135.35417,
2001-10-17,129.375,129.375,
2001-10-18,127.625,127.625,
2001-10-19,124.5625,124.5625,
2001-10-20,123.0625,123.0625,
2001-10-21,122.125,122.125,
2001-10-22,122.84375,122.84375,
2001-10-23,122.09375,122.09375,
2001-10-24,119.9375,119.9375,
2001-10-25,121.375,121.375,
2001-10-26,120.03125,120.03125,
2001-10-27,120.5625,120.5625,
2001-10-28,119.891304,119.891304,
2001-10-29,121.84375,121.84375,
2001-10-30,124.84375,124.84375,
2001-10-31,123.25,123.25,
2001-11-01,124.84375,124.84375,
2001-11-02,124.40625,124.40625,
2001-11-03,125.03125,125.03125,
2001-11-04,123.59375,123.59375,
2001-11-05,123.375,123.375,
2001-11-06,123.90625,123.90625,
2001-11-07,124.9375,124.9375,
2001-11-08,125.84375,125.84375,
2001-11-09,123.65625,123.65625,
2001-11-10,124.71875,124.71875,
2001-11-11,125.75,125.75,
2001-11-12,122.65625,122.65625,
2001-11-13,122.0,122.0,
2001-11-14,122.875,122.875,
2001-11-15,124.15625,124.15625,
2001-11-16,124.21875,124.21875,
2001-11-17,123.40625,123.40625,
2001-11-18,122.59375,122.59375,
2001-11-19,118.875,118.875,
2001-11-20,100.958336,100.958336,
2001-11-21,91.645836,91.645836,
2001-11-22,91.760414,91.760414,
2001-11-23,93.583336,93.583336,
2001-11-24,97.625,97.625,
2001-11-25,107.78125,107.78125,
2001-11-26,144.34375,144.34375,
2001-11-27,153.75,153.75,
2001-11-28,148.1875,148.1875,
2001-11-29,140.07292,140.07292,
2001-11-30,124.03125,124.03125,
2001-12-01,127.8125,127.8125,
2001-12-02,140.92708,140.92708,
2001-12-03,146.25,146.25,
2001-12-04,155.70833,155.70833,
2001-12-05,167.1875,167.1875,
2001-12-06,169.05208,169.05208,
2001-12-07,166.26042,166.26042,
2001-12-08,154.57292,154.57292,
2001-12-09,146.58333,146.58333,
2001-12-10,140.40625,140.40625,
2001-12-11,126.645836,126.645836,
2001-12-12,134.375,134.375,
2001-12-13,156.96875,156.96875,
2001-12-14,143.08333,143.08333,
2001-12-15,150.10417,150.10417,
2001-12-16,151.875,151.875,
2001-12-17,131.23958,131.23958,
2001-12-18,125.15625,125.15625,
2001-12-19,111.052086,111.052086,
2001-12-20,96.03125,96.03125,
2001-12-21,108.885414,108.885414,
2001-12-22,97.03571,97.03571,
2002-02-22,154.91176,154.91176,
2002-02-23,142.94792,142.94792,
2002-02-24,145.88542,145.88542,
2002-02-25,154.07292,154.07292,
2002-02-26,144.10417,144.10417,
2002-02-27,130.53125,130.53125,
2002-02-28,120.09375,120.09375,
2002-03-01,130.375,130.375,
2002-03-02,123.3125,123.3125,
2002-03-03,132.59375,132.59375,
2002-03-04,110.145836,110.145836,
2002-03-05,113.28125,113.28125,
2002-03-06,116.53125,116.53125,
2002-03-07,120.135414,120.135414,
2002-03-08,149.97917,149.97917,
2002-03-09,162.94792,162.94792,
2002-03-10,160.32292,160.32292,
2002-03-11,139.82292,139.82292,
2002-03-12,138.42708,138.42708,
2002-03-13,134.97917,134.97917,
2002-03-14,137.64583,137.64583,
2002-03-15,153.17708,153.17708,
2002-03-16,159.53125,159.53125,
2002-03-17,140.9375,140.9375,
2002-03-18,138.36458,138.36458,
2002-03-19,131.13542,131.13542,
2002-03-20,124.44211,124.44211,
2002-03-21,119.84375,119.84375,
2002-03-22,120.1875,120.1875,
2002-03-23,123.125,123.125,
2002-03-24,128.21875,128.21875,
2002-03-25,138.65625,138.65625,
2002-03-26,140.17708,140.17708,
2002-03-27,134.83333,134.83333,
2002-03-28,130.34375,130.34375,
2002-03-29,119.145836,119.145836,
2002-03-30,105.0625,105.0625,
2002-03-31,113.010414,113.010414,
2002-04-01,188.23958,188.23958,
2002-04-02,277.78125,277.78125,
2002-04-03,385.27084,385.27084,
2002-04-04,392.9271,392.9271,
2002-04-05,354.0625,354.0625,
2002-04-06,326.64584,326.64584,
2002-04-07,323.4479,323.4479,
2002-04-08,301.45834,301.45834,
2002-04-09,289.47916,289.47916,
2002-04-10,261.25,261.25,
2002-04-11,259.1979,259.1979,
2002-04-12,266.52084,266.52084,
2002-04-13,259.54166,259.54166,
2002-04-14,260.0625,260.0625,
2002-04-15,266.04166,266.04166,
2002-04-16,254.73958,254.73958,
2002-04-17,251.73958,251.73958,
2002-04-18,215.38542,215.38542,
2002-04-19,190.54167,190.54167,
2002-04-20,164.82292,164.82292,
2002-04-21,149.02083,149.02083,
2002-04-22,143.21875,143.21875,
2002-04-23,141.08333,141.08333,
2002-04-24,127.0625,127.0625,
2002-04-25,119.09375,119.09375,
2002-04-26,126.78125,126.78125,
2002-04-27,134.65625,134.65625,
2002-04-28,158.89583,158.89583,
2002-04-29,149.09375,149.09375,
2002-04-30,133.1875,133.1875,
2002-05-01,108.572914,108.572914,
2002-05-02,98.270836,98.270836,
2002-05-03,97.84375,97.84375,
2002-05-04,106.135414,106.135414,
2002-05-05,101.989586,101.989586,
2002-05-06,91.572914,91.572914,
2002-05-07,81.072914,81.072914,
2002-05-08,79.0,79.0,
2002-05-09,95.614586,95.614586,
2002-05-10,114.604164,114.604164,
2002-05-11,115.354164,115.354164,
2002-05-12,105.666664,105.666664,
2002-05-13,110.1875,110.1875,
2002-05-14,102.197914,102.197914,
2002-05-15,111.020836,111.020836,
2002-05-16,104.9375,104.9375,
2002-05-17,123.96875,123.96875,
2002-05-18,134.97917,134.97917,
2002-05-19,132.22917,132.22917,
2002-05-20,147.4375,147.4375,
2002-05-21,165.3125,165.3125,
2002-05-22,141.53125,141.53125,
2002-05-23,157.92708,157.92708,
2002-05-24,137.69792,137.69792,
2002-05-25,128.38542,128.38542,
2002-05-26,119.333336,119.333336,
2002-05-27,101.375,101.375,
2002-05-28,95.177086,95.177086,
2002-05-29,101.947914,101.947914,
2002-05-30,95.177086,95.177086,
2002-05-31,99.333336,99.333336,
2002-06-01,137.25,137.25,
2002-06-02,161.61458,161.61458,
2002-06-03,165.26042,165.26042,
2002-06-04,151.09375,151.09375,
2002-06-05,144.4375,144.4375,
2002-06-06,117.625,117.625,
2002-06-07,99.166664,99.166664,
2002-06-08,96.697914,96.697914,
2002-06-09,112.552086,112.552086,
2002-06-10,118.197914,118.197914,
2002-06-11,112.625,112.625,
2002-06-12,109.364586,109.364586,
2002-06-13,101.958336,101.958336,
2002-06-14,86.270836,86.270836,
2002-06-15,80.572914,80.572914,
2002-06-16,72.625,72.625,
2002-06-17,64.645836,64.645836,
2002-06-18,59.84375,59.84375,
2002-06-19,50.90625,50.90625,
2002-06-20,46.75,46.75,
2002-06-21,39.822918,39.822918,
2002-06-22,36.59375,36.59375,
2002-06-23,31.260416,31.260416,
2002-06-24,24.104166,24.104166,
2002-06-25,21.9375,21.9375,
2002-06-26,19.895834,19.895834,
2002-06-27,17.177084,17.177084,
2002-06-28,13.770833,13.770833,
2002-06-29,13.0,13.0,
2002-06-30,12.083333,12.083333,
2002-07-01,11.989583,11.989583,
2002-07-02,11.25,11.25,
2002-07-03,9.691667,9.691667,
2002-07-27,13.736111,13.736111,
2002-07-28,11.875,11.875,
2002-08-07,27.833334,27.833334,
2002-08-08,31.510416,31.510416,
2002-08-09,18.75,18.75,
2002-08-10,17.197916,17.197916,
2002-08-11,15.395833,15.395833,
2002-08-12,12.2875,12.2875,
2002-08-13,10.025,10.025,
2002-08-25,18.916666,18.916666,
2002-08-26,13.802083,13.802083,
2002-08-27,11.375,11.375,
2002-09-11,113.72222,113.72222,
2002-09-12,201.84375,201.84375,
2002-09-13,971.25,971.25,
2002-09-14,701.86456,701.86456,
2002-09-15,352.2604,352.2604,
2002-09-16,294.3021,294.3021,
2002-09-17,187.625,187.625,
2002-09-18,150.80208,150.80208,
2002-09-19,171.80208,171.80208,
2002-09-20,158.41667,158.41667,
2002-09-21,141.58333,141.58333,
2002-09-22,120.5625,120.5625,
2002-09-23,96.75,96.75,
2002-09-24,84.697914,84.697914,
2002-09-25,74.0625,74.0625,
2002-09-26,67.979164,67.979164,
2002-09-27,66.666664,66.666664,
2002-09-28,63.916668,63.916668,
2002-09-29,67.375,67.375,
2002-09-30,87.927086,87.927086,
2002-10-01,103.2,103.2,
2002-10-02,72.645836,72.645836,
2002-10-03,88.645836,88.645836,
2002-10-04,216.07292,216.07292,
2002-10-05,188.89583,188.89583,
2002-10-06,163.95833,163.95833,
2002-10-07,133.17708,133.17708,
2002-10-08,109.125,109.125,
2002-10-09,96.885414,96.885414,
2002-10-10,91.302086,91.302086,
2002-10-11,90.71875,90.71875,
2002-10-12,88.333336,88.333336,
2002-10-13,83.84375,83.84375,
2002-10-14,83.635414,83.635414,
2002-10-15,82.541664,82.541664,
2002-10-16,100.0625,100.0625,
2002-10-17,108.416664,108.416664,
2002-10-18,106.802086,106.802086,
2002-10-19,104.916664,104.916664,
2002-10-20,104.15625,104.15625,
2002-10-21,103.302086,103.302086,
2002-10-22,99.979164,99.979164,
2002-10-23,98.03125,98.03125,
2002-10-24,107.90625,107.90625,
2002-10-25,129.97917,129.97917,
2002-10-26,126.34375,126.34375,
2002-10-27,122.565216,122.565216,
2002-10-28,236.26042,236.26042,
2002-10-29,203.53125,203.53125,
2002-10-30,192.44792,192.44792,
2002-10-31,147.71875,147.71875,
2002-11-01,124.9375,124.9375,
2002-11-02,125.46875,125.46875,
2002-11-03,118.03125,118.03125,
2002-11-04,113.3125,113.3125,
2002-11-05,107.125,107.125,
2002-11-06,101.958336,101.958336,
2002-11-07,102.78125,102.78125,
2002-11-08,102.677086,102.677086,
2002-11-09,113.322914,113.322914,
2002-11-10,125.510414,125.510414,
2002-11-11,430.2551,430.2551,
2002-11-12,231.29167,231.29167,
2002-11-13,150.48958,150.48958,
2002-11-14,134.0,134.0,
2002-11-15,123.90625,123.90625,
2002-11-16,125.34375,125.34375,
2002-11-17,119.21875,119.21875,
2002-11-18,113.625,113.625,
2002-11-19,106.145836,106.145836,
2002-11-20,113.125,113.125,
2002-11-21,108.104164,108.104164,
2002-11-22,105.1875,105.1875,
2002-11-23,100.0,100.0,
2002-11-24,91.708336,91.708336,
2002-11-25,87.552086,87.552086,
2002-11-26,89.59375,89.59375,
2002-11-27,88.239586,88.239586,
2002-11-28,85.395836,85.395836,
2002-11-29,82.760414,82.760414,
2002-11-30,87.625,87.625,
2002-12-01,97.958336,97.958336,
2002-12-02,100.65625,100.65625,
2002-12-03,115.625,115.625,
2002-12-04,104.802086,104.802086,
2002-12-05,105.291664,105.291664,
2002-12-06,106.041664,106.041664,
2002-12-07,98.302086,98.302086,
2002-12-08,102.645836,102.645836,
2002-12-09,97.760414,97.760414,
2002-12-10,91.302086,91.302086,
2002-12-11,79.239586,79.239586,
2002-12-12,69.5,69.5,
2002-12-13,79.10714,79.10714,
2002-12-14,84.92647,84.92647,
2002-12-15,92.583336,92.583336,
2002-12-16,98.34375,98.34375,
2002-12-17,93.979164,93.979164,
2002-12-18,111.28125,111.28125,
2002-12-19,116.03125,116.03125,
2002-12-20,113.32143,113.32143,
2002-12-21,87.411766,87.411766,
2002-12-22,95.96875,95.96875,
2002-12-23,77.447914,77.447914,
2002-12-24,94.635414,94.635414,
2002-12-25,90.197914,90.197914,
2002-12-26,83.458336,83.458336,
2002-12-27,86.793816,86.793816,
2002-12-28,84.09278,84.09278,
2002-12-29,89.103096,89.103096,
2002-12-30,83.61855,83.61855,
2002-12-31,79.4433,79.4433,
2003-01-01,85.96429,85.96429,
2003-01-02,100.072464,100.072464,
2003-01-03,85.35714,85.35714,
2003-01-06,97.411766,97.411766,
2003-01-07,103.854164,103.854164,
2003-01-08,99.635414,99.635414,
2003-01-09,88.96429,88.96429,
2003-01-25,94.617645,94.617645,
2003-01-26,100.4375,100.4375,
2003-01-27,100.552086,100.552086,
2003-01-28,92.697914,92.697914,
2003-01-29,96.21429,96.21429,
2003-01-31,91.20588,91.20588,
2003-02-01,91.916664,91.916664,
2003-02-02,95.947914,95.947914,
2003-02-03,103.052086,103.052086,
2003-02-04,98.770836,98.770836,
2003-02-05,95.53125,95.53125,
2003-02-06,88.541664,88.541664,
2003-02-07,86.5625,86.5625,
2003-02-08,75.895836,75.895836,
2003-02-09,64.114586,64.114586,
2003-02-10,70.104164,70.104164,
2003-02-11,64.270836,64.270836,
2003-02-12,71.9375,71.9375,
2003-02-13,83.885414,83.885414,
2003-02-14,112.40625,112.40625,
2003-02-15,149.9375,149.9375,
2003-02-16,202.11458,202.11458,
2003-02-17,215.42708,215.42708,
2003-02-18,158.38542,158.38542,
2003-02-19,146.34375,146.34375,
2003-02-20,140.30208,140.30208,
2003-02-21,126.46875,126.46875,
2003-02-22,118.78125,118.78125,
2003-02-23,110.333336,110.333336,
2003-02-24,107.333336,107.333336,
2003-02-25,103.895836,103.895836,
2003-02-26,105.166664,105.166664,
2003-02-27,126.09375,126.09375,
2003-02-28,120.5625,120.5625,
2003-03-01,119.21875,119.21875,
2003-03-02,123.75,123.75,
2003-03-03,119.78125,119.78125,
2003-03-04,115.0,115.0,
2003-03-05,108.15625,108.15625,
2003-03-06,111.229164,111.229164,
2003-03-07,111.84375,111.84375,
2003-03-08,105.145836,105.145836,
2003-03-09,106.395836,106.395836,
2003-03-10,109.09375,109.09375,
2003-03-11,109.604164,109.604164,
2003-03-12,112.75,112.75,
2003-03-13,131.33333,131.33333,
2003-03-14,169.11458,169.11458,
2003-03-15,212.36458,212.36458,
2003-03-16,238.48958,238.48958,
2003-03-17,237.17708,237.17708,
2003-03-18,247.39583,247.39583,
2003-03-19,212.80208,212.80208,
2003-03-20,200.89583,200.89583,
2003-03-21,195.75,195.75,
2003-03-22,171.3125,171.3125,
2003-03-23,145.75,145.75,
2003-03-24,131.5625,131.5625,
2003-03-25,127.21875,127.21875,
2003-03-26,186.13542,186.13542,
2003-03-27,211.84375,211.84375,
2003-03-28,281.4896,281.4896,
2003-03-29,302.96875,302.96875,
2003-03-30,252.76042,252.76042,
2003-03-31,217.0,217.0,
2003-04-01,196.23958,196.23958,
2003-04-02,236.39583,236.39583,
2003-04-03,357.8125,357.8125,
2003-04-04,448.08334,448.08334,
2003-04-05,436.84375,436.84375,
2003-04-06,347.4479,347.4479,
2003-04-07,313.84375,313.84375,
2003-04-08,299.15625,299.15625,
2003-04-09,279.3646,279.3646,
2003-04-10,265.52084,265.52084,
2003-04-11,365.85416,365.85416,
2003-04-12,704.05206,704.05206,
2003-04-13,1000.32294,1000.32294,
2003-04-14,1089.2709,1089.2709,
2003-04-15,1221.8438,1221.8438,
2003-04-16,1162.5938,1162.5938,
2003-04-17,887.75,887.75,
2003-04-18,879.8542,879.8542,
2003-04-19,827.17706,827.17706,
2003-04-20,673.0208,673.0208,
2003-04-21,564.9792,564.9792,
2003-04-22,552.2708,552.2708,
2003-04-23,580.3542,580.3542,
2003-04-24,531.5895,531.5895,
2003-04-25,458.20834,458.20834,
2003-04-26,460.84375,460.84375,
2003-04-27,638.59375,638.59375,
2003-04-28,753.1042,753.1042,
2003-04-29,705.8333,705.8333,
2003-04-30,654.3958,654.3958,
2003-05-01,584.3958,584.3958,
2003-05-02,550.28125,550.28125,
2003-05-03,516.05206,516.05206,
2003-05-04,502.90625,502.90625,
2003-05-05,506.33334,506.33334,
2003-05-06,497.54166,497.54166,
2003-05-07,445.7604,445.7604,
2003-05-08,388.28125,388.28125,
2003-05-09,355.60416,355.60416,
2003-05-10,348.21875,348.21875,
2003-05-11,318.15625,318.15625,
2003-05-12,301.9896,301.9896,
2003-05-13,283.3229,283.3229,
2003-05-14,286.4896,286.4896,
2003-05-15,377.27084,377.27084,
2003-05-16,512.75,512.75,
2003-05-17,568.71875,568.71875,
2003-05-18,585.96875,585.96875,
2003-05-19,727.80206,727.80206,
2003-05-20,763.76044,763.76044,
2003-05-21,710.32294,710.32294,
2003-05-22,713.0625,713.0625,
2003-05-23,796.4583,796.4583,
2003-05-24,900.59375,900.59375,
2003-05-25,977.59375,977.59375,
2003-05-26,964.1875,964.1875,
2003-05-27,949.7083,949.7083,
2003-05-28,1003.9375,1003.9375,
2003-05-29,1137.3021,1137.3021,
2003-05-30,1190.2084,1190.2084,
2003-05-31,1197.1875,1197.1875,
2003-06-01,1145.3125,1145.3125,
2003-06-02,1089.6875,1089.6875,
2003-06-03,1094.1354,1094.1354,
2003-06-04,1010.6458,1010.6458,
2003-06-05,928.125,928.125,
2003-06-06,883.9583,883.9583,
2003-06-07,783.17706,783.17706,
2003-06-08,680.96875,680.96875,
2003-06-09,610.8125,610.8125,
2003-06-10,639.30206,639.30206,
2003-06-11,620.9167,620.9167,
2003-06-12,598.6042,598.6042,
2003-06-13,557.1458,557.1458,
2003-06-14,481.4375,481.4375,
2003-06-15,411.28125,411.28125,
2003-06-16,385.6875,385.6875,
2003-06-17,405.7604,405.7604,
2003-06-18,360.79166,360.79166,
2003-06-19,311.78125,311.78125,
2003-06-20,302.3021,302.3021,
2003-06-21,315.89584,315.89584,
2003-06-22,300.39584,300.39584,
2003-06-23,277.47916,277.47916,
2003-06-24,284.91666,284.91666,
2003-06-25,271.46875,271.46875,
2003-06-26,253.59375,253.59375,
2003-06-27,223.72917,223.72917,
2003-06-28,225.36458,225.36458,
2003-06-29,218.17708,218.17708,
2003-06-30,208.75,208.75,
2003-07-01,188.54167,188.54167,
2003-07-02,187.02083,187.02083,
2003-07-03,168.25,168.25,
2003-07-04,170.9375,170.9375,
2003-07-05,162.82292,162.82292,
2003-07-06,155.48958,155.48958,
2003-07-07,145.61458,145.61458,
2003-07-08,127.572914,127.572914,
2003-07-09,114.3125,114.3125,
2003-07-10,104.010414,104.010414,
2003-07-11,96.625,96.625,
2003-07-12,84.604164,84.604164,
2003-07-13,75.5625,75.5625,
2003-07-14,70.1875,70.1875,
2003-07-15,66.354164,66.354164,
2003-07-16,55.645832,55.645832,
2003-07-17,49.84375,49.84375,
2003-07-18,48.84375,48.84375,
2003-07-19,44.677082,44.677082,
2003-07-20,41.541668,41.541668,
2003-07-21,41.583332,41.583332,
2003-07-22,64.229164,64.229164,
2003-07-23,47.84375,47.84375,
2003-07-24,42.229168,42.229168,
2003-07-25,41.583332,41.583332,
2003-07-26,31.864584,31.864584,
2003-07-27,33.197918,33.197918,
2003-07-28,85.1875,85.1875,
2003-07-29,63.958332,63.958332,
2003-07-30,53.479168,53.479168,
2003-07-31,51.635418,51.635418,
2003-08-01,96.583336,96.583336,
2003-08-02,72.520836,72.520836,
2003-08-03,64.364586,64.364586,
2003-08-04,82.5,82.5,
2003-08-05,134.72917,134.72917,
2003-08-06,104.354164,104.354164,
2003-08-07,67.270836,67.270836,
2003-08-08,51.770832,51.770832,
2003-08-09,44.208332,44.208332,
2003-08-10,38.395832,38.395832,
2003-08-11,36.8125,36.8125,
2003-08-12,36.21875,36.21875,
2003-08-13,33.34375,33.34375,
2003-08-14,26.96875,26.96875,
2003-08-15,26.927084,26.927084,
2003-08-16,72.489586,72.489586,
2003-08-17,159.88542,159.88542,
2003-08-18,336.89584,336.89584,
2003-08-19,184.01042,184.01042,
2003-08-20,139.17708,139.17708,
2003-08-21,118.895836,118.895836,
2003-08-22,112.229164,112.229164,
2003-08-23,94.364586,94.364586,
2003-08-24,105.104164,105.104164,
2003-08-25,88.78125,88.78125,
2003-08-26,82.90625,82.90625,
2003-08-27,93.5,93.5,
2003-08-28,136.69792,136.69792,
2003-08-29,87.947914,87.947914,
2003-08-30,84.0625,84.0625,
2003-08-31,108.916664,108.916664,
2003-09-01,132.0,132.0,
2003-09-02,112.958336,112.958336,
2003-09-03,106.791664,106.791664,
2003-09-04,89.166664,89.166664,
2003-09-05,88.625,88.625,
2003-09-06,83.65625,83.65625,
2003-09-07,262.71875,262.71875,
2003-09-08,215.90625,215.90625,
2003-09-09,160.08333,160.08333,
2003-09-10,241.20833,241.20833,
2003-09-11,2357.2917,2357.2917,
2003-09-12,1264.1354,1264.1354,
2003-09-13,545.26044,545.26044,
2003-09-14,414.4271,414.4271,
2003-09-15,389.72916,389.72916,
2003-09-16,348.6354,348.6354,
2003-09-17,255.25,255.25,
2003-09-18,219.28125,219.28125,
2003-09-19,204.40625,204.40625,
2003-09-20,184.90625,184.90625,
2003-09-21,163.38542,163.38542,
2003-09-22,124.59375,124.59375,
2003-09-23,119.125,119.125,
2003-09-24,105.697914,105.697914,
2003-09-25,99.28125,99.28125,
2003-09-26,91.78125,91.78125,
2003-09-27,85.572914,85.572914,
2003-09-28,87.135414,87.135414,
2003-09-29,79.8125,79.8125,
2003-09-30,87.84375,87.84375,
2003-10-01,83.302086,83.302086,3.561111
2003-10-02,80.458336,80.458336,3.5729165
2003-10-03,79.979164,79.979164,3.5791667
2003-10-04,102.166664,102.166664,3.5416665
2003-10-05,158.23958,158.23958,3.5083332
2003-10-06,201.11458,201.11458,3.4958334
2003-10-07,157.92708,157.92708,3.471875
2003-10-08,121.291664,121.291664,3.390625
2003-10-09,109.364586,109.364586,3.3979168
2003-10-10,103.947914,103.947914,3.3947918
2003-10-11,96.125,96.125,3.3916667
2003-10-12,104.46875,104.46875,3.39375
2003-10-13,124.666664,124.666664,3.3552084
2003-10-14,130.375,130.375,3.3635416
2003-10-15,,,3.3645835
2003-10-16,138.09723,138.09723,3.3489583
2003-10-17,131.86458,131.86458,3.35625
2003-10-18,128.21875,128.21875,3.3583333
2003-10-19,127.09375,127.09375,3.3604167
2003-10-20,123.6875,123.6875,3.3447917
2003-10-21,116.15625,116.15625,3.3552084
2003-10-22,114.625,114.625,3.3385417
2003-10-23,118.90625,118.90625,3.3291667
2003-10-24,123.40625,123.40625,3.3166666
2003-10-25,120.6875,120.6875,3.26875
2003-10-26,118.53125,118.53125,3.2854166
2003-10-27,130.23958,130.23958,3.3062499
2003-10-28,120.40625,120.40625,3.315625
2003-10-29,112.71875,112.71875,3.321875
2003-10-30,115.59375,115.59375,3.240625
2003-10-31,113.375,113.375,3.4833333
2003-11-01,110.8125,110.8125,3.5885417
2003-11-02,110.84375,110.84375,2.8104167
2003-11-03,114.6875,114.6875,2.859375
2003-11-04,115.125,115.125,2.8322916
2003-11-05,124.5625,124.5625,2.7677083
2003-11-06,133.71875,133.71875,2.6708333
2003-11-07,131.55208,131.55208,2.621875
2003-11-08,125.59375,125.59375,2.625
2003-11-09,123.71875,123.71875,2.6083333
2003-11-10,125.375,125.375,2.6145833
2003-11-11,124.34375,124.34375,2.5947917
2003-11-12,129.34375,129.34375,2.6072917
2003-11-13,128.40625,128.40625,2.6229167
2003-11-14,125.15625,125.15625,2.6208332
2003-11-15,128.78125,128.78125,2.6
2003-11-16,128.75,128.75,2.6385417
2003-11-17,128.78125,128.78125,2.6322916
2003-11-18,123.4375,123.4375,2.628125
2003-11-19,121.25,121.25,2.6375
2003-11-20,120.96875,120.96875,2.6333332
2003-11-21,104.177086,104.177086,2.5916667
2003-11-22,88.28125,88.28125,2.6229167
2003-11-23,85.395836,85.395836,2.259479
2003-11-24,88.59375,88.59375,1.9041667
2003-11-25,82.177086,82.177086,2.5458333
2003-11-26,92.0625,92.0625,2.5749998
2003-11-27,106.635414,106.635414,2.475
2003-11-28,117.5625,117.5625,2.2840626
2003-11-29,104.1875,104.1875,2.384375
2003-11-30,100.479164,100.479164,2.378125
2003-12-01,109.947914,109.947914,2.390625
2003-12-02,112.979164,112.979164,2.3833334
2003-12-03,118.666664,118.666664,2.3885417
2003-12-04,115.3125,115.3125,2.4
2003-12-05,108.020836,108.020836,2.4
2003-12-06,115.03125,115.03125,2.3958335
2003-12-07,121.34375,121.34375,2.3822918
2003-12-08,129.33333,129.33333,2.446875
2003-12-09,120.28125,120.28125,2.4125001
2003-12-10,123.34375,123.34375,2.4
2003-12-11,117.5,117.5,2.5617647
2003-12-12,98.541664,98.541664,2.5891666
2003-12-13,91.6875,91.6875,2.5395832
2003-12-14,89.145836,89.145836,2.5270834
2003-12-15,105.65625,105.65625,2.5607142
2003-12-16,96.270836,96.270836,
2003-12-17,97.447914,97.447914,
2003-12-18,89.25,89.25,
2003-12-19,96.28125,96.28125,1.9544117
2003-12-20,105.447914,105.447914,1.9125
2003-12-21,114.09375,114.09375,1.89375
2003-12-22,110.239586,110.239586,1.8406249
2003-12-23,127.604164,127.604164,1.7937499
2003-12-24,116.8125,116.8125,1.7927083
2003-12-25,112.947914,112.947914,1.7614583
2003-12-26,113.114586,113.114586,1.7583333
2003-12-27,129.78572,129.78572,1.759375
2003-12-28,116.72059,116.72059,1.7464286
2003-12-29,112.625,112.625,
2003-12-30,107.46429,107.46429,1.742647
2003-12-31,,,1.7635417
2004-01-01,119.867645,119.867645,1.7322917
2004-01-02,137.04167,137.04167,1.7260417
2004-01-03,127.42857,127.42857,1.7552084
2004-01-04,128.52942,128.52942,1.7571429
2004-01-05,144.71875,144.71875,
2004-01-06,118.125,118.125,
2004-01-07,105.447914,105.447914,
2004-01-08,105.677086,105.677086,
2004-01-09,101.604164,101.604164,
2004-01-10,153.07143,153.07143,
2004-01-11,129.95589,129.95589,
2004-01-12,117.5,117.5,
2004-01-13,123.072914,123.072914,
2004-01-14,127.229164,127.229164,
2004-01-15,113.25,113.25,1.214706
2004-01-16,,,1.1979167
2004-01-17,,,1.1833334
2004-01-18,,,1.2114583
2004-01-19,,,1.2
2004-01-20,,,1.2
2004-01-21,,,1.2145834
2004-01-22,,,1.2
2004-01-25,,,1.2
2004-01-26,,,1.2
2004-01-28,,,1.0676471
2004-01-29,,,1.053125
2004-01-30,,,1.0552083
2004-01-31,,,1.059375
2004-02-01,,,1.0714285
2004-02-03,,,1.0323529
2004-02-04,,,1.0958333
2004-02-05,,,1.10625
2004-02-06,,,1.1035714
2004-02-08,,,1.0441177
2004-02-09,,,1.0392858
2004-02-15,,,1.0125
2004-02-16,,,1.0239583
2004-02-17,,,1.0083333
2004-02-18,154.69118,154.69118,1.0260416
2004-02-19,155.86458,155.86458,1.2
2004-02-20,150.92708,150.92708,1.1989584
2004-02-21,147.66667,147.66667,1.1979167
2004-02-22,190.30208,190.30208,1.1979167
2004-02-23,203.27083,203.27083,1.1968751
2004-02-24,182.02083,182.02083,1.1927084
2004-02-25,171.72917,171.72917,1.1822917
2004-02-26,164.19792,164.19792,1.15625
2004-02-27,160.79167,160.79167,1.1739584
2004-02-28,174.5,174.5,1.1010417
2004-02-29,194.98958,194.98958,1.053125
2004-03-01,186.01042,186.01042,1.0380208
2004-03-02,173.21875,173.21875,1.0255208
2004-03-03,160.91667,160.91667,1.0286459
2004-03-04,149.32292,149.32292,1.0161458
2004-03-05,172.03125,172.03125,1.0291667
2004-03-06,158.61458,158.61458,1.0119792
2004-03-07,128.41667,128.41667,1.0083333
2004-03-08,126.59375,126.59375,0.9947917
2004-03-09,139.8125,139.8125,0.99322915
2004-03-10,138.57292,138.57292,1.0223958
2004-03-11,129.83333,129.83333,1.025
2004-03-12,130.125,130.125,1.0395833
2004-03-13,132.1875,132.1875,1.0333333
2004-03-14,141.07292,141.07292,1.0354167
2004-03-15,147.47917,147.47917,1.0395833
2004-03-16,154.92708,154.92708,1.5552083
2004-03-17,179.75,179.75,3.19375
2004-03-18,213.47917,213.47917,3.2083333
2004-03-19,220.27083,220.27083,3.1260417
2004-03-20,244.73958,244.73958,3.0562499
2004-03-21,315.77084,315.77084,3.0322917
2004-03-22,485.58334,485.58334,3.3687499
2004-03-23,690.5625,690.5625,4.0260415
2004-03-24,858.3958,858.3958,4.0364585
2004-03-25,999.2917,999.2917,4.0364585
2004-03-26,1258.8541,1258.8541,4.04375
2004-03-27,1343.0209,1343.0209,4.0375
2004-03-28,1091.6771,1091.6771,4.0114584
2004-03-29,824.84375,824.84375,4.0354166
2004-03-30,678.40625,678.40625,4.1197915
2004-03-31,600.94794,600.94794,4.128125
2004-04-01,593.4167,593.4167,4.15
2004-04-02,667.875,667.875,4.15
2004-04-03,677.5208,677.5208,4.117708
2004-04-04,755.4792,755.4792,4.0979166
2004-04-05,809.26044,809.26044,4.48125
2004-04-06,959.67706,959.67706,2.2479167
2004-04-07,1138.75,1138.75,1.9520833
2004-04-08,1137.8125,1137.8125,1.9895834
2004-04-09,1108.5416,1108.5416,3.7875
2004-04-10,1160.625,1160.625,3.7124999
2004-04-11,1240.7291,1240.7291,3.6541667
2004-04-12,991.7708,991.7708,3.64375
2004-04-13,847.4375,847.4375,3.5958333
2004-04-14,762.46875,762.46875,3.4895833
2004-04-15,741.875,741.875,3.4645834
2004-04-16,710.0417,710.0417,3.4041667
2004-04-17,705.2917,705.2917,3.371875
2004-04-18,711.1458,711.1458,3.3760417
2004-04-19,737.25,737.25,3.3677084
2004-04-20,674.42706,674.42706,3.3520834
2004-04-21,582.6042,582.6042,3.3333333
2004-04-22,548.76044,548.76044,3.36875
2004-04-23,546.42706,546.42706,2.0529168
2004-04-24,528.4792,528.4792,2.778125
2004-04-25,521.7917,521.7917,2.703125
2004-04-26,479.84375,479.84375,2.6020832
2004-04-27,462.1771,462.1771,2.525
2004-04-28,466.8854,466.8854,2.7729168
2004-04-29,521.30206,521.30206,3.2791667
2004-04-30,612.53125,612.53125,3.3208332
2004-05-01,653.0833,653.0833,4.6666665
2004-05-02,664.59375,664.59375,4.7062497
2004-05-03,676.30206,676.30206,4.7
2004-05-04,659.96875,659.96875,4.4791665
2004-05-05,712.23956,712.23956,4.077083
2004-05-06,801.17706,801.17706,2.5666666
2004-05-07,870.3125,870.3125,4.760417
2004-05-08,936.4375,936.4375,3.33125
2004-05-09,1004.3125,1004.3125,2.965104
2004-05-10,1037.4062,1037.4062,3.9104166
2004-05-11,1044.7916,1044.7916,2.735
2004-05-12,1059.0625,1059.0625,5.366667
2004-05-13,1008.8542,1008.8542,5.0291667
2004-05-14,885.73956,885.73956,4.6833334
2004-05-15,756.73956,756.73956,4.871875
2004-05-16,674.6458,674.6458,5.1416664
2004-05-17,646.86456,646.86456,5.1145835
2004-05-18,693.0417,693.0417,5.15625
2004-05-19,704.9167,704.9167,5.195833
2004-05-20,765.82294,765.82294,5.047917
2004-05-21,846.7083,846.7083,5.288542
2004-05-22,853.0417,853.0417,4.2677083
2004-05-23,817.5208,817.5208,3.8729167
2004-05-24,761.38544,761.38544,3.76875
2004-05-25,721.17706,721.17706,3.8541667
2004-05-26,696.53125,696.53125,3.8447917
2004-05-27,678.4375,678.4375,3.83125
2004-05-28,683.17706,683.17706,3.8510416
2004-05-29,735.1458,735.1458,4.0135417
2004-05-30,820.3542,820.3542,3.8208332
2004-05-31,731.5833,731.5833,3.7270832
2004-06-01,608.51044,608.51044,3.7
2004-06-02,565.8125,565.8125,3.6979165
2004-06-03,575.17706,575.17706,3.75
2004-06-04,611.4583,611.4583,3.8166666
2004-06-05,659.9583,659.9583,3.8614583
2004-06-06,731.6042,731.6042,3.8208332
2004-06-07,783.625,783.625,3.5989583
2004-06-08,831.40625,831.40625,4.0656247
2004-06-09,835.3333,835.3333,4.014583
2004-06-10,782.1458,782.1458,3.659375
2004-06-11,745.6042,745.6042,3.575
2004-06-12,645.9375,645.9375,3.5479167
2004-06-13,549.7917,549.7917,3.525
2004-06-14,498.5521,498.5521,3.50625
2004-06-15,514.1458,514.1458,3.5270834
2004-06-16,582.26044,582.26044,3.5395834
2004-06-17,552.55206,552.55206,3.5666666
2004-06-18,523.73956,523.73956,3.6104167
2004-06-19,454.6146,454.6146,3.625
2004-06-20,415.5,415.5,3.5958333
2004-06-21,432.41666,432.41666,3.6197915
2004-06-22,431.5625,431.5625,3.5864582
2004-06-23,392.9271,392.9271,3.5854166
2004-06-24,320.7604,320.7604,3.5302083
2004-06-25,294.46875,294.46875,3.5458333
2004-06-26,291.375,291.375,3.4864583
2004-06-27,285.28125,285.28125,3.5333333
2004-06-28,285.22916,285.22916,3.5291667
2004-06-29,279.5104,279.5104,3.5083332
2004-06-30,322.9896,322.9896,11.979167
2004-07-01,287.2604,287.2604,0.94614583
2004-07-02,265.64584,265.64584,1.5510417
2004-07-03,229.51042,229.51042,1.4708333
2004-07-04,263.89584,263.89584,1.9729167
2004-07-05,237.39583,237.39583,1.7802083
2004-07-06,209.66667,209.66667,2.3020833
2004-07-07,177.625,177.625,3.1833334
2004-07-08,177.8125,177.8125,4.8416667
2004-07-09,184.71875,184.71875,4.8166666
2004-07-10,172.20833,172.20833,4.8
2004-07-11,168.96875,168.96875,4.795833
2004-07-12,163.0,163.0,4.7708335
2004-07-13,160.02083,160.02083,4.80625
2004-07-14,147.97917,147.97917,4.789583
2004-07-15,139.39583,139.39583,4.7520833
2004-07-16,138.01042,138.01042,4.8375
2004-07-17,146.27083,146.27083,4.8729167
2004-07-18,153.84375,153.84375,4.8333335
2004-07-19,187.58333,187.58333,4.8416667
2004-07-20,190.01042,190.01042,4.835417
2004-07-21,205.125,205.125,4.858333
2004-07-22,204.01042,204.01042,4.8333335
2004-07-23,168.67708,168.67708,4.8479166
2004-07-24,146.47917,146.47917,4.8541665
2004-07-25,175.9375,175.9375,4.8729167
2004-07-26,203.40625,203.40625,4.889583
2004-07-27,183.8125,183.8125,4.9
2004-07-28,186.4375,186.4375,4.915625
2004-07-29,285.1771,285.1771,4.8645835
2004-07-30,201.73958,201.73958,4.8375
2004-07-31,155.85417,155.85417,4.86875
2004-08-01,132.53125,132.53125,4.8479166
2004-08-02,134.89583,134.89583,4.8458333
2004-08-03,116.0,116.0,4.8625
2004-08-04,127.0625,127.0625,4.7854166
2004-08-05,128.0625,128.0625,4.804167
2004-08-06,157.47917,157.47917,4.795833
2004-08-07,122.53125,122.53125,4.7458334
2004-08-08,146.5625,146.5625,4.7374997
2004-08-09,125.322914,125.322914,4.7208333
2004-08-10,110.1875,110.1875,4.7166667
2004-08-11,97.5,97.5,4.6604166
2004-08-12,88.833336,88.833336,4.625
2004-08-13,84.583336,84.583336,4.6145835
2004-08-14,76.958336,76.958336,4.6291666
2004-08-15,76.3125,76.3125,4.6625
2004-08-16,77.4375,77.4375,4.727083
2004-08-17,73.229164,73.229164,4.8770833
2004-08-18,82.84375,82.84375,4.8458333
2004-08-19,100.770836,100.770836,4.889583
2004-08-20,95.989586,95.989586,4.8729167
2004-08-21,97.739586,97.739586,4.804167
2004-08-22,152.70833,152.70833,4.795833
2004-08-23,160.97917,160.97917,4.8333335
2004-08-24,104.947914,104.947914,4.7708335
2004-08-25,93.875,93.875,4.7479167
2004-08-26,87.572914,87.572914,4.6875
2004-08-27,81.979164,81.979164,4.5895834
2004-08-28,77.5,77.5,4.5520835
2004-08-29,75.958336,75.958336,4.55625
2004-08-30,73.895836,73.895836,4.4875
2004-08-31,74.479164,74.479164,4.4104166
2004-09-01,72.708336,72.708336,4.3625
2004-09-02,70.604164,70.604164,3.746875
2004-09-03,71.4375,71.4375,3.03125
2004-09-04,72.104164,72.104164,3.6625
2004-09-05,92.322914,92.322914,3.54375
2004-09-06,191.95833,191.95833,3.4541667
2004-09-07,374.375,374.375,3.2583332
2004-09-08,175.71875,175.71875,3.2104166
2004-09-09,130.67708,130.67708,3.1687498
2004-09-10,115.6875,115.6875,3.1177082
2004-09-11,107.864586,107.864586,3.1197915
2004-09-12,105.270836,105.270836,3.1416667
2004-09-13,111.614586,111.614586,3.1177082
2004-09-14,115.833336,115.833336,3.0791667
2004-09-15,101.083336,101.083336,3.4197917
2004-09-16,94.208336,94.208336,4.10625
2004-09-17,87.166664,87.166664,3.9729166
2004-09-18,83.458336,83.458336,3.94375
2004-09-19,88.46875,88.46875,6.7322917
2004-09-20,116.875,116.875,5.0020833
2004-09-21,437.625,437.625,3.4520833
2004-09-22,823.73956,823.73956,3.4281251
2004-09-23,599.9167,599.9167,3.3822918
2004-09-24,449.40625,449.40625,3.3677084
2004-09-25,266.20834,266.20834,3.3645835
2004-09-26,219.6875,219.6875,3.353125
2004-09-27,187.1875,187.1875,3.3666668
2004-09-28,175.77083,175.77083,3.3572917
2004-09-29,164.42708,164.42708,3.35625
2004-09-30,197.60417,197.60417,3.3270833
2004-10-01,353.0521,353.0521,3.3322916
2004-10-02,414.8646,414.8646,3.3625
2004-10-03,292.9896,292.9896,3.371875
2004-10-04,298.15625,298.15625,3.3822918
2004-10-05,228.1875,228.1875,3.39375
2004-10-06,214.22917,214.22917,3.3989584
2004-10-07,335.4896,335.4896,3.5105264
2004-10-08,274.8646,274.8646,3.6499999
2004-10-09,215.70833,215.70833,3.5145833
2004-10-10,194.45833,194.45833,3.4677083
2004-10-11,183.17708,183.17708,3.4666667
2004-10-12,177.41667,177.41667,3.4145834
2004-10-13,171.83333,171.83333,3.4114583
2004-10-14,168.69792,168.69792,3.3739583
2004-10-15,164.125,164.125,2.6364584
2004-10-16,166.48958,166.48958,3.0145833
2004-10-17,161.875,161.875,2.9739583
2004-10-18,156.88542,156.88542,3.6833334
2004-10-19,155.15625,155.15625,4.21875
2004-10-20,154.80208,154.80208,3.3802083
2004-10-21,157.80208,157.80208,3.4291668
2004-10-22,157.41667,157.41667,3.4885416
2004-10-23,158.8125,158.8125,3.5895834
2004-10-24,162.58333,162.58333,3.6166666
2004-10-25,165.0,165.0,3.5895834
2004-10-26,167.39583,167.39583,3.63125
2004-10-27,167.79167,167.79167,3.5166667
2004-10-28,177.15625,177.15625,4.8
2004-10-29,220.97917,220.97917,5.008333
2004-10-30,307.95834,307.95834,4.69375
2004-10-31,319.3125,319.3125,4.677083
2004-11-01,241.78125,241.78125,4.3312497
2004-11-02,210.13542,210.13542,3.546875
2004-11-03,194.11458,194.11458,3.6270833
2004-11-04,177.47917,177.47917,3.625
2004-11-05,175.63542,175.63542,3.553125
2004-11-06,178.9375,178.9375,3.5083334
2004-11-07,170.73958,170.73958,3.5208333
2004-11-08,166.35417,166.35417,3.49375
2004-11-09,174.1875,174.1875,12.81875
2004-11-10,184.05208,184.05208,7.0416665
2004-11-11,196.09375,196.09375,3.9125
2004-11-12,201.88542,201.88542,3.8895833
2004-11-13,183.34375,183.34375,3.8552084
2004-11-14,190.28125,190.28125,3.6489582
2004-11-15,192.51042,192.51042,3.56875
2004-11-16,182.60417,182.60417,3.5479167
2004-11-17,174.25,174.25,3.5458333
2004-11-18,178.71875,178.71875,3.4958334
2004-11-19,170.9375,170.9375,3.5125
2004-11-20,178.86458,178.86458,3.5395832
2004-11-21,181.86458,181.86458,3.5541666
2004-11-22,181.26042,181.26042,3.5114584
2004-11-23,187.875,187.875,3.51875
2004-11-24,186.07292,186.07292,3.5020833
2004-11-25,194.84375,194.84375,3.4760418
2004-11-26,179.94792,179.94792,3.4791667
2004-11-27,186.64583,186.64583,3.4291668
2004-11-28,230.875,230.875,3.525
2004-11-29,215.8125,215.8125,3.7357142
2004-11-30,210.98958,210.98958,
2004-12-01,190.13542,190.13542,
2004-12-02,169.19792,169.19792,
2004-12-03,160.52083,160.52083,
2004-12-04,172.73958,172.73958,
2004-12-05,191.19792,191.19792,4.247059
2004-12-06,195.98958,195.98958,4.3125
2004-12-07,211.70833,211.70833,4.335417
2004-12-08,180.875,180.875,4.522917
2004-12-09,168.10417,168.10417,4.5104165
2004-12-10,162.8125,162.8125,4.5020833
2004-12-11,173.65625,173.65625,4.4958334
2004-12-12,168.5,168.5,4.49375
2004-12-13,160.625,160.625,4.485417
2004-12-14,150.94792,150.94792,4.2635417
2004-12-15,151.53125,151.53125,3.5395832
2004-12-16,149.65625,149.65625,3.5958333
2004-12-17,146.86458,146.86458,3.7375
2004-12-18,168.71875,168.71875,3.75
2004-12-19,161.60417,161.60417,3.7489583
2004-12-20,170.0,170.0,3.7104166
2004-12-21,167.875,167.875,3.7041667
2004-12-22,177.1875,177.1875,3.6999998
2004-12-23,207.28125,207.28125,3.6857142
2004-12-24,136.63542,136.63542,
2004-12-25,117.8125,117.8125,
2004-12-26,101.635414,101.635414,
2004-12-27,135.67708,135.67708,3.2264705
2004-12-28,157.05208,157.05208,3.4854167
2004-12-29,160.67708,160.67708,3.5072918
2004-12-30,180.21428,180.21428,3.5354166
2004-12-31,,,3.4333334
2005-01-01,,,3.4447918
2005-01-02,,,3.4291668
2005-01-03,,,3.425
2005-01-04,,,3.46875
2005-01-05,,,3.4916668
2005-01-06,173.38235,173.38235,3.475
2005-01-07,170.22917,170.22917,3.4479167
2005-01-08,152.16667,152.16667,3.4364583
2005-01-09,144.39583,144.39583,3.425
2005-01-10,135.67857,135.67857,3.4645834
2005-01-11,,,3.53125
2005-01-12,,,3.5145833
2005-01-13,,,3.4989583
2005-01-14,,,3.5125
2005-01-15,,,3.5562499
2005-01-16,,,3.5625
2005-01-17,210.11765,210.11765,3.56875
2005-01-18,202.57292,202.57292,3.5458333
2005-01-19,202.3125,202.3125,3.5270834
2005-01-20,197.8125,197.8125,3.5416665
2005-01-21,196.91667,196.91667,3.5541666
2005-01-22,186.84375,186.84375,3.5562499
2005-01-23,186.79167,186.79167,3.5625
2005-01-24,186.73958,186.73958,3.6083333
2005-01-25,184.26042,184.26042,3.6270833
2005-01-26,189.60417,189.60417,3.6145833
2005-01-27,203.22917,203.22917,3.6218748
2005-01-28,228.09375,228.09375,3.6770833
2005-01-29,230.71875,230.71875,3.6291666
2005-01-30,220.23958,220.23958,3.6458333
2005-01-31,225.44792,225.44792,3.6479166
2005-02-01,204.70833,204.70833,3.5885415
2005-02-02,192.52083,192.52083,3.5666666
2005-02-03,181.30208,181.30208,3.5916667
2005-02-04,174.29167,174.29167,3.6041665
2005-02-05,167.23958,167.23958,3.6416667
2005-02-06,170.35417,170.35417,3.6145833
2005-02-07,175.02083,175.02083,3.58125
2005-02-08,185.77083,185.77083,3.6166666
2005-02-09,181.5625,181.5625,3.5333333
2005-02-10,173.80208,173.80208,3.5791667
2005-02-11,166.90625,166.90625,3.54375
2005-02-12,171.96875,171.96875,3.58125
2005-02-13,207.625,207.625,3.5604167
2005-02-14,227.79167,227.79167,3.5479167
2005-02-15,246.77083,246.77083,3.6583333
2005-02-16,307.5,307.5,3.6875
2005-02-17,288.0104,288.0104,3.6625
2005-02-18,277.3229,277.3229,3.675
2005-02-19,267.0104,267.0104,3.6812499
2005-02-20,309.20834,309.20834,3.6958332
2005-02-21,326.35416,326.35416,3.64375
2005-02-22,368.77084,368.77084,3.6541667
2005-02-23,354.64584,354.64584,3.6416667
2005-02-24,372.8021,372.8021,3.65625
2005-02-25,347.4479,347.4479,3.584375
2005-02-26,321.5,321.5,3.3114583
2005-02-27,302.35416,302.35416,3.2729166
2005-02-28,279.65625,279.65625,3.253125
2005-03-01,262.16666,262.16666,3.1989582
2005-03-02,248.6875,248.6875,3.1260417
2005-03-03,249.27083,249.27083,3.08125
2005-03-04,246.70833,246.70833,3.0614583
2005-03-05,240.04167,240.04167,2.7097917
2005-03-06,212.86458,212.86458,0.62125
2005-03-07,211.10417,211.10417,0.48322916
2005-03-08,212.07292,212.07292,3.675
2005-03-09,227.67708,227.67708,3.6812499
2005-03-10,277.58334,277.58334,3.6625
2005-03-11,354.6771,354.6771,3.4437501
2005-03-12,503.83334,503.83334,3.41875
2005-03-13,683.3125,683.3125,3.15375
2005-03-14,763.57294,763.57294,0.7945833
2005-03-15,813.5625,813.5625,0.6301042
2005-03-16,726.11456,726.11456,0.39302084
2005-03-17,595.9792,595.9792,2.6877084
2005-03-18,538.4583,538.4583,2.709375
2005-03-19,494.41666,494.41666,2.6927083
2005-03-20,457.2396,457.2396,2.6895833
2005-03-21,461.84375,461.84375,2.6083333
2005-03-22,453.02084,453.02084,2.7708333
2005-03-23,418.97916,418.97916,3.3604167
2005-03-24,417.65625,417.65625,3.3708334
2005-03-25,441.39584,441.39584,3.3656251
2005-03-26,489.5104,489.5104,3.5791667
2005-03-27,465.4271,465.4271,2.371875
2005-03-28,420.66666,420.66666,2.5958333
2005-03-29,426.58334,426.58334,3.4458334
2005-03-30,569.3958,569.3958,2.865625
2005-03-31,572.375,572.375,2.8229167
2005-04-01,531.7083,531.7083,1.7014583
2005-04-02,474.54166,474.54166,3.1385417
2005-04-03,479.6771,479.6771,3.1760416
2005-04-04,593.1667,593.1667,3.1239583
2005-04-05,856.76044,856.76044,2.78125
2005-04-06,1013.5833,1013.5833,2.6895833
2005-04-07,1051.7916,1051.7916,2.6875
2005-04-08,1317.0834,1317.0834,2.7645833
2005-04-09,2212.2917,2212.2917,2.753125
2005-04-10,2694.6875,2694.6875,2.6197917
2005-04-11,1991.9791,1991.9791,2.9697917
2005-04-12,1378.4375,1378.4375,2.9635417
2005-04-13,1237.0834,1237.0834,2.9875
2005-04-14,1631.9791,1631.9791,2.8208332
2005-04-15,2537.6042,2537.6042,2.7520833
2005-04-16,3398.9583,3398.9583,2.3883333
2005-04-17,3599.1667,3599.1667,3.1989584
2005-04-18,4211.4585,4211.4585,3.671875
2005-04-19,4449.271,4449.271,5.634375
2005-04-20,3884.5833,3884.5833,4.0489583
2005-04-21,3327.8125,3327.8125,4.0958333
2005-04-22,2492.0833,2492.0833,4.05625
2005-04-23,2341.7708,2341.7708,4.014583
2005-04-24,2642.0833,2642.0833,3.3
2005-04-25,3622.8125,3622.8125,2.17875
2005-04-26,3535.625,3535.625,1.4425
2005-04-27,3240.8333,3240.8333,4.1604166
2005-04-28,,,4.3697915
2005-04-29,,,3.140625
2005-04-30,,,3.3489583
2005-05-01,,,3.28125
2005-05-02,,,3.3197916
2005-05-03,,,3.315625
2005-05-04,,,3.5916667
2005-05-05,,,3.4979167
2005-05-06,,,5.0802083
2005-05-07,,,5.3479166
2005-05-08,,,5.1458335
2005-05-09,,,5.251042
2005-05-10,,,13.3
2005-05-11,,,5.929167
2005-05-12,,,6.7208333
2005-05-13,,,5.425
2005-05-14,,,4.508333
2005-05-15,,,4.0583334
2005-05-16,,,3.11625
2005-05-17,,,17.410418
2005-05-18,,,11.0
2005-05-19,,,7.828125
2005-05-20,,,22.045834
2005-05-21,5986.6665,5986.6665,42.4375
2005-05-22,6831.0415,6831.0415,59.34375
2005-05-23,7409.271,7409.271,55.729168
2005-05-24,8501.25,8501.25,46.739582
2005-05-25,8971.875,8971.875,47.1875
2005-05-26,9033.6455,9033.6455,37.979168
2005-05-27,8825.5205,8825.5205,34.645832
2005-05-28,8014.479,8014.479,28.083334
2005-05-29,6523.229,6523.229,25.447916
2005-05-30,3979.1667,3979.1667,27.520834
2005-05-31,3316.7708,3316.7708,38.927082
2005-06-01,2865.2083,2865.2083,57.895832
2005-06-02,2551.6667,2551.6667,53.6875
2005-06-03,2509.4792,2509.4792,56.15625
2005-06-04,2657.0833,2657.0833,54.677082
2005-06-05,2374.2708,2374.2708,48.604168
2005-06-06,2072.6042,2072.6042,46.427082
2005-06-07,1908.2291,1908.2291,46.25
2005-06-08,1777.7084,1777.7084,43.114582
2005-06-09,1585.625,1585.625,35.3125
2005-06-10,1591.0416,1591.0416,30.16875
2005-06-11,1559.5834,1559.5834,32.416668
2005-06-12,1424.1666,1424.1666,32.65625
2005-06-13,1401.0416,1401.0416,31.6875
2005-06-14,1387.7084,1387.7084,33.09375
2005-06-15,1330.7291,1330.7291,35.25
2005-06-16,1297.2916,1297.2916,32.510418
2005-06-17,1318.5416,1318.5416,28.53125
2005-06-18,1496.1459,1496.1459,29.21875
2005-06-19,2060.9375,2060.9375,31.385416
2005-06-20,2115.5208,2115.5208,33.5625
2005-06-21,1920.2084,1920.2084,35.760418
2005-06-22,1860.0,1860.0,38.416668
2005-06-23,1967.9166,1967.9166,59.739582
2005-06-24,1947.6041,1947.6041,37.229168
2005-06-25,1970.625,1970.625,36.0625
2005-06-26,1907.6289,1907.6289,35.0625
2005-06-27,1681.6666,1681.6666,37.65625
2005-06-28,1391.6666,1391.6666,40.708332
2005-06-29,1341.6666,1341.6666,39.791668
2005-06-30,1335.0,1335.0,38.729168
2005-07-01,1166.7709,1166.7709,35.75
2005-07-02,1008.7292,1008.7292,32.1875
2005-07-03,899.3333,899.3333,28.177084
2005-07-04,879.28125,879.28125,12.020833
2005-07-05,790.4792,790.4792,10.234375
2005-07-06,724.8125,724.8125,6.45
2005-07-07,685.3542,685.3542,6.4947915
2005-07-08,650.30206,650.30206,6.6416664
2005-07-09,618.59375,618.59375,6.625
2005-07-10,576.1875,576.1875,6.6520834
2005-07-11,564.76044,564.76044,6.6479163
2005-07-12,537.78125,537.78125,6.625
2005-07-13,508.8229,508.8229,6.6104164
2005-07-14,491.5521,491.5521,5.9
2005-07-15,526.9792,526.9792,4.6916666
2005-07-16,540.5833,540.5833,4.6916666
2005-07-17,523.5625,523.5625,4.7041664
2005-07-18,444.2604,444.2604,4.725
2005-07-19,419.34375,419.34375,4.739583
2005-07-20,400.14584,400.14584,4.7374997
2005-07-21,445.58334,445.58334,4.7291665
2005-07-22,315.05554,315.05554,4.677083
2005-07-23,295.34375,295.34375,4.6666665
2005-07-24,307.3021,307.3021,4.677083
2005-07-25,361.34375,361.34375,5.709375
2005-07-26,612.01044,612.01044,28.648958
2005-07-27,604.2083,604.2083,8.305208
2005-07-28,504.89584,504.89584,6.53125
2005-07-29,393.72916,393.72916,6.5322914
2005-07-30,318.1875,318.1875,6.5104165
2005-07-31,286.16666,286.16666,6.459375
2005-08-01,264.64584,264.64584,6.396875
2005-08-02,274.4479,274.4479,6.1385417
2005-08-03,371.02084,371.02084,6.1593747
2005-08-04,490.29166,490.29166,6.1541667
2005-08-05,328.09375,328.09375,6.1666665
2005-08-06,349.89584,349.89584,6.10625
2005-08-07,300.5104,300.5104,6.0125
2005-08-08,347.1979,347.1979,5.985417
2005-08-09,432.04166,432.04166,5.954167
2005-08-10,335.6354,335.6354,6.4166665
2005-08-11,336.9479,336.9479,2.6645832
2005-08-12,414.95834,414.95834,3.5625
2005-08-13,514.88544,514.88544,3.5083332
2005-08-14,428.3021,428.3021,3.46875
2005-08-15,348.40625,348.40625,3.45
2005-08-16,303.375,303.375,12.72125
2005-08-17,281.6979,281.6979,2.9145832
2005-08-18,404.29166,404.29166,2.61875
2005-08-19,325.0729,325.0729,2.690625
2005-08-20,263.59375,263.59375,4.375
2005-08-21,228.86458,228.86458,4.18125
2005-08-22,217.45833,217.45833,4.1614585
2005-08-23,201.51042,201.51042,4.0510416
2005-08-24,193.80208,193.80208,3.8895833
2005-08-25,183.10417,183.10417,3.8374999
2005-08-26,171.3125,171.3125,3.8270833
2005-08-27,167.05208,167.05208,3.7479167
2005-08-28,179.30208,179.30208,3.6416667
2005-08-29,176.38542,176.38542,3.8677082
2005-08-30,168.45833,168.45833,4.102083
2005-08-31,150.97917,150.97917,4.0791664
2005-09-01,146.69792,146.69792,4.0833335
2005-09-02,132.35417,132.35417,4.0833335
2005-09-03,122.3125,122.3125,4.0958333
2005-09-04,133.80208,133.80208,4.1375
2005-09-05,124.90625,124.90625,4.128125
2005-09-06,148.19792,148.19792,4.022917
2005-09-07,183.53125,183.53125,4.022917
2005-09-08,162.76042,162.76042,4.3645835
2005-09-09,248.60417,248.60417,3.5687501
2005-09-10,369.15625,369.15625,4.9254165
2005-09-11,415.21875,415.21875,3.9989583
2005-09-12,369.8021,369.8021,4.179167
2005-09-13,227.875,227.875,4.282292
2005-09-14,191.76042,191.76042,4.2645836
2005-09-15,166.67708,166.67708,4.2364583
2005-09-16,164.3125,164.3125,4.271875
2005-09-17,157.4375,157.4375,4.2645836
2005-09-18,145.0625,145.0625,4.2770834
2005-09-19,142.84375,142.84375,4.2708335
2005-09-20,129.8125,129.8125,4.2541666
2005-09-21,128.9375,128.9375,4.2958336
2005-09-22,134.61458,134.61458,4.3104167
2005-09-23,140.4375,140.4375,4.320833
2005-09-24,153.64583,153.64583,4.291667
2005-09-25,169.79167,169.79167,4.297917
2005-09-26,154.47917,154.47917,4.297917
2005-09-27,138.28125,138.28125,4.18125
2005-09-28,170.5625,170.5625,4.210417
2005-09-29,362.79166,362.79166,4.2333336
2005-09-30,246.47917,246.47917,4.2208333
2005-10-01,475.59375,475.59375,4.2020836
2005-10-02,342.77084,342.77084,4.1697917
2005-10-03,272.0521,272.0521,4.180208
2005-10-04,227.96875,227.96875,4.140625
2005-10-05,257.15625,257.15625,3.9666667
2005-10-06,221.625,221.625,3.9802084
2005-10-07,252.05208,252.05208,3.9791667
2005-10-08,287.16666,287.16666,3.95625
2005-10-09,302.45834,302.45834,4.092708
2005-10-10,374.15463,374.15463,4.0104165
2005-10-11,460.84537,460.84537,4.0645833
2005-10-12,385.06186,385.06186,4.023958
2005-10-13,323.83505,323.83505,3.9739583
2005-10-14,301.63916,301.63916,3.9947917
2005-10-15,352.48453,352.48453,3.925
2005-10-16,280.65625,280.65625,3.9239583
2005-10-17,267.54166,267.54166,3.9385417
2005-10-18,258.79166,258.79166,3.9510417
2005-10-19,280.6559,280.6559,4.571875
2005-10-20,424.94846,424.94846,5.376042
2005-10-21,378.82474,378.82474,5.398958
2005-10-22,316.375,316.375,5.414583
2005-10-23,300.12372,300.12372,5.3333335
2005-10-24,275.29166,275.29166,5.3333335
2005-10-25,265.58762,265.58762,5.375
2005-10-26,255.77083,255.77083,5.5458336
2005-10-27,251.84375,251.84375,5.4375
2005-10-28,245.29167,245.29167,4.9395833
2005-10-29,242.63918,242.63918,4.3270836
2005-10-30,262.7604,262.7604,6.3322916
2005-10-31,258.89795,258.89795,8.825
2005-11-01,247.84042,247.84042,3.1697917
2005-11-02,242.11224,242.11224,1.9395833
2005-11-03,230.7629,230.7629,4.59375
2005-11-04,226.98958,226.98958,6.45625
2005-11-05,223.17526,223.17526,5.5510416
2005-11-06,217.89691,217.89691,5.022917
2005-11-07,206.59793,206.59793,4.46875
2005-11-08,197.69072,197.69072,4.2479167
2005-11-09,193.20833,193.20833,4.1197915
2005-11-10,190.88542,190.88542,3.9875
2005-11-11,191.29167,191.29167,7.85625
2005-11-12,280.9479,280.9479,11.16875
2005-11-13,247.92708,247.92708,7.0479164
2005-11-14,223.80208,223.80208,2.7666667
2005-11-15,212.08333,212.08333,2.9572916
2005-11-16,200.125,200.125,2.7510417
2005-11-17,194.9375,194.9375,3.5572917
2005-11-18,176.70833,176.70833,6.8
2005-11-19,180.77083,180.77083,6.8447914
2005-11-20,179.72917,179.72917,6.725
2005-11-21,175.84375,175.84375,6.8229165
2005-11-22,169.41667,169.41667,6.570833
2005-11-23,148.97917,148.97917,4.975
2005-11-24,144.1875,144.1875,4.985417
2005-11-25,145.21875,145.21875,4.977083
2005-11-26,146.53125,146.53125,4.89375
2005-11-27,145.875,145.875,4.795833
2005-11-28,145.08333,145.08333,3.8436458
2005-11-29,163.84375,163.84375,5.463542
2005-11-30,146.03125,146.03125,5.6854167
2005-12-01,162.9375,162.9375,5.604167
2005-12-02,169.39583,169.39583,5.4333334
2005-12-03,176.98958,176.98958,4.6770835
2005-12-04,195.95833,195.95833,4.1708336
2005-12-05,188.07292,188.07292,3.3778124
2005-12-06,161.23958,161.23958,5.353125
2005-12-07,132.07143,132.07143,4.916354
2005-12-08,130.79411,130.79411,5.417857
2005-12-09,109.10714,109.10714,
2005-12-10,124.77941,124.77941,
2005-12-11,130.33333,130.33333,
2005-12-12,144.89285,144.89285,
2005-12-14,146.45589,146.45589,3.817647
2005-12-15,140.03572,140.03572,3.85
2005-12-17,135.29411,135.29411,
2005-12-18,134.79167,134.79167,5.442647
2005-12-19,145.48958,145.48958,5.421875
2005-12-20,163.10417,163.10417,5.4041667
2005-12-21,162.30208,162.30208,5.375
2005-12-22,163.98958,163.98958,5.3729167
2005-12-23,156.10417,156.10417,4.8708334
2005-12-24,151.41667,151.41667,3.1833332
2005-12-25,134.32292,134.32292,3.1239583
2005-12-26,129.44792,129.44792,3.0833333
2005-12-27,127.65625,127.65625,3.0197916
2005-12-28,136.875,136.875,3.4895833
2005-12-29,126.229164,126.229164,3.54375
2005-12-30,136.40625,136.40625,3.6645832
2005-12-31,122.041664,122.041664,3.63125
2006-01-01,130.51042,130.51042,3.6187499
2006-01-02,140.21875,140.21875,3.5375
2006-01-03,134.67708,134.67708,3.4510417
2006-01-04,131.125,131.125,3.4270835
2006-01-05,128.95833,128.95833,3.4427085
2006-01-06,119.708336,119.708336,3.3520834
2006-01-07,115.041664,115.041664,3.2906249
2006-01-08,112.604164,112.604164,3.2916667
2006-01-09,114.739586,114.739586,3.3872917
2006-01-10,105.92857,105.92857,1.9157292
2006-01-11,,,2.31625
2006-01-12,122.838234,122.838234,3.7520833
2006-01-13,113.072914,113.072914,3.7020833
2006-01-14,119.989586,119.989586,3.7166667
2006-01-15,137.21428,137.21428,3.6583333
2006-01-16,142.20619,142.20619,3.7208333
2006-01-17,158.04124,158.04124,3.8892858
2006-01-18,156.30928,156.30928,4.6794114
2006-01-19,145.6701,145.6701,4.6541667
2006-01-20,160.03093,160.03093,4.6666665
2006-01-21,149.45361,149.45361,4.778571
2006-01-22,151.59793,151.59793,
2006-01-23,154.91667,154.91667,
2006-01-24,133.25,133.25,
2006-01-25,128.30208,128.30208,
2006-01-26,123.59375,123.59375,2.85
2006-01-27,135.26042,135.26042,2.7979167
2006-01-28,146.73958,146.73958,2.8218749
2006-01-29,162.22917,162.22917,2.7875
2006-01-30,165.91667,165.91667,2.7864583
2006-01-31,158.79167,158.79167,2.7729166
2006-02-01,160.9375,160.9375,2.7791667
2006-02-02,159.16667,159.16667,2.778125
2006-02-03,160.60417,160.60417,2.7760417
2006-02-04,163.32292,163.32292,2.75
2006-02-05,152.39583,152.39583,2.740625
2006-02-06,144.91667,144.91667,2.8465624
2006-02-07,150.14583,150.14583,3.6214285
2006-02-08,135.90625,135.90625,3.669853
2006-02-09,131.34375,131.34375,3.5979166
2006-02-10,135.64583,135.64583,3.5916667
2006-02-11,139.94792,139.94792,3.6285713
2006-02-12,134.59375,134.59375,
2006-02-13,135.44792,135.44792,
2006-02-14,150.0625,150.0625,3.0441177
2006-02-15,164.88542,164.88542,3.0760417
2006-02-16,166.02083,166.02083,3.15625
2006-02-17,174.0,174.0,3.1479166
2006-02-18,162.78125,162.78125,3.1458333
2006-02-19,151.02083,151.02083,3.125
2006-02-20,166.28125,166.28125,3.1072915
2006-02-21,158.39583,158.39583,3.096875
2006-02-22,156.39583,156.39583,3.1885417
2006-02-23,152.75,152.75,3.08125
2006-02-24,143.83333,143.83333,3.0770833
2006-02-25,151.11458,151.11458,3.0635417
2006-02-26,153.90625,153.90625,3.0666666
2006-02-27,155.80208,155.80208,3.13125
2006-02-28,160.11458,160.11458,3.3375
2006-03-01,167.01042,167.01042,3.3572917
2006-03-02,180.19792,180.19792,3.3541667
2006-03-03,192.34375,192.34375,3.3416667
2006-03-04,159.48958,159.48958,3.3541667
2006-03-05,155.29167,155.29167,3.3489583
2006-03-06,156.89583,156.89583,3.35
2006-03-07,157.1875,157.1875,3.3583333
2006-03-08,162.27083,162.27083,3.45625
2006-03-09,168.84375,168.84375,3.3791666
2006-03-10,186.46875,186.46875,3.3785715
2006-03-11,181.125,181.125,3.302941
2006-03-12,196.44792,196.44792,3.3
2006-03-13,202.5,202.5,3.3010416
2006-03-14,192.65625,192.65625,3.2677083
2006-03-15,185.3125,185.3125,3.2302082
2006-03-16,175.38542,175.38542,3.2510417
2006-03-17,185.875,185.875,3.2416666
2006-03-18,179.55208,179.55208,3.2114582
2006-03-19,193.40625,193.40625,3.2229166
2006-03-20,205.0,205.0,3.209375
2006-03-21,201.5,201.5,3.1791666
2006-03-22,201.45833,201.45833,3.1729167
2006-03-23,201.41667,201.41667,3.2020833
2006-03-24,197.75,197.75,3.1989582
2006-03-25,197.20833,197.20833,3.1708333
2006-03-26,201.91667,201.91667,3.1729167
2006-03-27,210.91667,210.91667,3.20625
2006-03-28,225.3125,225.3125,3.1708333
2006-03-29,229.58333,229.58333,3.221875
2006-03-30,276.20834,276.20834,3.23125
2006-03-31,284.20834,284.20834,3.20625
2006-04-01,272.6354,272.6354,3.2291665
2006-04-02,280.66666,280.66666,3.2666667
2006-04-03,287.6979,287.6979,3.2739582
2006-04-04,282.5,282.5,3.3052082
2006-04-05,371.04166,371.04166,2.9729166
2006-04-06,624.8333,624.8333,3.609375
2006-04-07,844.38544,844.38544,4.770833
2006-04-08,652.96875,652.96875,4.775
2006-04-09,665.4792,665.4792,4.7979164
2006-04-10,821.67706,821.67706,4.555208
2006-04-11,1071.8438,1071.8438,3.8739583
2006-04-12,1025.5416,1025.5416,3.8770833
2006-04-13,854.1875,854.1875,3.8989582
2006-04-14,1021.6458,1021.6458,3.6916666
2006-04-15,1148.3334,1148.3334,3.5895832
2006-04-16,1190.625,1190.625,3.5166667
2006-04-17,1030.7291,1030.7291,3.578125
2006-04-18,1055.6562,1055.6562,3.6416667
2006-04-19,945.67706,945.67706,3.5333333
2006-04-20,749.6667,749.6667,3.5229166
2006-04-21,734.7917,734.7917,3.5562499
2006-04-22,761.3958,761.3958,3.5270834
2006-04-23,847.7708,847.7708,3.5541666
2006-04-24,957.73956,957.73956,3.6104167
2006-04-25,901.84375,901.84375,3.54375
2006-04-26,740.17706,740.17706,3.5604167
2006-04-27,758.1875,758.1875,3.6229167
2006-04-28,801.8958,801.8958,4.4697914
2006-04-29,811.4792,811.4792,3.1020832
2006-04-30,774.6458,774.6458,3.0697916
2006-05-01,708.71875,708.71875,4.121875
2006-05-02,673.88544,673.88544,3.0479167
2006-05-03,665.8958,665.8958,2.7416666
2006-05-04,664.09375,664.09375,1.8979167
2006-05-05,656.6875,656.6875,1.3617709
2006-05-06,644.78125,644.78125,3.475
2006-05-07,592.5208,592.5208,3.4385417
2006-05-08,545.17706,545.17706,3.421875
2006-05-09,521.98956,521.98956,3.421875
2006-05-10,503.6146,503.6146,3.3427083
2006-05-11,476.47916,476.47916,3.3166666
2006-05-12,423.8125,423.8125,3.559375
2006-05-13,392.20834,392.20834,4.0895834
2006-05-14,394.5729,394.5729,4.1
2006-05-15,436.9896,436.9896,3.9520833
2006-05-16,488.14584,488.14584,3.875
2006-05-17,557.5417,557.5417,3.7645833
2006-05-18,591.4792,591.4792,3.4364583
2006-05-19,592.13544,592.13544,3.3708334
2006-05-20,582.76044,582.76044,2.7645833
2006-05-21,560.8542,560.8542,1.7496874
2006-05-22,585.1875,585.1875,3.6654167
2006-05-23,613.36456,613.36456,3.8479166
2006-05-24,649.0,649.0,3.70625
2006-05-25,629.21875,629.21875,3.6416667
2006-05-26,670.42706,670.42706,3.546875
2006-05-27,632.17706,632.17706,3.9552083
2006-05-28,623.2917,623.2917,4.0104165
2006-05-29,603.6042,603.6042,3.9791667
2006-05-30,518.46313,518.46313,3.9239583
2006-05-31,433.97916,433.97916,3.8875
2006-06-01,388.85416,388.85416,3.8875
2006-06-02,413.97916,413.97916,3.8666666
2006-06-03,499.66666,499.66666,3.8708334
2006-06-04,533.0625,533.0625,3.8708334
2006-06-05,533.05206,533.05206,3.85625
2006-06-06,551.05206,551.05206,3.8458333
2006-06-07,583.5,583.5,3.8541667
2006-06-08,549.86456,549.86456,3.875
2006-06-09,584.76044,584.76044,3.8822916
2006-06-10,622.4583,622.4583,3.0822916
2006-06-11,569.88544,569.88544,3.2885416
2006-06-12,523.80206,523.80206,3.4895833
2006-06-13,488.71875,488.71875,3.475
2006-06-14,450.37112,450.37112,3.4770834
2006-06-15,424.79382,424.79382,3.46875
2006-06-16,427.39584,427.39584,3.4427083
2006-06-17,371.1875,371.1875,3.390625
2006-06-18,301.3021,301.3021,3.396875
2006-06-19,276.85416,276.85416,3.3916667
2006-06-20,297.6354,297.6354,3.39375
2006-06-21,291.08334,291.08334,3.3875
2006-06-22,274.625,274.625,3.371875
2006-06-23,271.0625,271.0625,3.3770833
2006-06-24,249.60417,249.60417,3.3385417
2006-06-25,232.97917,232.97917,3.3416667
2006-06-26,223.26042,223.26042,3.3677084
2006-06-27,215.71875,215.71875,3.3604167
2006-06-28,197.92708,197.92708,3.3572917
2006-06-29,187.25,187.25,3.3770833
2006-06-30,182.96875,182.96875,3.3635416
2006-07-01,168.46875,168.46875,3.3552084
2006-07-02,161.47917,161.47917,3.3552084
2006-07-03,163.5,163.5,3.353125
2006-07-04,163.47917,163.47917,3.3395834
2006-07-05,163.1875,163.1875,3.30625
2006-07-06,187.32292,187.32292,3.33125
2006-07-07,258.45834,258.45834,3.334375
2006-07-08,420.6146,420.6146,3.371875
2006-07-09,408.25,408.25,3.3833334
2006-07-10,510.34375,510.34375,3.3416667
2006-07-11,687.94794,687.94794,3.3145833
2006-07-12,557.33685,557.33685,3.3177083
2006-07-13,391.1354,391.1354,3.2885416
2006-07-14,304.8854,304.8854,3.253125
2006-07-15,260.03125,260.03125,3.240625
2006-07-16,227.01042,227.01042,3.2437499
2006-07-17,203.375,203.375,3.2166667
2006-07-18,192.58333,192.58333,3.2239583
2006-07-19,179.51042,179.51042,3.240625
2006-07-20,200.72917,200.72917,3.2302084
2006-07-21,178.07292,178.07292,3.2281249
2006-07-22,208.46875,208.46875,3.2135415
2006-07-23,189.125,189.125,3.2041667
2006-07-24,189.0,189.0,3.203125
2006-07-25,177.63542,177.63542,3.1876404
2006-07-26,161.6875,161.6875,3.190625
2006-07-27,151.63542,151.63542,3.1802082
2006-07-28,147.3125,147.3125,3.14375
2006-07-29,134.60417,134.60417,3.0739582
2006-07-30,132.27083,132.27083,3.0510416
2006-07-31,137.71875,137.71875,2.9468749
2006-08-01,141.9375,141.9375,2.6864583
2006-08-02,542.07294,542.07294,2.76875
2006-08-03,542.98956,542.98956,3.3416667
2006-08-04,315.89584,315.89584,3.3364584
2006-08-05,298.1875,298.1875,3.4177084
2006-08-06,473.6979,473.6979,3.3916667
2006-08-07,456.29166,456.29166,3.3729167
2006-08-08,1055.0209,1055.0209,3.3541667
2006-08-09,576.9167,576.9167,8.48125
2006-08-10,478.04166,478.04166,3.521875
2006-08-11,512.90625,512.90625,3.4833333
2006-08-12,358.8229,358.8229,3.4697917
2006-08-13,293.35416,293.35416,3.4416666
2006-08-14,291.4896,291.4896,3.4166667
2006-08-15,316.1979,316.1979,3.4020834
2006-08-16,334.2396,334.2396,3.4114585
2006-08-17,406.66666,406.66666,3.3791668
2006-08-18,350.625,350.625,3.3729167
2006-08-19,271.79166,271.79166,3.3697917
2006-08-20,241.45833,241.45833,3.3416667
2006-08-21,212.41667,212.41667,3.3552084
2006-08-22,205.83333,205.83333,3.325
2006-08-23,195.54167,195.54167,3.3125
2006-08-24,339.47916,339.47916,3.3322916
2006-08-25,239.48958,239.48958,3.3333333
2006-08-26,207.5,207.5,3.31875
2006-08-27,198.48958,198.48958,3.3135417
2006-08-28,290.875,290.875,3.303125
2006-08-29,236.0,236.0,3.2979167
2006-08-30,206.67708,206.67708,3.2791667
2006-08-31,164.08333,164.08333,3.2677083
2006-09-01,145.85417,145.85417,3.271875
2006-09-02,134.76042,134.76042,3.253125
2006-09-03,125.25,125.25,3.2520833
2006-09-04,133.27083,133.27083,3.2458334
2006-09-05,145.36458,145.36458,3.246875
2006-09-06,127.65625,127.65625,3.2572916
2006-09-07,111.104164,111.104164,3.2875
2006-09-08,186.09375,186.09375,3.3364584
2006-09-09,363.29166,363.29166,3.2885416
2006-09-10,333.9271,333.9271,3.296875
2006-09-11,351.4479,351.4479,3.1135416
2006-09-12,258.875,258.875,2.96875
2006-09-13,200.07292,200.07292,2.9229167
2006-09-14,171.32292,171.32292,2.8843749
2006-09-15,203.25,203.25,2.6840625
2006-09-16,206.17708,206.17708,3.2916667
2006-09-17,171.94792,171.94792,2.771875
2006-09-18,236.15625,236.15625,3.0020833
2006-09-19,212.82979,212.82979,3.7479167
2006-09-20,180.8125,180.8125,3.725
2006-09-21,174.86458,174.86458,3.7145832
2006-09-22,440.8646,440.8646,4.1691666
2006-09-23,647.0208,647.0208,1.8270833
2006-09-24,479.10416,479.10416,1.63125
2006-09-25,346.9896,346.9896,2.0989583
2006-09-26,275.1354,275.1354,3.096875
2006-09-27,246.58333,246.58333,3.7666667
2006-09-28,239.96875,239.96875,3.7291665
2006-09-29,238.10417,238.10417,3.7166667
2006-09-30,234.90625,234.90625,3.75
2006-10-01,233.66667,233.66667,3.7416666
2006-10-02,233.1875,233.1875,3.7729166
2006-10-03,278.0521,278.0521,8.217709
2006-10-04,342.39584,342.39584,4.1604166
2006-10-05,414.65625,414.65625,3.3833334
2006-10-06,640.23956,640.23956,35.67802
2006-10-07,4576.25,4576.25,77.13684
2006-10-08,2886.9792,2886.9792,12.548958
2006-10-09,1396.4584,1396.4584,15.488542
2006-10-10,1411.7709,1411.7709,17.4375
2006-10-11,1142.0938,1142.0938,20.208334
2006-10-12,1059.0312,1059.0312,4.6375003
2006-10-13,663.59375,663.59375,4.2312503
2006-10-14,577.6458,577.6458,4.109375
2006-10-15,536.30206,536.30206,2.7646875
2006-10-16,597.88544,597.88544,4.19375
2006-10-17,710.3958,710.3958,3.9958334
2006-10-18,679.3958,679.3958,2.5175
2006-10-19,760.8958,760.8958,3.6999998
2006-10-20,608.09375,608.09375,3.5395834
2006-10-21,491.47916,491.47916,3.3572917
2006-10-22,453.46875,453.46875,3.0072916
2006-10-23,424.2396,424.2396,3.3177083
2006-10-24,392.3021,392.3021,3.8895833
2006-10-25,376.70834,376.70834,3.8822916
2006-10-26,435.27084,435.27084,3.1354165
2006-10-27,437.83334,437.83334,3.1114583
2006-10-28,383.77084,383.77084,3.1104167
2006-10-29,363.89584,363.89584,3.0906248
2006-10-30,365.0625,365.0625,3.046875
2006-10-31,352.04166,352.04166,3.0416665
2006-11-01,333.29166,333.29166,3.053125
2006-11-02,318.78125,318.78125,3.0520833
2006-11-03,298.0625,298.0625,3.0427084
2006-11-04,293.83334,293.83334,3.059375
2006-11-05,292.9479,292.9479,3.0562499
2006-11-06,271.9896,271.9896,3.3125
2006-11-07,267.79166,267.79166,4.159375
2006-11-08,254.78125,254.78125,3.4395833
2006-11-09,252.96875,252.96875,3.5354166
2006-11-10,246.0625,246.0625,3.7145832
2006-11-11,236.82292,236.82292,3.7124999
2006-11-12,239.29167,239.29167,3.7354167
2006-11-13,228.625,228.625,3.725
2006-11-14,243.17708,243.17708,3.7020833
2006-11-15,227.01042,227.01042,3.7124999
2006-11-16,236.90625,236.90625,3.6812499
2006-11-17,211.8125,211.8125,3.7749999
2006-11-18,224.03125,224.03125,3.7916665
2006-11-19,221.86458,221.86458,3.8104167
2006-11-20,222.86458,222.86458,3.8104167
2006-11-21,210.70833,210.70833,3.8291667
2006-11-22,215.91667,215.91667,3.825
2006-11-23,201.96875,201.96875,3.8479166
2006-11-24,175.13542,175.13542,3.8625
2006-11-25,189.01042,189.01042,3.84375
2006-11-26,179.39583,179.39583,3.8541667
2006-11-27,188.45833,188.45833,3.7979167
2006-11-28,180.5625,180.5625,3.8916667
2006-11-29,181.01042,181.01042,3.3311458
2006-11-30,189.82143,189.82143,0.43464285
2006-12-01,156.75,156.75,
2006-12-02,154.11458,154.11458,
2006-12-03,142.60417,142.60417,
2006-12-04,151.28125,151.28125,
2006-12-05,140.25,140.25,
2006-12-06,132.89583,132.89583,
2006-12-07,173.1875,173.1875,3.7235293
2006-12-08,166.13542,166.13542,3.7541666
2006-12-09,180.71875,180.71875,3.7354167
2006-12-10,185.13542,185.13542,3.7041667
2006-12-11,205.51042,205.51042,3.6499999
2006-12-12,205.0625,205.0625,3.5916667
2006-12-13,211.30208,211.30208,3.56875
2006-12-14,217.8125,217.8125,3.56875
2006-12-15,215.26042,215.26042,3.5729165
2006-12-16,220.66667,220.66667,3.5354166
2006-12-17,218.26042,218.26042,3.5791667
2006-12-18,223.92708,223.92708,3.58125
2006-12-19,224.86458,224.86458,3.5874999
2006-12-20,224.34375,224.34375,3.5708332
2006-12-21,198.26042,198.26042,3.5541666
2006-12-22,210.39285,210.39285,3.5357141
2006-12-23,,,3.5088236
2006-12-24,,,3.4958334
2006-12-25,,,3.5285714
2006-12-26,198.76471,198.76471,3.485294
2006-12-27,183.64583,183.64583,3.4895833
2006-12-28,194.65625,194.65625,3.49375
2006-12-29,221.22917,221.22917,3.48125
2006-12-30,208.08333,208.08333,3.4895833
2006-12-31,193.54167,193.54167,3.4785714
2007-01-01,180.34375,180.34375,3.5
2007-01-02,183.44792,183.44792,3.5177083
2007-01-03,172.0,172.0,3.4364583
2007-01-04,186.91176,186.91176,3.1677082
2007-01-05,181.39583,181.39583,3.1510415
2007-01-06,183.44792,183.44792,3.1571429
2007-01-07,169.71428,169.71428,
2007-01-08,138.0,138.0,
2007-01-09,158.10417,158.10417,
2007-01-10,178.5,178.5,
2007-01-11,175.96428,175.96428,3.067647
2007-01-12,,,3.059375
2007-01-13,,,3.0821428
2007-01-16,176.80882,176.80882,
2007-01-17,188.5625,188.5625,
2007-01-18,216.14285,216.14285,
2007-01-21,,,3.0
2007-01-22,205.29411,205.29411,2.7857141
2007-01-23,220.89285,220.89285,2.7632353
2007-01-24,,,2.7479167
2007-01-25,,,2.7583332
2007-01-26,,,2.7645833
2007-01-27,,,2.815625
2007-01-28,,,2.9083333
2007-01-29,,,2.732143
2007-01-30,,,3.0367646
2007-01-31,,,3.0354166
2007-02-01,,,3.0385416
2007-02-02,,,3.05
2007-02-03,,,3.0235293
2007-02-04,,,3.0104167
2007-02-05,,,3.0833333
2007-02-06,,,3.046875
2007-02-07,,,3.0520833
2007-02-08,,,3.0416667
2007-02-09,200.76471,200.76471,3.0604167
2007-02-10,207.875,207.875,3.053125
2007-02-11,211.58333,211.58333,3.0010417
2007-02-12,227.6875,227.6875,2.8416667
2007-02-13,241.05208,241.05208,3.0479167
2007-02-14,241.48958,241.48958,3.4677083
2007-02-15,231.75,231.75,3.4354167
2007-02-16,216.61458,216.61458,2.9322917
2007-02-17,203.20833,203.20833,2.8958333
2007-02-18,197.78125,197.78125,2.9416666
2007-02-19,186.53125,186.53125,2.9937499
2007-02-20,182.84375,182.84375,3.0416665
2007-02-21,189.97917,189.97917,2.9583333
2007-02-22,189.64583,189.64583,2.965625
2007-02-23,185.98958,185.98958,2.9645834
2007-02-24,196.33333,196.33333,2.9541667
2007-02-25,191.47917,191.47917,2.965625
2007-02-26,189.55208,189.55208,3.0416667
2007-02-27,180.03125,180.03125,3.2
2007-02-28,182.60417,182.60417,3.271875
2007-03-01,196.60417,196.60417,3.2395833
2007-03-02,190.79167,190.79167,2.5573957
2007-03-03,180.35417,180.35417,1.8295833
2007-03-04,162.96875,162.96875,2.7083333
2007-03-05,167.57292,167.57292,3.1916666
2007-03-06,177.80208,177.80208,3.1166666
2007-03-07,184.51042,184.51042,3.0947917
2007-03-08,202.21875,202.21875,3.1062498
2007-03-09,197.16667,197.16667,3.1083333
2007-03-10,222.60417,222.60417,3.1041665
2007-03-11,236.22917,236.22917,3.1260417
2007-03-12,257.60416,257.60416,3.2041667
2007-03-13,271.89584,271.89584,3.3375
2007-03-14,358.625,358.625,3.3447917
2007-03-15,577.1042,577.1042,3.3447917
2007-03-16,886.9375,886.9375,3.35
2007-03-17,1230.5209,1230.5209,3.3520834
2007-03-18,1427.3959,1427.3959,3.3458333
2007-03-19,1624.6875,1624.6875,3.3635416
2007-03-20,1716.7709,1716.7709,3.359375
2007-03-21,1629.375,1629.375,3.3614583
2007-03-22,1654.8959,1654.8959,3.3479166
2007-03-23,1436.875,1436.875,3.3614583
2007-03-24,1456.5625,1456.5625,3.4104168
2007-03-25,1248.5416,1248.5416,3.3791666
2007-03-26,1192.9166,1192.9166,3.390625
2007-03-27,1246.1459,1246.1459,3.328125
2007-03-28,1340.9375,1340.9375,3.33125
2007-03-29,1271.5625,1271.5625,3.309375
2007-03-30,982.5625,982.5625,3.1208332
2007-03-31,891.9375,891.9375,3.1625
2007-04-01,828.96875,828.96875,3.1135416
2007-04-02,891.7083,891.7083,3.14375
2007-04-03,924.94794,924.94794,3.2666667
2007-04-04,915.42706,915.42706,4.03125
2007-04-05,920.48956,920.48956,3.9468749
2007-04-06,929.3125,929.3125,3.8645833
2007-04-07,927.6458,927.6458,3.85625
2007-04-08,891.3542,891.3542,3.8854167
2007-04-09,1030.7084,1030.7084,5.967708
2007-04-10,1414.7423,1414.7423,3.6882813
2007-04-11,1428.0209,1428.0209,4.121875
2007-04-12,1171.5625,1171.5625,4.0739584
2007-04-13,1015.9167,1015.9167,4.009375
2007-04-14,918.1042,918.1042,3.3260417
2007-04-15,801.8542,801.8542,3.2604165
2007-04-16,760.4583,760.4583,3.278125
2007-04-17,740.57294,740.57294,3.26875
2007-04-18,700.7708,700.7708,3.203125
2007-04-19,660.94794,660.94794,3.221875
2007-04-20,634.2083,634.2083,3.2145834
2007-04-21,614.76044,614.76044,3.3739583
2007-04-22,615.46875,615.46875,3.3625
2007-04-23,636.15625,636.15625,3.403125
2007-04-24,689.0208,689.0208,3.4604168
2007-04-25,684.9167,684.9167,3.39375
2007-04-26,,,3.3958333
2007-04-27,,,3.4010417
2007-04-28,659.31946,659.31946,3.3979168
2007-04-29,632.90625,632.90625,3.4052083
2007-04-30,674.42706,674.42706,3.4895833
2007-05-01,788.88544,788.88544,3.4333334
2007-05-02,890.07294,890.07294,2.3041666
2007-05-03,1116.3125,1116.3125,2.2927084
2007-05-04,1149.375,1149.375,3.8333333
2007-05-05,1100.9375,1100.9375,3.7833333
2007-05-06,1099.4791,1099.4791,3.6916666
2007-05-07,1033.3438,1033.3438,3.6354165
2007-05-08,1017.5208,1017.5208,3.4645834
2007-05-09,958.34375,958.34375,3.51875
2007-05-10,868.5417,868.5417,3.5333333
2007-05-11,,,3.7802083
2007-05-12,,,3.9468749
2007-05-13,,,3.1447916
2007-05-14,,,2.821875
2007-05-15,,,2.8333333
2007-05-16,1312.5,1312.5,3.7645833
2007-05-17,2508.5417,2508.5417,3.565625
2007-05-18,2721.9792,2721.9792,3.975
2007-05-19,1960.7291,1960.7291,5.5645833
2007-05-20,1587.3959,1587.3959,9.640625
2007-05-21,1471.4584,1471.4584,14.479167
2007-05-22,1345.9375,1345.9375,21.385416
2007-05-23,1314.1666,1314.1666,15.397917
2007-05-24,1317.8125,1317.8125,5.34375
2007-05-25,1246.5385,1246.5385,4.8770833
2007-05-26,1136.3541,1136.3541,4.2958336
2007-05-27,970.67706,970.67706,4.25625
2007-05-28,917.5625,917.5625,4.24375
2007-05-29,919.94794,919.94794,4.2541666
2007-05-30,1014.63544,1014.63544,4.2708335
2007-05-31,1032.0938,1032.0938,4.2520833
2007-06-01,1088.8541,1088.8541,4.2333336
2007-06-02,1325.2084,1325.2084,4.241667
2007-06-03,1415.0,1415.0,4.15
2007-06-04,1424.0625,1424.0625,4.1854167
2007-06-05,1424.4791,1424.4791,4.2083335
2007-06-06,1532.7084,1532.7084,4.229167
2007-06-07,1424.5652,1424.5652,4.229167
2007-06-08,1170.8334,1170.8334,4.1916666
2007-06-09,1055.1459,1055.1459,4.1427083
2007-06-10,984.11456,984.11456,4.1229167
2007-06-11,887.9792,887.9792,3.7229166
2007-06-12,970.15625,970.15625,3.6541667
2007-06-13,1026.1979,1026.1979,3.6270833
2007-06-14,885.86456,885.86456,3.5895832
2007-06-15,808.6875,808.6875,3.59375
2007-06-16,848.80206,848.80206,3.5583334
2007-06-17,1001.71875,1001.71875,3.5604167
2007-06-18,904.28125,904.28125,3.50625
2007-06-19,979.36456,979.36456,3.50625
2007-06-20,879.0208,879.0208,3.4239583
2007-06-21,814.59784,814.59784,3.35625
2007-06-22,781.0625,781.0625,3.3270833
2007-06-23,656.13544,656.13544,3.3177083
2007-06-24,626.2708,626.2708,3.3458333
2007-06-25,623.0625,623.0625,3.34375
2007-06-26,613.26044,613.26044,3.31875
2007-06-27,565.40625,565.40625,3.325
2007-06-28,522.32294,522.32294,3.3177083
2007-06-29,502.8021,502.8021,3.3114583
2007-06-30,460.7396,460.7396,3.3072917
2007-07-01,424.84375,424.84375,3.2854166
2007-07-02,415.1354,415.1354,3.2802083
2007-07-03,390.4896,390.4896,3.2822917
2007-07-04,370.84375,370.84375,3.25625
2007-07-05,338.9684,338.9684,3.2291665
2007-07-06,327.77084,327.77084,3.225
2007-07-07,320.6875,320.6875,3.2291665
2007-07-08,316.58334,316.58334,3.20625
2007-07-09,285.2396,285.2396,3.25
2007-07-10,272.79166,272.79166,3.2375
2007-07-11,255.96875,255.96875,3.2333333
2007-07-12,244.8125,244.8125,3.2677083
2007-07-13,250.9375,250.9375,3.2388887
2007-07-14,261.2396,261.2396,3.2145832
2007-07-15,245.83333,245.83333,3.2145832
2007-07-16,232.0625,232.0625,3.2104166
2007-07-17,221.03125,221.03125,3.2020833
2007-07-18,209.0,209.0,3.2364583
2007-07-19,196.20833,196.20833,3.2229166
2007-07-20,184.45833,184.45833,3.20625
2007-07-21,199.04167,199.04167,3.20625
2007-07-22,208.54167,208.54167,3.2229166
2007-07-23,276.22916,276.22916,4.75125
2007-07-24,288.8125,288.8125,3.6229167
2007-07-25,281.3854,281.3854,3.2124999
2007-07-26,281.6354,281.6354,1.8508333
2007-07-27,326.8021,326.8021,3.1895833
2007-07-28,323.0104,323.0104,3.1666665
2007-07-29,411.90625,411.90625,3.2020833
2007-07-30,569.375,569.375,3.1958332
2007-07-31,432.125,432.125,3.225
2007-08-01,322.53262,322.53262,3.2645833
2007-08-02,297.71875,297.71875,3.29375
2007-08-03,306.16666,306.16666,3.31875
2007-08-04,317.34375,317.34375,3.3458333
2007-08-05,436.60416,436.60416,3.3447917
2007-08-06,488.3021,488.3021,3.3239584
2007-08-07,803.5833,803.5833,3.0375
2007-08-08,678.3125,678.3125,2.9760416
2007-08-09,509.1875,509.1875,3.35625
2007-08-10,388.60416,388.60416,3.8270833
2007-08-11,323.5625,323.5625,3.7708333
2007-08-12,283.5625,283.5625,3.73125
2007-08-13,256.4479,256.4479,3.6895833
2007-08-14,231.98958,231.98958,3.6708333
2007-08-15,225.91667,225.91667,3.6520832
2007-08-16,236.4375,236.4375,3.428125
2007-08-17,257.125,257.125,3.3822918
2007-08-18,244.60417,244.60417,3.5875
2007-08-19,216.875,216.875,3.7760415
2007-08-20,211.13542,211.13542,3.7520833
2007-08-21,177.52083,177.52083,3.7458332
2007-08-22,151.20833,151.20833,3.7395833
2007-08-23,148.03125,148.03125,3.69375
2007-08-24,130.32292,130.32292,3.6687498
2007-08-25,120.552086,120.552086,3.6354165
2007-08-26,121.708336,121.708336,3.6458333
2007-08-27,133.86458,133.86458,3.6854167
2007-08-28,127.666664,127.666664,3.6916666
2007-08-29,278.77084,278.77084,3.6166666
2007-08-30,206.4375,206.4375,3.0416665
2007-08-31,151.01042,151.01042,3.028125
2007-09-01,133.22917,133.22917,3.0010417
2007-09-02,131.67708,131.67708,2.7583332
2007-09-03,137.9375,137.9375,2.1135416
2007-09-04,132.59375,132.59375,11.297916
2007-09-05,122.1875,122.1875,3.1614583
2007-09-06,142.45833,142.45833,3.178125
2007-09-07,151.41667,151.41667,3.490625
2007-09-08,128.36458,128.36458,3.3864584
2007-09-09,119.083336,119.083336,3.3708334
2007-09-10,117.0625,117.0625,3.3645835
2007-09-11,111.520836,111.520836,3.35625
2007-09-12,107.96875,107.96875,3.315625
2007-09-13,101.572914,101.572914,3.23125
2007-09-14,100.979164,100.979164,3.175
2007-09-15,103.052086,103.052086,3.1708333
2007-09-16,99.4375,99.4375,3.1989582
2007-09-17,246.47917,246.47917,6.4890623
2007-09-18,915.2917,915.2917,3.5145833
2007-09-19,563.38544,563.38544,3.5135417
2007-09-20,345.3021,345.3021,3.4635417
2007-09-21,219.25,219.25,3.509375
2007-09-22,175.20833,175.20833,3.5052083
2007-09-23,386.83334,386.83334,33.7375
2007-09-24,1577.3438,1577.3438,11.215625
2007-09-25,1271.2709,1271.2709,4.4583335
2007-09-26,547.5833,547.5833,4.4
2007-09-27,355.96875,355.96875,4.2770834
2007-09-28,295.65625,295.65625,4.1927085
2007-09-29,246.48958,246.48958,4.1104164
2007-09-30,213.79167,213.79167,4.1979165
2007-10-01,204.54167,204.54167,4.2116666
2007-10-02,209.27083,209.27083,4.200208
2007-10-03,620.88544,620.88544,4.0608335
2007-10-04,383.59375,383.59375,3.770729
2007-10-05,300.79166,300.79166,3.3920834
2007-10-06,422.90625,422.90625,3.41125
2007-10-07,357.21875,357.21875,3.2311459
2007-10-08,354.9896,354.9896,3.0178125
2007-10-09,283.58334,283.58334,3.0153124
2007-10-10,257.6875,257.6875,3.3945832
2007-10-11,236.3125,236.3125,3.0140626
2007-10-12,217.83333,217.83333,2.415625
2007-10-13,205.70833,205.70833,2.3782291
2007-10-14,214.91667,214.91667,4.223854
2007-10-15,197.89583,197.89583,3.74625
2007-10-16,189.85417,189.85417,3.3773959
2007-10-17,195.66667,195.66667,3.5826042
2007-10-18,200.95833,200.95833,4.311875
2007-10-19,194.01042,194.01042,3.682604
2007-10-20,188.16667,188.16667,3.6294792
2007-10-21,195.8125,195.8125,3.4925
2007-10-22,212.20833,212.20833,3.1190627
2007-10-23,204.25,204.25,3.4140625
2007-10-24,192.38542,192.38542,3.9758334
2007-10-25,211.25,211.25,3.4655209
2007-10-26,221.59375,221.59375,3.3623958
2007-10-27,222.72917,222.72917,3.4145834
2007-10-28,215.75,215.75,3.5114584
2007-10-29,211.625,211.625,3.5410416
2007-10-30,201.75,201.75,3.5080209
2007-10-31,196.33333,196.33333,3.47875
2007-11-01,203.45833,203.45833,3.230729
2007-11-02,201.625,201.625,3.164375
2007-11-03,199.20833,199.20833,3.1440625
2007-11-04,199.29167,199.29167,3.2452083
2007-11-05,192.30208,192.30208,3.151875
2007-11-06,177.78261,177.78261,3.3646874
2007-11-07,175.27083,175.27083,3.6914582
2007-11-08,181.91667,181.91667,3.663125
2007-11-09,176.47917,176.47917,3.4952083
2007-11-10,172.375,172.375,3.1802084
2007-11-11,165.83333,165.83333,3.1036458
2007-11-12,173.63542,173.63542,3.0596876
2007-11-13,166.91667,166.91667,3.3182292
2007-11-14,164.61458,164.61458,3.9245834
2007-11-15,155.21875,155.21875,3.827396
2007-11-16,128.42708,128.42708,3.5427084
2007-11-17,121.291664,121.291664,3.5147917
2007-11-18,125.677086,125.677086,3.4970834
2007-11-19,125.895836,125.895836,3.5049999
2007-11-20,128.94792,128.94792,3.6136458
2007-11-21,132.26042,132.26042,3.5958333
2007-11-22,131.53125,131.53125,3.4858334
2007-11-23,154.90625,154.90625,3.5445833
2007-11-24,150.625,150.625,3.4645555
2007-11-25,139.3125,139.3125,3.259468
2007-11-26,143.0625,143.0625,3.2491667
2007-11-27,139.32292,139.32292,3.23
2007-11-28,138.08333,138.08333,3.294375
2007-11-29,140.17708,140.17708,3.2113543
2007-11-30,115.25,115.25,3.2982142
2007-12-01,,,2.0780883
2007-12-02,,,2.2228124
2007-12-03,,,2.4236457
2007-12-04,,,3.205
2007-12-05,,,3.1940625
2007-12-06,,,3.1675
2007-12-07,,,3.1010418
2007-12-08,,,3.34
2007-12-09,,,3.335
2007-12-10,,,3.33
2007-12-11,,,3.2475
2007-12-12,,,3.205
2007-12-13,,,2.944706
2007-12-14,,,3.049643
2007-12-19,,,2.8313234
2007-12-20,,,2.7497916
2007-12-21,,,2.6579168
2007-12-22,,,2.425521
2007-12-23,,,2.4889584
2007-12-24,,,2.4060714
2007-12-25,,,3.4532354
2007-12-26,,,3.4228573
2007-12-30,,,3.4236765
2007-12-31,,,3.4057143
2008-01-02,150.73529,150.73529,
2008-01-03,110.38646,110.38646,
2008-01-04,145.85715,145.85715,3.3930883
2008-01-05,,,3.3469791
2008-01-06,,,3.335
2008-01-07,,,3.2691667
2008-01-08,,,3.2753124
2008-01-09,,,3.2816668
2008-01-10,,,3.1778126
2008-01-11,,,3.2317858
2008-01-12,,,3.2483823
2008-01-13,,,3.2159376
2008-01-14,,,3.2103572
2008-01-21,,,2.412794
2008-01-22,,,2.20625
2008-01-23,,,2.09625
2008-01-24,,,2.03375
2008-01-25,,,1.9906249
2008-01-26,,,1.9725
2008-01-27,,,1.9195833
2008-01-28,,,2.1114583
2008-01-29,,,2.68
2008-01-30,,,2.5489705
2008-01-31,,,2.58
2008-02-01,,,2.6179411
2008-02-02,,,2.64625
2008-02-03,,,2.6316667
2008-02-04,,,2.6535418
2008-02-05,,,2.63
2008-02-07,,,2.4780884
2008-02-08,,,2.46875
2008-02-09,,,2.4470835
2008-02-10,,,2.4227085
2008-02-11,,,2.475914
2008-02-12,,,2.5080209
2008-02-13,,,2.5161457
2008-02-14,,,2.5082293
2008-02-15,,,2.6295834
2008-02-16,,,2.9284375
2008-02-17,,,2.945625
2008-02-18,,,2.92375
2008-02-19,,,2.9425
2008-02-20,,,2.9565625
2008-02-21,,,2.96125
2008-02-22,,,2.94875
2008-02-23,,,2.94875
2008-02-24,,,2.945625
2008-02-25,,,2.970625
2008-02-26,,,2.9628124
2008-02-27,,,2.9425
2008-02-28,,,2.9753125
2008-02-29,,,2.983125
2008-03-01,,,2.9753125
2008-03-02,,,2.98
2008-03-03,,,2.908229
2008-03-04,,,2.9534376
2008-03-05,262.25,262.25,2.970625
2008-03-06,244.40625,244.40625,2.94875
2008-03-07,236.12903,236.12903,2.8897917
2008-03-08,224.77083,224.77083,2.8799999
2008-03-09,220.65625,220.65625,2.8878124
2008-03-10,232.54167,232.54167,2.8799999
2008-03-11,244.10417,244.10417,2.8553123
2008-03-12,233.53125,233.53125,2.876875
2008-03-13,235.29167,235.29167,2.8815625
2008-03-14,255.83333,255.83333,2.876875
2008-03-15,302.3646,302.3646,2.861354
2008-03-16,307.02084,307.02084,2.8386457
2008-03-17,290.95834,290.95834,2.829375
2008-03-18,279.9896,279.9896,2.84625
2008-03-19,271.35416,271.35416,2.8909376
2008-03-20,261.1979,261.1979,2.9753125
2008-03-21,227.52083,227.52083,2.9268749
2008-03-22,238.41667,238.41667,2.955
2008-03-23,253.6875,253.6875,2.9425
2008-03-24,285.0,285.0,2.9503126
2008-03-25,305.90625,305.90625,2.955
2008-03-26,346.875,346.875,2.98625
2008-03-27,566.5,566.5,2.9971876
2008-03-28,1099.6146,1099.6146,3.005
2008-03-29,1715.4166,1715.4166,3.01125
2008-03-30,,,2.99875
2008-03-31,,,3.0331252
2008-04-01,,,2.986354
2008-04-02,1817.3611,1817.3611,2.8480208
2008-04-03,1819.8959,1819.8959,2.8846874
2008-04-04,2103.6458,2103.6458,2.8605208
2008-04-05,2035.3125,2035.3125,2.8021874
2008-04-06,2160.9375,2160.9375,2.880104
2008-04-07,1989.4791,1989.4791,2.9019792
2008-04-08,1879.0625,1879.0625,2.88625
2008-04-09,1965.9375,1965.9375,2.8941667
2008-04-10,2173.8542,2173.8542,2.9503126
2008-04-11,1886.9791,1886.9791,2.8988543
2008-04-12,1621.9791,1621.9791,2.8504167
2008-04-13,1490.625,1490.625,2.8878124
2008-04-14,1602.2916,1602.2916,2.93
2008-04-15,2188.0208,2188.0208,2.981875
2008-04-16,2808.2292,2808.2292,2.9725
2008-04-17,2958.5417,2958.5417,2.8526042
2008-04-18,2157.2917,2157.2917,2.956771
2008-04-19,2014.1666,2014.1666,2.7565625
2008-04-20,2893.125,2893.125,1.6858333
2008-04-21,3676.1458,3676.1458,2.1383333
2008-04-22,3560.5208,3560.5208,3.9008334
2008-04-23,3312.3958,3312.3958,
2008-04-24,3443.0208,3443.0208,
2008-04-25,3213.0208,3213.0208,0.92472225
2008-04-26,2916.9792,2916.9792,0.96510416
2008-04-27,2808.4375,2808.4375,0.63458335
2008-04-28,2730.1042,2730.1042,0.6680435
2008-04-29,2845.0,2845.0,0.81822914
2008-04-30,3049.2708,3049.2708,1.79
2008-05-01,2884.1667,2884.1667,2.250421
2008-05-02,2554.2708,2554.2708,3.6861458
2008-05-03,2155.7292,2155.7292,3.575
2008-05-04,2161.6667,2161.6667,3.5210416
2008-05-05,2269.6875,2269.6875,3.5486457
2008-05-06,2366.5625,2366.5625,3.5339582
2008-05-07,2519.0625,2519.0625,3.3523958
2008-05-08,2577.3958,2577.3958,2.5011828
2008-05-09,2947.5,2947.5,2.4847918
2008-05-10,2801.0417,2801.0417,3.9625
2008-05-11,2761.5625,2761.5625,3.6968749
2008-05-12,2860.5208,2860.5208,3.3825
2008-05-13,2879.5833,2879.5833,4.616667
2008-05-14,2767.7083,2767.7083,4.426875
2008-05-15,2475.3125,2475.3125,4.3421874
2008-05-16,2673.125,2673.125,4.3395834
2008-05-17,3004.7917,3004.7917,3.66125
2008-05-18,3386.7708,3386.7708,9.3307295
2008-05-19,3676.6667,3676.6667,13.244896
2008-05-20,3899.5833,3899.5833,4.5346875
2008-05-21,4127.2915,4127.2915,9.758333
2008-05-22,4599.0625,4599.0625,
2008-05-23,4398.75,4398.75,6.9780555
2008-05-24,3935.4167,3935.4167,6.4908333
2008-05-25,3498.4375,3498.4375,6.264896
2008-05-26,3028.125,3028.125,6.0470834
2008-05-27,2738.75,2738.75,5.903333
2008-05-28,2426.7708,2426.7708,5.9296875
2008-05-29,2026.7709,2026.7709,6.2390623
2008-05-30,2013.3334,2013.3334,6.236146
2008-05-31,2066.3542,2066.3542,5.7182293
2008-06-01,2138.75,2138.75,5.725521
2008-06-02,2294.375,2294.375,5.6208334
2008-06-03,2495.1042,2495.1042,4.7740626
2008-06-04,2598.8542,2598.8542,4.00375
2008-06-05,2694.1667,2694.1667,4.0273957
2008-06-06,2346.6667,2346.6667,4.1001043
2008-06-07,1868.8541,1868.8541,4.6833334
2008-06-08,1742.9166,1742.9166,4.374375
2008-06-09,2021.9791,2021.9791,3.7790625
2008-06-10,1963.0209,1963.0209,4.479271
2008-06-11,1932.2916,1932.2916,4.4427085
2008-06-12,2279.6875,2279.6875,4.093125
2008-06-13,2005.2084,2005.2084,4.2847915
2008-06-14,1867.1875,1867.1875,4.4308333
2008-06-15,1765.7291,1765.7291,4.263125
2008-06-16,1707.5,1707.5,4.1731253
2008-06-17,1869.0625,1869.0625,3.9991667
2008-06-18,2176.6667,2176.6667,3.6833334
2008-06-19,2525.4167,2525.4167,3.6694791
2008-06-20,2574.4792,2574.4792,3.7641666
2008-06-21,2292.2917,2292.2917,4.59125
2008-06-22,1946.9791,1946.9791,4.6541667
2008-06-23,1934.0625,1934.0625,4.6147914
2008-06-24,1844.7916,1844.7916,4.6916666
2008-06-25,1625.9375,1625.9375,4.5689583
2008-06-26,1515.7291,1515.7291,4.4134374
2008-06-27,1460.0,1460.0,4.6520834
2008-06-28,,,4.6292706
2008-06-29,,,4.625
2008-06-30,,,4.612604
2008-07-01,,,4.6375
2008-07-02,921.9722,921.9722,4.577396
2008-07-03,846.875,846.875,4.5898957
2008-07-04,858.8806,858.8806,4.587604
2008-07-05,798.82025,798.82025,4.528229
2008-07-06,718.625,718.625,4.510104
2008-07-07,689.0,689.0,4.49
2008-07-08,684.05615,684.05615,4.4413543
2008-07-09,651.9239,651.9239,4.423021
2008-07-10,565.0833,565.0833,4.4270835
2008-07-11,,,4.4351044
2008-07-12,,,4.4529166
2008-07-13,,,4.41125
2008-07-14,,,4.4314585
2008-07-15,,,4.3970833
2008-07-16,,,4.3795834
2008-07-17,,,4.393646
2008-07-18,,,4.3446875
2008-07-19,506.4861,506.4861,4.286875
2008-07-20,446.89584,446.89584,4.2753124
2008-07-21,407.52084,407.52084,4.2408333
2008-07-22,419.02084,419.02084,4.2200003
2008-07-23,426.7604,426.7604,4.218125
2008-07-24,461.3646,461.3646,4.210625
2008-07-25,539.9167,539.9167,4.17875
2008-07-26,532.2292,532.2292,4.2125
2008-07-27,524.25,524.25,4.180625
2008-07-28,717.7917,717.7917,4.1675
2008-07-29,601.46875,601.46875,4.145
2008-07-30,470.75,470.75,4.1225
2008-07-31,395.4375,395.4375,4.1150002
2008-08-01,341.46875,341.46875,4.071875
2008-08-02,313.0,313.0,4.0625
2008-08-03,289.8854,289.8854,4.05875
2008-08-04,279.6771,279.6771,4.08125
2008-08-05,262.28125,262.28125,4.07
2008-08-06,250.39583,250.39583,6.6589584
2008-08-07,329.3646,329.3646,5.838854
2008-08-08,455.58334,455.58334,4.78125
2008-08-09,,,5.6815624
2008-08-10,661.1667,661.1667,2.9161458
2008-08-11,675.8333,675.8333,3.4323957
2008-08-12,475.8854,475.8854,3.6277082
2008-08-13,372.14584,372.14584,4.15875
2008-08-14,329.03125,329.03125,5.312396
2008-08-15,289.65625,289.65625,5.3416667
2008-08-16,261.4896,261.4896,5.3965626
2008-08-17,242.45833,242.45833,5.43375
2008-08-18,228.55208,228.55208,5.440313
2008-08-19,211.25,211.25,5.4031253
2008-08-20,202.83333,202.83333,4.121979
2008-08-21,179.19792,179.19792,3.3266666
2008-08-22,176.70833,176.70833,4.1243753
2008-08-23,174.39583,174.39583,4.09625
2008-08-24,156.69792,156.69792,4.083125
2008-08-25,157.39583,157.39583,4.0550003
2008-08-26,152.58333,152.58333,4.055938
2008-08-27,,,3.9434376
2008-08-28,158.52777,158.52777,3.9361458
2008-08-29,171.96875,171.96875,3.9272916
2008-08-30,195.20833,195.20833,3.9288542
2008-08-31,168.54167,168.54167,3.9382293
2008-09-01,,,3.935
2008-09-02,157.86111,157.86111,3.9092708
2008-09-03,195.44792,195.44792,3.9039583
2008-09-04,191.375,191.375,3.8952084
2008-09-05,169.55208,169.55208,3.8791666
2008-09-06,160.69792,160.69792,3.9021876
2008-09-07,153.96875,153.96875,3.9383333
2008-09-08,151.25,151.25,3.961875
2008-09-09,,,3.925521
2008-09-10,128.80556,128.80556,3.8089583
2008-09-11,126.864586,126.864586,2.4983335
2008-09-12,134.30208,134.30208,3.2426043
2008-09-13,135.46875,135.46875,3.2190626
2008-09-14,153.64583,153.64583,3.2065625
2008-09-15,170.85417,170.85417,3.145625
2008-09-16,154.02083,154.02083,3.1253126
2008-09-17,144.15625,144.15625,3.1378126
2008-09-18,134.75,134.75,3.1378126
2008-09-19,125.46875,125.46875,3.1268752
2008-09-20,108.895836,108.895836,3.1268752
2008-09-21,106.260414,106.260414,3.1253126
2008-09-22,101.45,101.45,3.058646
2008-09-23,98.03854,98.03854,2.7454166
2008-09-24,92.489586,92.489586,2.7658334
2008-09-25,87.75,87.75,2.7629166
2008-09-26,86.74271,86.74271,2.68125
2008-09-27,87.52187,87.52187,2.5953126
2008-09-28,89.38854,89.38854,2.543229
2008-09-29,88.981255,88.981255,2.510729
2008-09-30,99.697914,99.697914,2.4132292
2008-10-01,96.48021,96.48021,2.489271
2008-10-02,90.020836,90.020836,3.1154168
2008-10-03,85.412506,85.412506,4.1578126
2008-10-04,85.808334,85.808334,2.93
2008-10-05,95.484375,95.484375,3.03625
2008-10-06,119.458336,119.458336,2.9669793
2008-10-07,194.625,194.625,2.9314582
2008-10-08,216.33333,216.33333,2.8992708
2008-10-09,211.5,211.5,3.0080209
2008-10-10,176.13542,176.13542,3.2420833
2008-10-11,161.52083,161.52083,3.2585416
2008-10-12,148.4375,148.4375,3.1744792
2008-10-13,142.40625,142.40625,3.176771
2008-10-14,153.25,153.25,3.2047918
2008-10-15,152.97917,152.97917,3.2484374
2008-10-16,149.89583,149.89583,3.2458334
2008-10-17,155.6875,155.6875,3.236875
2008-10-18,162.57292,162.57292,3.239271
2008-10-19,162.23958,162.23958,3.25375
2008-10-20,160.55208,160.55208,3.1183333
2008-10-21,161.36458,161.36458,3.0076041
2008-10-22,160.14583,160.14583,2.8596876
2008-10-23,162.30208,162.30208,3.28875
2008-10-24,161.21875,161.21875,4.1027083
2008-10-25,156.14583,156.14583,3.743125
2008-10-26,155.98958,155.98958,3.6283333
2008-10-27,159.61458,159.61458,3.5145833
2008-10-28,152.05208,152.05208,3.5403125
2008-10-29,148.32292,148.32292,3.565
2008-10-30,151.27083,151.27083,3.5183332
2008-10-31,154.39583,154.39583,3.4654167
2008-11-01,152.14583,152.14583,3.44375
2008-11-02,153.625,153.625,3.4721875
2008-11-03,152.67708,152.67708,3.4464583
2008-11-04,148.47917,148.47917,3.46
2008-11-05,149.32292,149.32292,3.5114584
2008-11-06,155.97917,155.97917,3.4025264
2008-11-07,160.27083,160.27083,2.8165262
2008-11-08,155.38542,155.38542,2.8467708
2008-11-09,148.02083,148.02083,2.78875
2008-11-10,160.35417,160.35417,2.61
2008-11-11,163.59375,163.59375,2.228125
2008-11-12,162.22917,162.22917,2.202604
2008-11-13,165.9375,165.9375,3.090625
2008-11-14,160.65625,160.65625,3.173125
2008-11-15,158.54167,158.54167,3.4478126
2008-11-16,159.08333,159.08333,3.4116666
2008-11-17,156.53125,156.53125,3.3147917
2008-11-18,150.58333,150.58333,3.0989583
2008-11-19,151.78125,151.78125,3.0783334
2008-11-20,152.78125,152.78125,3.0858333
2008-11-21,149.17708,149.17708,3.0782292
2008-11-22,128.25,128.25,3.0523958
2008-11-23,116.229164,116.229164,3.0496874
2008-11-24,110.59375,110.59375,3.1251042
2008-11-25,110.458336,110.458336,3.1422915
2008-11-26,114.104164,114.104164,3.0795834
2008-11-27,116.708336,116.708336,3.1095834
2008-11-28,168.76042,168.76042,3.126875
2008-11-29,181.22917,181.22917,3.1185417
2008-11-30,178.03125,178.03125,3.083229
2008-12-01,163.52689,163.52689,3.06
2008-12-02,156.5,156.5,3.0655208
2008-12-03,151.8125,151.8125,3.0796876
2008-12-04,150.875,150.875,3.044896
2008-12-05,150.3125,150.3125,3.0283334
2008-12-06,147.4375,147.4375,3.0646875
2008-12-07,144.84375,144.84375,3.1722918
2008-12-08,139.70833,139.70833,3.1585417
2008-12-09,152.6875,152.6875,3.1517708
2008-12-10,169.04167,169.04167,3.0939584
2008-12-11,160.5625,160.5625,3.1346874
2008-12-12,147.21428,147.21428,3.1309376
2008-12-13,,,3.1407292
2008-12-14,,,2.9792857
2008-12-16,,,2.7969117
2008-12-17,,,2.776354
2008-12-18,,,2.7571874
2008-12-19,,,2.7128124
2008-12-20,,,2.787604
2008-12-21,,,2.7771428
2008-12-22,,,2.7761765
2008-12-23,,,2.7567708
2008-12-24,,,2.7771428
2008-12-25,,,2.6183822
2008-12-26,,,2.6142707
2008-12-27,,,2.6160712
2009-01-02,,,2.214706
2009-01-03,,,2.1822917
2009-01-04,,,2.2285714
2009-01-07,,,2.1238234
2009-01-08,,,2.0960417
2009-01-09,,,2.0970833
2009-01-10,,,2.0879166
2009-01-11,,,2.0947917
2009-01-12,,,2.0814583
2009-01-13,,,2.0785415
2009-01-14,,,2.058854
2009-01-15,,,2.0774999
2009-01-16,,,2.068125
2009-01-17,,,2.0766666
2009-01-18,,,2.0690625
2009-01-19,,,2.0625
2009-01-20,,,2.0596874
2009-01-21,,,2.2398958
2009-01-22,,,4.2577085
2009-01-23,,,3.7022917
2009-01-24,,,3.7095833
2009-01-25,,,3.6804166
2009-01-26,,,3.6789584
2009-01-27,,,3.6663542
2009-01-28,,,3.558854
2009-01-29,,,3.6703572
2009-01-30,,,3.6407351
2009-01-31,,,3.6240625
2009-02-01,,,3.6703124
2009-02-02,,,3.6005208
2009-02-03,,,3.5880208
2009-02-04,,,3.5821874
2009-02-05,,,3.5686457
2009-02-06,,,3.4241667
2009-02-07,,,3.0898957
2009-02-08,,,3.084643
2009-02-09,192.47058,192.47058,2.9635293
2009-02-10,178.38542,178.38542,2.8433332
2009-02-11,168.625,168.625,3.1714582
2009-02-12,165.98958,165.98958,3.9108334
2009-02-13,160.53125,160.53125,3.9283333
2009-02-14,158.36458,158.36458,3.856875
2009-02-15,160.52083,160.52083,3.8554165
2009-02-16,152.875,152.875,3.804375
2009-02-17,150.25,150.25,3.8189583
2009-02-18,152.15625,152.15625,3.813125
2009-02-19,161.875,161.875,3.8102083
2009-02-20,157.65625,157.65625,3.8072915
2009-02-21,153.72917,153.72917,3.8291667
2009-02-22,149.40625,149.40625,3.8014584
2009-02-23,152.70833,152.70833,3.804375
2009-02-24,167.15625,167.15625,3.8335416
2009-02-25,183.73958,183.73958,3.8262498
2009-02-26,204.58333,204.58333,3.8364582
2009-02-27,201.91667,201.91667,3.8233333
2009-02-28,196.59375,196.59375,3.67625
2009-03-01,189.95833,189.95833,3.7965624
2009-03-02,186.98958,186.98958,3.8189583
2009-03-03,196.08333,196.08333,3.8422916
2009-03-04,198.0,198.0,3.8422916
2009-03-05,204.41667,204.41667,3.8174999
2009-03-06,213.95833,213.95833,3.795625
2009-03-07,223.28125,223.28125,3.8189583
2009-03-08,220.14583,220.14583,3.716979
2009-03-09,211.625,211.625,3.7475
2009-03-10,189.89583,189.89583,3.5578125
2009-03-11,194.61458,194.61458,3.2047915
2009-03-12,197.23958,197.23958,3.08375
2009-03-13,180.39583,180.39583,2.8502083
2009-03-14,184.58333,184.58333,2.7504165
2009-03-15,178.02083,178.02083,2.6973958
2009-03-16,174.125,174.125,2.6658332
2009-03-17,158.15625,158.15625,2.6383333
2009-03-18,133.28125,133.28125,2.660104
2009-03-19,141.03125,141.03125,2.5867708
2009-03-20,164.34375,164.34375,2.5695832
2009-03-21,198.0,198.0,2.577604
2009-03-22,277.85416,277.85416,2.5561457
2009-03-23,374.27084,374.27084,2.5584373
2009-03-24,445.8229,445.8229,2.4878125
2009-03-25,430.0104,430.0104,2.470729
2009-03-26,369.5729,369.5729,2.4620833
2009-03-27,325.4382,325.4382,2.4472916
2009-03-28,304.875,304.875,2.4502084
2009-03-29,,,2.484896
2009-03-30,,,2.4316666
2009-03-31,,,2.4083333
2009-04-01,295.09723,295.09723,2.15875
2009-04-02,294.4896,294.4896,1.7221875
2009-04-03,286.8125,286.8125,2.3108332
2009-04-04,270.1875,270.1875,2.2229166
2009-04-05,292.72916,292.72916,2.0015624
2009-04-06,277.9375,277.9375,2.5011458
2009-04-07,261.95834,261.95834,2.511979
2009-04-08,287.6771,287.6771,2.5791667
2009-04-09,373.25,373.25,3.1372917
2009-04-10,684.2292,684.2292,3.1134374
2009-04-11,652.82294,652.82294,3.1707292
2009-04-12,771.6042,771.6042,3.14875
2009-04-13,650.0833,650.0833,3.118854
2009-04-14,644.09375,644.09375,3.0986457
2009-04-15,824.3958,824.3958,3.0229166
2009-04-16,876.30206,876.30206,2.989479
2009-04-17,912.6458,912.6458,2.8672917
2009-04-18,740.34375,740.34375,2.8322916
2009-04-19,665.28125,665.28125,2.8719792
2009-04-20,782.4583,782.4583,2.7066667
2009-04-21,957.76044,957.76044,2.4537501
2009-04-22,1261.5625,1261.5625,2.23625
2009-04-23,1590.5555,1590.5555,2.35375
2009-04-24,1681.7205,1681.7205,2.2476041
2009-04-25,1728.4615,1728.4615,4.083125
2009-04-26,1690.0,1690.0,3.3045833
2009-04-27,1468.2609,1468.2609,1.710625
2009-04-28,1263.6666,1263.6666,2.7311459
2009-04-29,1242.5275,1242.5275,2.8102083
2009-04-30,1169.2391,1169.2391,3.276354
2009-05-01,1359.2709,1359.2709,4.7990627
2009-05-02,1463.75,1463.75,3.9153125
2009-05-03,1770.2084,1770.2084,2.9385417
2009-05-04,1756.9791,1756.9791,3.065625
2009-05-05,1597.3033,1597.3033,3.3515625
2009-05-06,1449.7701,1449.7701,4.104896
2009-05-07,1375.5421,1375.5421,2.5409374
2009-05-08,1453.7646,1453.7646,3.538646
2009-05-09,1636.5432,1636.5432,3.3923957
2009-05-10,1691.0526,1691.0526,2.9217708
2009-05-11,1673.117,1673.117,3.3379166
2009-05-12,1789.875,1789.875,3.1625
2009-05-13,1930.241,1930.241,2.8087502
2009-05-14,2447.2222,2447.2222,4.071146
2009-05-15,3422.0896,3422.0896,3.7970834
2009-05-16,3053.3784,3053.3784,3.7081249
2009-05-17,3321.3635,3321.3635,3.7205207
2009-05-18,3380.1316,3380.1316,3.6761458
2009-05-19,3247.6562,3247.6562,3.6573958
2009-05-20,2782.9033,2782.9033,3.4911458
2009-05-21,2663.1482,2663.1482,2.8339584
2009-05-22,2530.5881,2530.5881,1.9220834
2009-05-23,2475.3333,2475.3333,5.0490627
2009-05-24,2448.3928,2448.3928,28.4975
2009-05-25,2718.889,2718.889,3.3209374
2009-05-26,2931.8867,2931.8867,1.4380208
2009-05-27,2939.8572,2939.8572,3.0691667
2009-05-28,2058.5417,2058.5417,2.5296874
2009-05-29,1700.8334,1700.8334,2.16875
2009-05-30,1521.1459,1521.1459,0.14
2009-05-31,1473.5416,1473.5416,0.14041667
2009-06-01,1418.421,1418.421,1.0755209
2009-06-02,1292.7084,1292.7084,2.6303124
2009-06-03,1142.8125,1142.8125,2.4782293
2009-06-04,1001.4583,1001.4583,2.7827084
2009-06-05,866.2708,866.2708,3.5564582
2009-06-06,880.32294,880.32294,3.6441667
2009-06-07,861.65625,861.65625,3.6672916
2009-06-08,801.2708,801.2708,3.390625
2009-06-09,718.03125,718.03125,3.3814583
2009-06-10,689.6042,689.6042,3.3814583
2009-06-11,648.71875,648.71875,3.1083333
2009-06-12,630.55206,630.55206,2.6303124
2009-06-13,555.53125,555.53125,2.6073956
2009-06-14,494.7604,494.7604,2.5852084
2009-06-15,500.47916,500.47916,3.8733335
2009-06-16,488.3229,488.3229,3.4965625
2009-06-17,476.47916,476.47916,3.469479
2009-06-18,514.03125,514.03125,3.5141666
2009-06-19,545.92706,545.92706,3.4979167
2009-06-20,552.34375,552.34375,3.412604
2009-06-21,654.3958,654.3958,3.4234376
2009-06-22,640.70966,640.70966,3.442396
2009-06-23,584.6774,584.6774,3.4478126
2009-06-24,644.2632,644.2632,3.279375
2009-06-25,631.5326,631.5326,3.1814582
2009-06-26,844.86456,844.86456,5.9952083
2009-06-27,1320.7396,1320.7396,5.485104
2009-06-28,1337.0834,1337.0834,2.9286458
2009-06-29,1006.0417,1006.0417,2.8878124
2009-06-30,826.76044,826.76044,3.2128124
2009-07-01,715.34375,715.34375,3.5430207
2009-07-02,651.3125,651.3125,3.484375
2009-07-03,586.15625,586.15625,3.4139583
2009-07-04,566.2917,566.2917,3.2917707
2009-07-05,557.69794,557.69794,3.1784375
2009-07-06,497.1146,497.1146,3.9441667
2009-07-07,459.53125,459.53125,3.9210417
2009-07-08,406.3229,406.3229,3.6833334
2009-07-09,374.14584,374.14584,3.6672916
2009-07-10,356.4271,356.4271,3.654271
2009-07-11,329.40625,329.40625,3.5771875
2009-07-12,321.47916,321.47916,3.5615625
2009-07-13,328.8021,328.8021,3.5521874
2009-07-14,320.9375,320.9375,3.5128124
2009-07-15,316.85416,316.85416,3.5046875
2009-07-16,288.58334,288.58334,3.5222917
2009-07-17,272.10416,272.10416,3.5304167
2009-07-18,229.11458,229.11458,3.5195832
2009-07-19,210.625,210.625,3.533125
2009-07-20,199.04167,199.04167,3.5290625
2009-07-21,190.63542,190.63542,3.516875
2009-07-22,171.55208,171.55208,3.4830208
2009-07-23,160.45833,160.45833,3.4572916
2009-07-24,165.375,165.375,3.4870834
2009-07-25,150.03125,150.03125,3.5073957
2009-07-26,135.86458,135.86458,3.4884374
2009-07-27,169.46875,169.46875,3.4735417
2009-07-28,219.55208,219.55208,3.624271
2009-07-29,233.26042,233.26042,3.7066667
2009-07-30,171.20833,171.20833,3.6672916
2009-07-31,146.09375,146.09375,3.6322916
2009-08-01,139.34375,139.34375,3.5498958
2009-08-02,133.5,133.5,3.451875
2009-08-03,131.97917,131.97917,3.451875
2009-08-04,116.58064,116.58064,3.4302084
2009-08-05,106.33542,106.33542,3.403125
2009-08-06,101.26666,101.26666,3.4058332
2009-08-07,96.95555,96.95555,3.4017708
2009-08-08,93.25208,93.25208,3.4139583
2009-08-09,92.44375,92.44375,3.4071875
2009-08-10,89.47604,89.47604,3.3936458
2009-08-11,89.29167,89.29167,3.3719792
2009-08-12,81.79062,81.79062,3.3409374
2009-08-13,76.19896,76.19896,3.3372917
2009-08-14,74.561455,74.561455,3.3413541
2009-08-15,76.476036,76.476036,3.3448958
2009-08-16,83.67291,83.67291,3.317604
2009-08-17,99.05417,99.05417,3.6252084
2009-08-18,90.30521,90.30521,4.1708336
2009-08-19,82.697914,82.697914,4.015521
2009-08-20,73.472916,73.472916,3.54125
2009-08-21,69.54583,69.54583,3.8789582
2009-08-22,67.45416,67.45416,3.73
2009-08-23,65.95729,65.95729,3.725625
2009-08-24,65.21042,65.21042,3.4440625
2009-08-25,61.415627,61.415627,3.370625
2009-08-26,62.584373,62.584373,3.354479
2009-08-27,118.36354,118.36354,3.4342709
2009-08-28,99.364586,99.364586,3.4071875
2009-08-29,82.66563,82.66563,3.4044793
2009-08-30,75.61354,75.61354,3.4112499
2009-08-31,73.37396,73.37396,3.4166667
2009-09-01,69.83229,69.83229,3.4004166
2009-09-02,68.61458,68.61458,3.3709373
2009-09-03,67.66562,67.66562,3.3572917
2009-09-04,66.70416,66.70416,3.3526042
2009-09-05,64.89896,64.89896,3.3680208
2009-09-06,67.43021,67.43021,3.3855207
2009-09-07,70.49479,70.49479,3.4044793
2009-09-08,81.0,81.0,3.3977084
2009-09-09,80.30729,80.30729,3.412604
2009-09-10,79.316666,79.316666,3.4220834
2009-09-11,74.64271,74.64271,3.4220834
2009-09-12,71.13229,71.13229,3.4288542
2009-09-13,79.4375,79.4375,3.4342709
2009-09-14,77.02604,77.02604,3.4640625
2009-09-15,95.07604,95.07604,21.580833
2009-09-16,85.958336,85.958336,2.8492708
2009-09-17,74.83646,74.83646,3.3109374
2009-09-18,70.907295,70.907295,3.3059375
2009-09-19,82.18958,82.18958,3.2958333
2009-09-20,127.77187,127.77187,3.29
2009-09-21,136.03125,136.03125,3.2866666
2009-09-22,137.51042,137.51042,3.2866666
2009-09-23,127.354164,127.354164,3.28
2009-09-24,112.979164,112.979164,3.3016667
2009-09-25,105.0625,105.0625,3.2875
2009-09-26,100.63646,100.63646,3.2908332
2009-09-27,98.20104,98.20104,3.2916665
2009-09-28,93.16875,93.16875,3.29
2009-09-29,89.35208,89.35208,3.2916665
2009-09-30,84.0125,84.0125,3.3274999
2009-10-01,75.85,75.85,3.3572917
2009-10-02,71.69271,71.69271,2.8358333
2009-10-03,73.808334,73.808334,2.7641666
2009-10-04,89.63333,89.63333,2.671146
2009-10-05,118.04479,118.04479,2.823229
2009-10-06,136.15625,136.15625,3.4115624
2009-10-07,138.0,138.0,3.3815625
2009-10-08,136.96875,136.96875,3.2802083
2009-10-09,131.5625,131.5625,3.1491666
2009-10-10,131.0,131.0,3.1566668
2009-10-11,128.89583,128.89583,3.165
2009-10-12,125.541664,125.541664,3.0791667
2009-10-13,117.302086,117.302086,3.029479
2009-10-14,114.46875,114.46875,2.9717708
2009-10-15,115.989586,115.989586,2.8125
2009-10-16,128.39583,128.39583,2.8433332
2009-10-17,130.59375,130.59375,3.055104
2009-10-18,129.33333,129.33333,2.9307292
2009-10-19,129.70833,129.70833,2.8807292
2009-10-20,133.5,133.5,6.3796873
2009-10-21,136.96875,136.96875,4.2385416
2009-10-22,140.46875,140.46875,4.0733337
2009-10-23,133.3125,133.3125,3.2568057
2009-10-24,133.5,133.5,3.2591667
2009-10-25,134.5625,134.5625,3.1708333
2009-10-26,131.46875,131.46875,3.2501042
2009-10-27,130.91667,130.91667,3.5033333
2009-10-28,137.25,137.25,3.4497917
2009-10-29,137.1875,137.1875,3.4473958
2009-10-30,155.90625,155.90625,3.448021
2009-10-31,148.09375,148.09375,3.3982291
2009-11-01,140.1875,140.1875,3.3604167
2009-11-02,146.3125,146.3125,3.2983332
2009-11-03,146.3125,146.3125,3.3126042
2009-11-04,145.0625,145.0625,3.3016667
2009-11-05,145.25,145.25,3.21
2009-11-06,144.59375,144.59375,3.0891666
2009-11-07,142.21875,142.21875,3.0725
2009-11-08,140.78125,140.78125,3.0658333
2009-11-09,139.46875,139.46875,2.9910417
2009-11-10,137.78125,137.78125,3.0779166
2009-11-11,134.9375,134.9375,3.3142707
2009-11-12,135.21875,135.21875,3.3033333
2009-11-13,133.96875,133.96875,3.3033333
2009-11-14,137.03125,137.03125,3.2958333
2009-11-15,159.40625,159.40625,3.2810416
2009-11-16,156.92708,156.92708,3.218
2009-11-17,152.55208,152.55208,3.1883333
2009-11-18,141.03125,141.03125,3.2083335
2009-11-19,126.375,126.375,3.1925
2009-11-20,137.625,137.625,3.1783333
2009-11-21,136.29167,136.29167,3.1566668
2009-11-22,127.083336,127.083336,3.1758335
2009-11-23,124.0,124.0,3.1341667
2009-11-24,106.86875,106.86875,3.1025
2009-11-25,103.75,103.75,3.1066666
2009-11-26,104.770836,104.770836,3.1258333
2009-11-27,98.53958,98.53958,3.1308334
2009-11-28,112.26875,112.26875,3.1316667
2009-11-29,124.927086,124.927086,3.1283333
2009-11-30,134.44792,134.44792,3.1266665
2009-12-01,147.42857,147.42857,3.1325
2009-12-02,125.92647,125.92647,3.1758332
2009-12-03,120.89286,120.89286,3.52
2009-12-06,,,3.4482353
2009-12-07,,,3.4172916
2009-12-08,,,3.4333708
2009-12-09,,,3.2317858
2009-12-12,,,3.4025
2009-12-13,,,3.15
2009-12-14,,,3.0583334
2009-12-15,,,3.024375
2009-12-16,,,3.029271
2009-12-17,,,3.0204167
2009-12-18,,,3.0161457
2009-12-19,,,3.0160713
2009-12-21,,,2.8894117
2009-12-22,,,2.9008334
2009-12-23,,,2.8858333
2009-12-24,,,2.877143
2009-12-30,,,2.8364706
2009-12-31,,,2.8358333
2010-01-01,,,2.8391666
2010-01-02,,,2.8266666
2010-01-03,,,2.8342857
2010-01-05,,,2.7108824
2010-01-06,,,2.6952083
2010-01-07,,,2.6788542
2010-01-08,,,2.6775
2010-01-12,,,2.617059
2010-01-13,,,2.6157293
2010-01-14,,,2.6166668
2010-01-15,,,2.6191669
2010-01-16,,,2.6115625
2010-01-17,,,2.6058333
2010-01-18,,,2.6033335
2010-01-19,,,2.5925
2010-01-20,,,2.5925
2010-01-21,,,2.5915625
2010-01-22,,,2.5915625
2010-01-23,,,2.571771
2010-01-24,,,2.5858333
2010-01-25,,,2.5858333
2010-01-26,,,2.6319792
2010-01-27,,,2.9852083
2010-01-28,,,2.9815626
2010-01-29,,,2.9684374
2010-01-30,,,2.955104
2010-01-31,,,2.961875
2010-02-01,,,2.9244792
2010-02-02,,,2.9165626
2010-02-03,,,2.92
2010-02-05,,,3.1429412
2010-02-06,,,3.1466668
2010-02-07,,,3.1633334
2010-02-08,,,3.15
2010-02-09,,,3.135
2010-02-10,,,3.135
2010-02-11,,,3.0974998
2010-02-12,,,3.0858333
2010-02-13,,,3.0808332
2010-02-14,,,3.085
2010-02-15,,,3.0733333
2010-02-16,,,3.07
2010-02-17,,,3.0733333
2010-02-18,,,3.0429165
2010-02-19,,,2.97875
2010-02-20,,,2.9653125
2010-02-21,,,2.8741665
2010-02-22,,,2.8682106
2010-02-23,,,2.9142857
2010-02-25,,,3.032353
2010-02-26,,,3.0173957
2010-02-27,,,3.009271
2010-02-28,,,2.929375
2010-03-01,,,2.8391666
2010-03-02,,,2.7808332
2010-03-03,,,2.7625
2010-03-04,,,2.734375
2010-03-05,,,2.7989583
2010-03-06,,,2.793229
2010-03-07,,,2.6557293
2010-03-08,,,2.4378126
2010-03-09,,,2.146979
2010-03-10,,,2.1367707
2010-03-11,,,2.1338542
2010-03-12,,,2.1046875
2010-03-13,,,1.961875
2010-03-14,,,1.7105209
2010-03-15,,,1.4076042
2010-03-16,,,1.2225
2010-03-17,,,1.6213542
2010-03-18,,,2.3776042
2010-03-19,,,2.2315624
2010-03-20,,,1.9708333
2010-03-21,,,1.7509375
2010-03-22,,,1.9065626
2010-03-23,,,2.4582293
2010-03-24,,,2.645521
2010-03-25,,,3.4775
2010-03-26,,,3.4955208
2010-03-27,,,3.59125
2010-03-28,,,3.5483332
2010-03-29,,,3.6273959
2010-03-30,,,3.7849998
2010-03-31,,,3.1541667
2010-04-01,,,3.1525
2010-04-02,,,3.11
2010-04-03,,,3.0733333
2010-04-04,,,3.0925
2010-04-05,,,3.0067708
2010-04-06,,,2.6477084
2010-04-07,,,3.7030208
2010-04-08,,,3.33625
2010-04-09,,,2.801771
2010-04-10,,,3.2316666
2010-04-11,,,3.17
2010-04-12,,,3.0934374
2010-04-13,,,3.2305207
2010-04-14,,,4.320625
2010-04-15,,,4.009375
2010-04-16,2319.0278,2319.0278,2.7941666
2010-04-17,3077.5,3077.5,
2010-04-18,3507.0833,3507.0833,3.512361
2010-04-19,3719.7917,3719.7917,4.50625
2010-04-20,3023.6458,3023.6458,4.0539584
2010-04-21,2742.7083,2742.7083,4.577812
2010-04-22,2918.2292,2918.2292,6.1332293
2010-04-23,2888.5417,2888.5417,3.7215624
2010-04-24,2491.1458,2491.1458,3.4347916
2010-04-25,2017.6041,2017.6041,3.600625
2010-04-26,1898.75,1898.75,4.0471873
2010-04-27,1792.3959,1792.3959,4.28125
2010-04-28,1841.6666,1841.6666,
2010-04-29,1949.6875,1949.6875,
2010-04-30,1838.8541,1838.8541,4.6258335
2010-05-01,1445.8334,1445.8334,5.6216664
2010-05-02,1218.2291,1218.2291,4.6048956
2010-05-03,1130.8334,1130.8334,3.915625
2010-05-04,1027.8438,1027.8438,3.84625
2010-05-05,1153.2604,1153.2604,3.7184374
2010-05-06,1328.3334,1328.3334,3.62
2010-05-07,1459.375,1459.375,4.523125
2010-05-08,1333.3334,1333.3334,4.3178124
2010-05-09,1297.3959,1297.3959,3.9577084
2010-05-10,1293.3334,1293.3334,3.7946875
2010-05-11,1358.2291,1358.2291,3.5958333
2010-05-12,1161.6666,1161.6666,4.4565625
2010-05-13,1020.11456,1020.11456,4.305625
2010-05-14,965.0,965.0,4.167917
2010-05-15,896.0625,896.0625,4.157604
2010-05-16,886.63544,886.63544,4.065417
2010-05-17,829.88544,829.88544,3.4864583
2010-05-18,875.57294,875.57294,3.58375
2010-05-19,1033.6562,1033.6562,3.1748958
2010-05-20,1033.2291,1033.2291,2.6985416
2010-05-21,993.96875,993.96875,3.2998958
2010-05-22,1050.9166,1050.9166,2.3104167
2010-05-23,1264.6875,1264.6875,3.589028
2010-05-24,1261.7709,1261.7709,2.4196875
2010-05-25,1332.3959,1332.3959,1.88125
2010-05-26,1035.2916,1035.2916,5.277778
2010-05-27,1069.8541,1069.8541,5.2625003
2010-05-28,1583.4375,1583.4375,3.930625
2010-05-29,1932.1875,1932.1875,4.3438544
2010-05-30,2189.375,2189.375,4.6825
2010-05-31,2125.625,2125.625,4.231979
2010-06-01,2100.7292,2100.7292,4.764792
2010-06-02,2225.2083,2225.2083,5.6335416
2010-06-03,2079.5833,2079.5833,5.6957293
2010-06-04,1854.1666,1854.1666,5.204583
2010-06-05,1694.7916,1694.7916,5.786667
2010-06-06,1825.0,1825.0,7.401875
2010-06-07,2476.6667,2476.6667,6.8514585
2010-06-08,2733.4375,2733.4375,3.8034375
2010-06-09,2585.4167,2585.4167,6.6075
2010-06-10,2156.25,2156.25,5.7338543
2010-06-11,1932.3959,1932.3959,6.244479
2010-06-12,1573.4375,1573.4375,9.729896
2010-06-13,1438.8541,1438.8541,4.2178125
2010-06-14,1152.9271,1152.9271,4.4795833
2010-06-15,836.19794,836.19794,3.421875
2010-06-16,709.42706,709.42706,3.0792708
2010-06-17,607.7083,607.7083,3.1548958
2010-06-18,621.8542,621.8542,2.9212499
2010-06-19,622.0417,622.0417,3.7447917
2010-06-20,613.7083,613.7083,3.7658334
2010-06-21,587.8958,587.8958,3.7266667
2010-06-22,544.76044,544.76044,3.88375
2010-06-23,503.8021,503.8021,4.112292
2010-06-24,462.875,462.875,4.160312
2010-06-25,443.46875,443.46875,4.132292
2010-06-26,428.29166,428.29166,4.1097918
2010-06-27,406.91666,406.91666,4.0114584
2010-06-28,395.53125,395.53125,3.9859376
2010-06-29,374.1146,374.1146,3.839375
2010-06-30,338.95834,338.95834,3.7758334
2010-07-01,328.0104,328.0104,3.7472916
2010-07-02,314.1979,314.1979,3.591771
2010-07-03,297.02084,297.02084,3.9870832
2010-07-04,329.53125,329.53125,4.6740623
2010-07-05,329.7604,329.7604,4.495
2010-07-06,284.5729,284.5729,4.3309374
2010-07-07,253.40625,253.40625,4.2896876
2010-07-08,232.65625,232.65625,4.2803125
2010-07-09,204.77083,204.77083,4.25875
2010-07-10,194.13542,194.13542,4.2625
2010-07-11,202.13542,202.13542,4.2690625
2010-07-12,196.72632,196.72632,4.1521873
2010-07-13,187.61458,187.61458,3.8919792
2010-07-14,177.53125,177.53125,3.89
2010-07-15,178.15625,178.15625,3.8788543
2010-07-16,174.125,174.125,3.8726041
2010-07-17,166.0,166.0,3.8732293
2010-07-18,154.875,154.875,3.8976042
2010-07-19,142.78125,142.78125,3.8561459
2010-07-20,134.13542,134.13542,3.7216668
2010-07-21,125.260414,125.260414,3.7454166
2010-07-22,123.614586,123.614586,3.703125
2010-07-23,259.77084,259.77084,3.6914585
2010-07-24,379.04166,379.04166,3.6603127
2010-07-25,286.1771,286.1771,3.6638541
2010-07-26,233.47917,233.47917,3.6638541
2010-07-27,211.0625,211.0625,3.64
2010-07-28,196.55208,196.55208,3.6470833
2010-07-29,351.52084,351.52084,3.6484375
2010-07-30,408.9271,408.9271,3.6990626
2010-07-31,491.03125,491.03125,3.6595833
2010-08-01,417.6771,417.6771,3.6529167
2010-08-02,684.25,684.25,3.6720834
2010-08-03,765.84375,765.84375,3.5203125
2010-08-04,949.0625,949.0625,3.5266666
2010-08-05,1214.1875,1214.1875,
2010-08-06,1145.1875,1145.1875,
2010-08-07,630.8542,630.8542,5.0986114
2010-08-08,456.96875,456.96875,4.8825
2010-08-09,371.375,371.375,4.464062
2010-08-10,346.41666,346.41666,4.316875
2010-08-11,304.85416,304.85416,4.284271
2010-08-12,299.625,299.625,4.374687
2010-08-13,309.96875,309.96875,4.4509373
2010-08-14,281.54166,281.54166,4.4321876
2010-08-15,254.28125,254.28125,4.414375
2010-08-16,232.65625,232.65625,4.4496875
2010-08-17,467.22916,467.22916,4.3225
2010-08-18,530.19794,530.19794,4.255
2010-08-19,351.96875,351.96875,20.162165
2010-08-20,387.3854,387.3854,3.3645833
2010-08-21,540.07294,540.07294,3.413125
2010-08-22,321.6771,321.6771,3.4073958
2010-08-23,250.22917,250.22917,3.4466667
2010-08-24,220.91667,220.91667,3.365
2010-08-25,195.65625,195.65625,3.3407292
2010-08-26,178.69792,178.69792,3.40875
2010-08-27,160.53125,160.53125,3.403125
2010-08-28,150.875,150.875,3.4058335
2010-08-29,144.5625,144.5625,3.3460417
2010-08-30,148.125,148.125,3.3384376
2010-08-31,134.23958,134.23958,3.3209374
2010-09-01,136.69792,136.69792,3.3041666
2010-09-02,135.21875,135.21875,3.29
2010-09-03,143.40625,143.40625,3.3
2010-09-04,122.145836,122.145836,3.2544444
2010-09-05,110.864586,110.864586,3.2225
2010-09-06,104.484375,104.484375,3.1875
2010-09-07,98.941666,98.941666,3.1758335
2010-09-08,95.93229,95.93229,3.185521
2010-09-09,190.7427,190.7427,3.1008332
2010-09-10,126.322914,126.322914,3.0575
2010-09-11,117.260414,117.260414,3.0117707
2010-09-12,123.020836,123.020836,3.009271
2010-09-13,119.802086,119.802086,3.0027084
2010-09-14,110.479164,110.479164,2.9793751
2010-09-15,104.530205,104.530205,2.961875
2010-09-16,96.00729,96.00729,2.9459376
2010-09-17,90.16771,90.16771,3.066146
2010-09-18,86.06562,86.06562,3.3478124
2010-09-19,80.79479,80.79479,3.3367708
2010-09-20,72.49896,72.49896,3.3385415
2010-09-21,70.225,70.225,3.3329165
2010-09-22,68.63646,68.63646,3.6177082
2010-09-23,145.95833,145.95833,16.178228
2010-09-24,127.09583,127.09583,4.7927084
2010-09-25,168.0625,168.0625,4.37875
2010-09-26,205.0625,205.0625,4.366563
2010-09-27,148.76042,148.76042,4.3571877
2010-09-28,120.416664,120.416664,4.10375
2010-09-29,107.139786,107.139786,2.864301
2010-09-30,100.425,100.425,3.67
2010-10-01,97.3125,97.3125,3.653125
2010-10-02,94.475,94.475,3.6390624
2010-10-03,92.114586,92.114586,3.6135416
2010-10-04,156.92084,156.92084,3.5483332
2010-10-05,190.80208,190.80208,3.5458333
2010-10-06,116.135414,116.135414,3.5059376
2010-10-07,105.927086,105.927086,3.1916666
2010-10-08,112.65625,112.65625,3.0883334
2010-10-09,132.38542,132.38542,2.9364583
2010-10-10,161.85417,161.85417,2.8541665
2010-10-11,148.71875,148.71875,2.8008332
2010-10-12,142.15625,142.15625,2.775
2010-10-13,132.04167,132.04167,2.7616668
2010-10-14,129.73958,129.73958,2.7491667
2010-10-15,131.3125,131.3125,2.7375
2010-10-16,130.8125,130.8125,2.7229166
2010-10-17,130.78125,130.78125,2.7341666
2010-10-18,132.40625,132.40625,2.7025
2010-10-19,143.78125,143.78125,2.6590626
2010-10-20,142.5,142.5,2.63
2010-10-21,179.98958,179.98958,2.605
2010-10-22,173.67708,173.67708,2.5864584
2010-10-23,188.61458,188.61458,0.7010417
2010-10-24,241.38542,241.38542,3.1739583
2010-10-25,227.60417,227.60417,2.55625
2010-10-26,257.66666,257.66666,3.6961458
2010-10-27,240.85417,240.85417,3.03875
2010-10-28,218.29167,218.29167,2.7504168
2010-10-29,198.23958,198.23958,2.581875
2010-10-30,181.16667,181.16667,2.5852084
2010-10-31,172.67708,172.67708,2.26125
2010-11-01,166.90625,166.90625,2.0777082
2010-11-02,163.34375,163.34375,2.055104
2010-11-03,159.6875,159.6875,2.0134375
2010-11-04,156.6875,156.6875,2.186875
2010-11-05,156.25,156.25,2.8908334
2010-11-06,162.6875,162.6875,2.9491668
2010-11-07,160.65625,160.65625,2.9770834
2010-11-08,157.03125,157.03125,2.9084375
2010-11-09,164.71875,164.71875,3.1090624
2010-11-10,163.53125,163.53125,3.4825
2010-11-11,171.54167,171.54167,3.5882292
2010-11-12,168.4375,168.4375,3.4819791
2010-11-13,157.46875,157.46875,3.4664583
2010-11-14,155.78125,155.78125,3.4766667
2010-11-15,157.57292,157.57292,4.5025
2010-11-16,162.15625,162.15625,6.2152634
2010-11-17,166.77083,166.77083,6.2046876
2010-11-18,162.73958,162.73958,6.1241665
2010-11-19,137.14583,137.14583,6.0271873
2010-11-20,129.63542,129.63542,6.0558333
2010-11-21,134.65625,134.65625,6.150729
2010-11-22,151.36458,151.36458,6.1570835
2010-11-23,146.125,146.125,5.2240624
2010-11-24,156.47917,156.47917,3.7857292
2010-11-25,160.11458,160.11458,2.797604
2010-11-26,141.46875,141.46875,4.112604
2010-11-27,124.020836,124.020836,3.279271
2010-11-28,133.79167,133.79167,2.8928125
2010-11-29,144.84375,144.84375,2.59125
2010-11-30,150.28125,150.28125,2.8195834
2010-12-01,166.83333,166.83333,2.106875
2010-12-02,149.90625,149.90625,1.9834374
2010-12-03,160.82292,160.82292,1.9167708
2010-12-04,171.60417,171.60417,1.8412501
2010-12-05,182.27083,182.27083,1.758125
2010-12-06,189.42708,189.42708,1.77
2010-12-07,175.38542,175.38542,2.03375
2010-12-08,170.71875,170.71875,3.5829167
2010-12-09,165.33333,165.33333,3.3795834
2010-12-10,163.96875,163.96875,3.1566668
2010-12-11,167.60417,167.60417,3.14
2010-12-12,169.29167,169.29167,3.1275
2010-12-13,167.64583,167.64583,3.0674999
2010-12-14,161.34375,161.34375,3.0241666
2010-12-15,157.78261,157.78261,3.009271
2010-12-16,159.46875,159.46875,3.003646
2010-12-17,158.75,158.75,2.9589584
2010-12-18,160.4375,160.4375,2.8714583
2010-12-19,163.40625,163.40625,2.7608333
2010-12-20,173.01042,173.01042,2.6695833
2010-12-21,183.69792,183.69792,2.6504169
2010-12-22,197.26042,197.26042,2.6
2010-12-23,202.375,202.375,2.4515626
2010-12-24,204.41667,204.41667,2.365
2010-12-25,196.54167,196.54167,2.34125
2010-12-26,192.28125,192.28125,2.1221874
2010-12-27,178.8125,178.8125,2.0057292
2010-12-28,170.96875,170.96875,2.3715625
2010-12-29,173.25,173.25,2.3517709
2010-12-30,174.95833,174.95833,2.3908334
2010-12-31,160.85715,160.85715,2.4039288
