Datetime,headwater,below_reservoir,GSL_terminus
1986-10-01,,,436.0
1986-10-02,,,416.73468
1986-10-03,,,453.57144
1986-10-04,,,443.57144
1986-10-05,,,416.26532
1986-10-06,,,388.93878
1986-10-07,,,366.7143
1986-10-08,,,370.63266
1986-10-09,,,354.32654
1986-10-10,,,341.34692
1986-10-11,,,344.32654
1986-10-12,,,455.5
1986-10-14,,,737.3514
1986-10-15,,,625.7959
1986-10-16,,,583.2857
1986-10-17,,,745.16327
1986-10-18,,,823.7917
1986-10-19,,,821.7083
1986-10-20,,,820.53064
1986-10-21,,,841.9184
1986-10-22,,,841.7
1986-10-23,,,817.87756
1986-10-24,,,802.83673
1986-10-25,,,621.46936
1986-10-26,,,574.19147
1986-10-27,,,647.83673
1986-10-28,,,633.7551
1986-10-29,,,627.18365
1986-10-30,,,584.1429
1986-10-31,,,538.4898
1986-11-01,,,565.0204
1986-11-02,,,1111.9387
1986-11-03,,,1166.0613
1986-11-04,,,862.87756
1986-11-05,,,715.1429
1986-11-06,,,820.6531
1986-11-07,,,921.40814
1986-11-08,,,932.9184
1986-11-09,,,913.0
1986-11-10,,,851.7755
1986-11-11,,,822.9796
1986-11-12,,,827.3469
1986-11-13,,,654.7755
1986-11-14,,,529.9184
1986-11-15,,,504.32654
1986-11-16,,,478.10205
1986-11-17,,,491.4898
1986-11-18,,,502.69388
1986-11-19,,,507.8163
1986-11-20,,,1419.4897
1986-11-21,,,1562.6531
1986-11-22,,,1431.4286
1986-11-23,,,1072.0408
1986-11-24,,,1020.0612
1986-11-25,,,1144.2858
1986-11-26,,,1176.7347
1986-11-27,,,1182.1224
1986-11-28,,,870.2041
1986-11-29,,,830.95917
1986-11-30,,,830.7347
1986-12-01,,,840.7143
1986-12-02,,,782.67346
1986-12-03,,,721.67346
1986-12-04,,,743.61224
1986-12-05,,,751.53064
1986-12-06,,,760.7143
1986-12-07,,,833.6531
1986-12-08,,,886.6531
1986-12-09,,,830.2449
1986-12-10,,,773.40814
1986-12-11,,,670.0816
1986-12-12,,,567.1429
1986-12-13,,,526.18365
1986-12-14,,,501.10205
1986-12-15,,,552.0
1986-12-16,,,606.83673
1986-12-17,,,608.61224
1986-12-18,,,569.7959
1986-12-19,,,590.38776
1986-12-20,,,579.4898
1986-12-21,,,548.16327
1986-12-22,,,535.32654
1986-12-23,,,527.0
1986-12-24,,,490.7551
1986-12-25,,,493.63266
1986-12-26,,,461.2857
1986-12-27,,,462.97958
1986-12-28,,,453.02042
1986-12-29,,,423.32654
1986-12-30,,,429.4694
1986-12-31,,,379.14285
1987-01-01,,,367.63266
1987-01-02,,,405.73468
1987-01-03,,,442.12244
1987-01-04,,,438.7551
1987-01-05,,,430.34692
1987-01-06,,,505.61224
1987-01-07,,,495.06122
1987-01-08,,,463.44897
1987-01-09,,,444.7143
1987-01-10,,,401.63266
1987-01-11,,,341.1837
1987-01-12,,,317.83673
1987-01-13,,,347.14285
1987-02-25,,,559.0857
1987-02-26,,,536.87756
1987-02-27,,,542.59186
1987-02-28,,,498.4898
1987-03-01,,,463.4898
1987-03-02,,,468.79593
1987-03-03,,,485.97958
1987-03-04,,,502.22916
1987-03-05,,,519.625
1987-03-06,,,545.87756
1987-03-07,,,634.2245
1987-03-08,,,770.4898
1987-03-09,,,865.2857
1987-03-11,,,1280.2858
1987-03-12,,,1296.3265
1987-03-13,,,1264.2858
1987-03-14,,,1089.1428
1987-03-15,,,1290.4082
1987-03-16,,,1254.2858
1987-03-17,,,1154.4897
1987-03-18,,,1039.3265
1987-03-19,,,1069.5103
1987-03-20,,,1025.6735
1987-03-21,,,1081.2245
1987-03-22,,,999.87756
1987-03-23,,,1016.5102
1987-03-24,,,980.10205
1987-03-25,,,920.2449
1987-03-26,,,896.8571
1987-03-27,,,771.8
1987-03-28,,,640.40814
1987-03-29,,,604.87756
1987-03-30,,,550.38776
1987-03-31,,,456.7551
1987-04-01,,,447.32654
1987-04-02,,,464.2449
1987-04-03,,,522.30615
1987-04-04,,,626.6531
1987-04-05,,,1008.9184
1987-04-06,,,1358.3334
1987-04-24,,,6453.6113
1987-04-25,,,6877.0835
1987-04-26,,,7383.125
1987-04-27,,,7181.875
1987-04-28,,,7316.25
1987-04-29,,,7010.2085
1987-04-30,,,7034.375
1987-05-01,,,7034.1665
1987-05-02,,,7344.375
1987-05-03,,,6856.1226
1987-05-04,,,5914.2856
1987-05-05,,,5264.694
1987-05-06,,,5187.551
1987-05-07,,,5057.347
1987-05-08,,,4994.2856
1987-05-09,,,5040.408
1987-05-10,,,4926.735
1987-05-11,,,4790.204
1987-05-12,,,4715.7144
1987-05-13,,,4862.857
1987-05-14,,,4946.3267
1987-05-15,,,5280.6123
1987-05-16,,,5180.6123
1987-05-17,,,5136.1226
1987-05-18,,,4979.1836
1987-05-19,,,5352.449
1987-05-20,,,5148.367
1987-05-21,,,5149.3877
1987-05-22,,,5680.204
1987-05-23,,,4482.449
1987-05-24,,,4138.367
1987-05-25,,,4070.4082
1987-05-26,,,3862.449
1987-05-27,,,3812.653
1987-05-28,,,3133.4695
1987-05-29,,,2776.3264
1987-05-30,,,2740.0
1987-06-30,,,2265.6758
1987-07-01,,,2019.7959
1987-07-02,,,1674.0817
1987-07-03,,,1398.5714
1987-07-04,,,1185.3062
1987-07-05,,,1073.2653
1987-07-06,,,974.3674
1987-07-07,,,919.69385
1987-07-08,,,895.12244
1987-07-09,,,841.7959
1987-07-10,,,810.9388
1987-07-11,,,799.9796
1987-07-12,,,777.9388
1987-07-13,,,768.67346
1987-07-14,,,719.6531
1987-07-15,,,691.6326
1987-07-16,,,680.2449
1987-07-17,,,693.7959
1987-07-18,,,737.449
1987-07-19,,,838.0612
1987-07-20,,,684.2041
1987-07-21,,,598.0
1987-07-22,,,551.12244
1987-07-23,,,574.8125
1987-07-24,,,610.1042
1987-07-25,,,569.8333
1987-07-26,,,554.125
1987-07-27,,,606.0625
1987-07-28,,,615.25
1987-07-29,,,804.0417
1987-07-30,,,890.9167
1987-07-31,,,1275.4166
1987-08-01,,,1400.8334
1987-08-05,,,557.8919
1987-08-06,,,511.69388
1987-08-07,,,486.0408
1987-08-08,,,654.2653
1987-08-09,,,777.18365
1987-08-10,,,624.4898
1987-08-11,,,531.9796
1987-08-12,,,466.67346
1987-08-13,,,425.2857
1987-08-14,,,429.44897
1987-08-15,,,393.57144
1987-08-16,,,361.67346
1987-08-17,,,336.5102
1987-08-18,,,291.7143
1987-08-19,,,306.44897
1987-08-20,,,287.55103
1987-08-21,,,290.02042
1987-08-22,,,334.91837
1987-08-23,,,321.32654
1987-08-24,,,428.1837
1987-08-25,,,2780.0
1987-08-26,,,1773.8776
1987-08-27,,,1215.7142
1987-08-28,,,910.3674
1987-08-29,,,775.25
1987-09-03,,,457.1081
1987-09-04,,,437.85715
1987-09-05,,,425.0
1987-09-06,,,426.14285
1987-09-07,,,421.7143
1987-09-08,,,416.57144
1987-09-09,,,412.85715
1987-09-10,,,409.57144
1987-09-11,,,398.42856
1987-09-12,,,366.1837
1987-09-13,,,343.65308
1987-09-14,,,346.8163
1987-09-15,,,369.36734
1987-09-16,,,367.32654
1987-09-17,,,365.14285
1987-09-18,,,311.32654
1987-09-19,,,270.97958
1987-09-20,,,233.77551
1987-09-21,,,211.08163
1987-09-22,,,201.42857
1987-09-23,,,193.38776
1987-09-24,,,179.12245
1987-09-25,,,175.12245
1987-09-26,,,168.30612
1987-09-27,,,180.46939
1987-09-28,,,222.0
1987-09-29,,,184.22449
1987-09-30,,,174.87755
1987-10-01,,,173.2653
1987-10-02,,,218.2
1987-10-03,,,220.22449
1987-10-04,,,235.32654
1987-10-05,,,239.0
1987-10-06,,,236.7551
1987-10-07,,,221.93878
1987-10-08,,,174.36734
1987-10-09,,,173.65306
1987-10-10,,,177.0
1987-10-11,,,177.0
1987-10-12,,,182.71428
1987-10-13,,,201.12245
1987-10-14,,,220.44897
1987-10-15,,,261.79593
1987-10-16,,,420.30612
1987-10-17,,,343.61224
1987-10-18,,,301.9592
1987-10-19,,,284.5
1987-10-23,,,250.0
1987-10-24,,,255.42857
1987-10-25,,,273.9149
1987-10-26,,,312.2449
1987-10-27,,,323.26532
1987-10-28,,,317.7551
1987-10-29,,,306.12244
1987-10-30,,,300.2449
1987-10-31,,,324.16327
1987-11-01,,,360.97958
1987-11-02,,,396.2245
1987-11-03,,,472.44897
1987-11-04,,,425.2449
1987-11-05,,,362.1837
1987-11-06,,,699.9388
1987-11-07,,,1568.8163
1987-11-08,,,851.2143
1987-11-14,,,337.7143
1987-11-15,,,397.2143
1987-12-01,,,262.02856
1987-12-02,,,255.44897
1987-12-03,,,259.93878
1987-12-04,,,282.02042
1987-12-05,,,298.06122
1987-12-06,,,347.89795
1987-12-07,,,364.7755
1987-12-08,,,327.83673
1987-12-09,,,294.02084
1987-12-10,,,283.97958
1987-12-11,,,271.63266
1987-12-12,,,290.91837
1987-12-13,,,264.30612
1987-12-14,,,228.10204
1987-12-15,,,240.18367
1987-12-16,,,220.69388
1987-12-17,,,204.79591
1987-12-18,,,248.32654
1987-12-19,,,296.32654
1987-12-20,,,312.36734
1987-12-21,,,279.61224
1987-12-22,,,257.5306
1987-12-23,,,261.16327
1987-12-24,,,273.14285
1987-12-25,,,228.32654
1987-12-26,,,227.0
1987-12-27,,,228.53061
1987-12-28,,,245.32654
1987-12-29,,,228.71428
1987-12-30,,,219.48979
1987-12-31,,,217.2653
1988-01-01,,,217.61224
1988-01-02,,,192.42857
1988-01-03,,,174.89796
1988-01-04,,,158.0
1988-01-05,,,196.42857
1988-02-24,,,536.6
1988-02-25,,,600.16327
1988-02-26,,,652.7551
1988-02-27,,,653.7551
1988-02-28,,,655.5102
1988-02-29,,,741.7551
1988-03-01,,,802.0
1988-03-02,,,604.9388
1988-03-03,,,527.2292
1988-03-04,,,485.89584
1988-03-05,,,450.1837
1988-03-06,,,419.57144
1988-03-07,,,392.5102
1988-03-08,,,382.2449
1988-03-09,,,369.57144
1988-03-10,,,327.61224
1988-03-11,,,319.34692
1988-03-12,,,317.20407
1988-03-13,,,290.44897
1988-03-14,,,269.7551
1988-03-15,,,295.2857
1988-03-16,,,290.87756
1988-03-17,,,301.83673
1988-03-18,,,295.26532
1988-03-19,,,279.36734
1988-03-20,,,271.93878
1988-03-21,,,273.16327
1988-03-22,,,289.63266
1988-03-23,,,334.2449
1988-03-24,,,424.5306
1988-03-25,,,556.0204
1988-03-26,,,645.0
1988-03-27,,,693.95917
1988-03-28,,,911.87756
1988-03-29,,,1379.2449
1988-03-30,,,1119.4897
1988-03-31,,,828.7347
1988-04-01,,,682.16327
1988-04-02,,,598.5102
1988-04-03,,,531.83673
1988-04-04,,,549.0204
1988-04-05,,,664.3469
1988-04-06,,,806.95917
1988-04-07,,,898.4286
1988-04-08,,,1229.7142
1988-04-09,,,1670.8334
1988-04-29,,,872.6389
1988-04-30,,,853.32654
1988-05-01,,,906.5102
1988-05-02,,,953.5102
1988-05-03,,,916.10205
1988-05-04,,,1027.0613
1988-05-05,,,1785.3062
1988-05-06,,,1768.5714
1988-05-07,,,1780.8334
1988-05-12,,,990.32434
1988-05-13,,,752.87756
1988-05-14,,,751.81635
1988-05-15,,,824.89795
1988-05-16,,,905.6531
1988-05-17,,,966.2449
1988-05-18,,,1124.8776
1988-05-19,,,1417.9592
1988-05-20,,,1520.0
1988-05-21,,,2117.9592
1988-05-22,,,2010.8163
1988-05-23,,,1676.3265
1988-05-24,,,1325.5103
1988-05-25,,,1154.0817
1988-05-26,,,1172.0408
1988-05-27,,,1161.0416
1988-05-28,,,1127.2916
1988-05-29,,,1178.75
1988-05-30,,,1336.6666
1988-05-31,,,1572.5
1988-06-02,,,1160.5405
1988-06-03,,,1098.7755
1988-06-04,,,1097.9592
1988-06-05,,,1194.2858
1988-06-06,,,1377.9592
1988-06-07,,,1432.8572
1988-06-08,,,1509.7959
1988-06-09,,,1503.8776
1988-06-10,,,1433.3334
1988-06-11,,,1284.8649
1988-06-12,,,1140.6123
1988-06-13,,,1043.0817
1988-06-14,,,958.30615
1988-06-15,,,837.2245
1988-06-16,,,821.6531
1988-06-17,,,779.3469
1988-06-18,,,724.16327
1988-06-19,,,707.8571
1988-06-20,,,719.3674
1988-06-21,,,718.89795
1988-06-22,,,815.30615
1988-06-23,,,804.0
1988-06-24,,,832.59186
1988-06-25,,,849.9796
1988-06-26,,,833.2245
1988-06-27,,,837.7551
1988-06-28,,,744.9388
1988-06-29,,,893.0816
1988-06-30,,,1031.1632
1988-07-01,,,937.5102
1988-07-02,,,815.3674
1988-07-03,,,705.3674
1988-07-04,,,657.3469
1988-07-05,,,663.95917
1988-07-06,,,707.81635
1988-07-07,,,668.83673
1988-07-08,,,573.7551
1988-07-09,,,554.3674
1988-07-10,,,509.85715
1988-07-11,,,477.1837
1988-07-12,,,463.63266
1988-07-13,,,417.42856
1988-07-14,,,390.2857
1988-07-15,,,376.30612
1988-07-16,,,346.57144
1988-07-17,,,339.87756
1988-07-18,,,335.85715
1988-07-19,,,310.40817
1988-07-20,,,284.7755
1988-07-21,,,264.89795
1988-07-22,,,263.26532
1988-07-23,,,249.77551
1988-07-24,,,231.63266
1988-07-25,,,218.38776
1988-07-26,,,207.63266
1988-07-27,,,194.69388
1988-07-28,,,191.63266
1988-07-29,,,244.87755
1988-07-30,,,214.61224
1988-07-31,,,206.7347
1988-08-01,,,237.87755
1988-08-02,,,409.97958
1988-08-03,,,498.34692
1988-08-04,,,361.14285
1988-08-05,,,280.5306
1988-08-06,,,242.38776
1988-08-07,,,224.81633
1988-08-08,,,222.61224
1988-08-09,,,273.40817
1988-08-10,,,268.36734
1988-08-11,,,223.69388
1988-08-12,,,199.67346
1988-08-13,,,237.89796
1988-08-14,,,191.61224
1988-08-15,,,184.7551
1988-08-16,,,171.81633
1988-08-17,,,156.48979
1988-08-18,,,166.08163
1988-08-19,,,309.79593
1988-08-20,,,208.10204
1988-08-21,,,171.10204
1988-08-22,,,253.30612
1988-08-23,,,432.61224
1988-08-24,,,224.1875
1988-08-25,,,217.95833
1988-08-26,,,191.83333
1988-08-27,,,192.79167
1988-08-28,,,308.4694
1988-08-29,,,433.89795
1988-08-30,,,375.91837
1988-08-31,,,293.79593
1988-09-01,,,285.9592
1988-09-02,,,520.551
1988-09-03,,,419.4694
1988-09-04,,,308.10205
1988-09-05,,,257.7755
1988-09-06,,,233.81633
1988-09-07,,,224.32654
1988-09-08,,,207.2449
1988-09-09,,,197.7551
1988-09-10,,,178.46939
1988-09-11,,,170.65306
1988-09-12,,,205.34694
1988-09-13,,,474.61224
1988-09-14,,,1269.5103
1988-09-15,,,657.7551
1988-09-16,,,493.36734
1988-09-17,,,400.89795
1988-09-18,,,342.0408
1988-09-19,,,282.06122
1988-09-20,,,250.20409
1988-09-21,,,250.30612
1988-09-22,,,246.12245
1988-09-23,,,252.95918
1988-09-24,,,278.2449
1988-09-25,,,262.0
1988-09-26,,,241.14285
1988-09-27,,,236.14285
1988-09-28,,,220.55103
1988-09-29,,,208.59184
1988-09-30,,,206.38776
1988-10-01,,,202.44897
1988-10-02,,,194.18367
1988-10-03,,,186.7347
1988-10-04,,,184.2653
1988-10-05,,,207.12245
1988-10-06,,,222.91837
1988-10-07,,,236.77551
1988-10-08,,,304.42856
1988-10-09,,,245.85715
1988-10-10,,,221.14285
1988-10-11,,,215.63266
1988-10-12,,,223.59184
1988-10-13,,,231.65306
1988-10-14,,,230.7347
1988-10-15,,,226.95918
1988-10-16,,,234.0
1988-10-21,,,219.0
1988-10-22,,,219.0
1988-10-23,,,221.04082
1988-10-24,,,225.53061
1988-10-25,,,221.65306
1988-10-26,,,221.14285
1988-10-27,,,214.0
1988-10-28,,,209.0
1988-10-29,,,211.34694
1988-10-30,,,206.36171
1988-10-31,,,201.93878
1988-11-01,,,201.22449
1988-11-02,,,205.0
1988-11-03,,,205.89796
1988-11-04,,,211.14285
1988-11-05,,,210.7347
1988-11-06,,,210.63266
1988-11-07,,,213.89796
1988-11-08,,,206.87755
1988-11-09,,,208.67346
1988-11-10,,,214.0
1988-11-18,,,275.3143
1988-11-19,,,245.85715
1988-11-28,,,280.2
1988-11-29,,,293.63266
1988-11-30,,,283.55103
1988-12-01,,,277.91837
1988-12-02,,,270.40817
1988-12-03,,,262.2857
1988-12-04,,,269.0408
1988-12-05,,,276.20407
1988-12-06,,,264.42856
1988-12-07,,,255.87755
1988-12-08,,,271.08163
1988-12-09,,,295.67346
1988-12-10,,,266.0625
1988-12-11,,,246.95918
1988-12-12,,,240.69388
1988-12-13,,,260.5306
1988-12-14,,,266.73468
1988-12-15,,,296.40817
1988-12-16,,,301.4898
1988-12-17,,,311.0
1988-12-18,,,277.79593
1988-12-19,,,258.65308
1988-12-20,,,308.26532
1988-12-21,,,324.63266
1988-12-22,,,287.61224
1988-12-23,,,269.69388
1988-12-24,,,261.91837
1988-12-25,,,208.18367
1988-12-26,,,227.59184
1988-12-27,,,211.63266
1988-12-28,,,162.10204
1988-12-29,,,129.71428
1988-12-30,,,147.2449
1988-12-31,,,186.85715
1989-01-01,,,197.38776
1989-01-02,,,183.91837
1989-01-03,,,200.71428
1989-01-04,,,186.22449
1989-01-05,,,233.85715
1989-01-06,,,270.2857
1989-01-07,,,265.38776
1989-01-08,,,323.91837
1989-01-09,,,275.83673
1989-01-10,,,208.85715
1989-01-11,,,187.55103
1989-01-12,,,144.40816
1989-01-13,,,132.42857
1989-02-25,,,338.17142
1989-02-26,,,390.30612
1989-02-27,,,415.0
1989-02-28,,,416.83673
1989-03-01,,,370.7551
1989-03-02,,,355.30612
1989-03-03,,,369.34692
1989-03-04,,,375.67346
1989-03-05,,,335.65308
1989-03-06,,,312.73468
1989-03-07,,,284.20407
1989-03-08,,,278.97958
1989-03-09,,,305.42856
1989-03-10,,,346.0408
1989-03-11,,,429.69388
1989-03-12,,,580.69385
1989-03-13,,,808.10205
1989-03-14,,,892.40814
1989-03-15,,,1033.5714
1989-03-16,,,1053.0408
1989-03-17,,,909.449
1989-03-18,,,870.5
1989-03-26,,,1006.0857
1989-03-27,,,1038.0
1989-03-28,,,954.7708
1989-03-29,,,905.59186
1989-03-30,,,910.4898
1989-03-31,,,821.2857
1989-04-01,,,723.10205
1989-04-02,,,738.0204
1989-04-03,,,743.16327
1989-04-04,,,781.69385
1989-04-05,,,805.32654
1989-04-06,,,924.0
1989-04-07,,,1009.2653
1989-04-08,,,1197.9592
1989-04-09,,,1436.3265
1989-04-10,,,1645.9183
1989-04-11,,,1634.0817
1989-04-12,,,1734.4897
1989-04-13,,,1806.5306
1989-04-14,,,1713.6735
1989-04-15,,,1695.5103
1989-04-16,,,1812.8572
1989-04-17,,,1801.2245
1989-04-18,,,1832.8572
1989-04-19,,,1798.5714
1989-04-20,,,1811.0204
1989-04-21,,,1832.449
1989-04-22,,,1764.898
1989-04-23,,,1810.8163
1989-04-24,,,1872.8572
1989-04-25,,,1821.2245
1989-04-26,,,1713.2653
1989-04-27,,,1650.6123
1989-04-28,,,1406.7347
1989-04-29,,,1136.3265
1989-04-30,,,1058.5918
1989-05-01,,,998.6531
1989-05-02,,,961.9184
1989-05-03,,,935.38776
1989-05-04,,,901.95917
1989-05-05,,,889.9796
1989-05-06,,,886.7143
1989-05-07,,,868.83673
1989-05-08,,,901.0
1989-05-09,,,963.4898
1989-05-10,,,1009.0
1989-05-12,,,1122.1621
1989-05-13,,,1091.0204
1989-05-14,,,1046.3265
1989-05-15,,,1014.7551
1989-05-16,,,1003.10205
1989-05-17,,,847.2449
1989-05-18,,,587.32654
1989-05-19,,,519.9184
1989-05-20,,,472.89795
1989-05-21,,,447.1837
1989-05-22,,,499.89795
1989-05-23,,,534.7347
1989-05-24,,,583.32654
1989-05-25,,,612.4286
1989-05-26,,,605.8571
1989-05-27,,,542.6531
1989-05-28,,,514.551
1989-05-29,,,561.2245
1989-05-30,,,688.0
1989-05-31,,,636.83673
1989-06-01,,,566.87756
1989-06-02,,,519.40814
1989-06-03,,,542.7959
1989-06-04,,,543.9388
1989-06-05,,,528.2245
1989-06-06,,,461.69388
1989-06-07,,,439.55103
1989-06-08,,,459.4694
1989-06-09,,,453.20407
1989-06-10,,,437.08163
1989-06-11,,,403.7755
1989-06-12,,,379.4898
1989-06-13,,,365.40817
1989-06-14,,,418.57144
1989-06-15,,,391.7755
1989-06-16,,,383.93878
1989-06-17,,,418.4898
1989-06-18,,,495.10205
1989-06-19,,,518.7959
1989-06-20,,,513.7143
1989-06-21,,,462.0
1989-06-22,,,425.16666
1989-06-23,,,421.3125
1989-06-24,,,306.91837
1989-06-25,,,269.16327
1989-06-26,,,266.0408
1989-06-27,,,271.02042
1989-06-28,,,251.67346
1989-06-29,,,238.18367
1989-06-30,,,247.77551
1989-07-01,,,242.10204
1989-07-02,,,222.87755
1989-07-03,,,207.42857
1989-07-04,,,217.46939
1989-07-05,,,205.32654
1989-07-06,,,200.36734
1989-07-07,,,195.2449
1989-07-08,,,187.0204
1989-07-09,,,164.81633
1989-07-10,,,161.63266
1989-07-11,,,163.57143
1989-07-12,,,155.91837
1989-07-13,,,186.7551
1989-07-14,,,225.2449
1989-07-15,,,180.22449
1989-07-16,,,159.16327
1989-07-17,,,137.12245
1989-07-18,,,123.83673
1989-07-19,,,114.46939
1989-07-20,,,104.408165
1989-07-21,,,93.9375
1989-07-22,,,89.9375
1989-07-23,,,91.6875
1989-07-24,,,221.4375
1989-07-25,,,202.0204
1989-07-26,,,335.32654
1989-07-27,,,312.34692
1989-07-28,,,302.2449
1989-07-29,,,363.30612
1989-07-30,,,391.10205
1989-07-31,,,590.4286
1989-08-01,,,411.61224
1989-08-02,,,292.2857
1989-08-03,,,342.93878
1989-08-04,,,314.34692
1989-08-05,,,267.61224
1989-08-06,,,228.08163
1989-08-07,,,205.81633
1989-08-08,,,177.20409
1989-08-09,,,156.65306
1989-08-10,,,143.71428
1989-08-11,,,133.20409
1989-08-12,,,137.71428
1989-08-13,,,159.30612
1989-08-14,,,143.77551
1989-08-15,,,138.18367
1989-08-16,,,139.7347
1989-08-17,,,160.89796
1989-08-18,,,156.61224
1989-08-19,,,145.0
1989-08-20,,,212.48979
1989-08-21,,,314.26532
1989-08-22,,,248.59184
1989-08-23,,,245.46939
1989-08-24,,,230.79591
1989-08-25,,,186.44897
1989-08-26,,,159.95918
1989-08-27,,,143.59184
1989-08-28,,,138.14285
1989-08-29,,,128.2449
1989-08-30,,,113.083336
1989-08-31,,,102.8125
1989-09-01,,,89.375
1989-09-02,,,87.75
1989-09-03,,,87.5625
1989-09-04,,,84.125
1989-09-05,,,82.9375
1989-09-06,,,82.4898
1989-09-07,,,83.408165
1989-09-08,,,77.95918
1989-09-09,,,71.83673
1989-09-10,,,73.55102
1989-09-11,,,76.0
1989-09-12,,,77.10204
1989-09-13,,,76.97959
1989-09-14,,,77.22449
1989-09-15,,,76.0
1989-09-16,,,72.36735
1989-09-17,,,62.469387
1989-09-18,,,54.734695
1989-09-19,,,51.69388
1989-09-20,,,53.69388
1989-09-21,,,79.4898
1989-09-22,,,95.22449
1989-09-23,,,98.12245
1989-09-24,,,116.25
1989-10-03,,,80.945946
1989-10-04,,,80.22449
1989-10-05,,,79.0
1989-10-06,,,81.87755
1989-10-07,,,89.22449
1989-10-08,,,120.42857
1989-10-09,,,121.44898
1989-10-10,,,107.61224
1989-10-11,,,107.0
1989-10-12,,,107.0
1989-10-13,,,107.0
1989-10-14,,,107.0
1989-10-15,,,107.0
1989-10-16,,,107.979164
1989-10-17,,,118.14286
1989-10-18,,,154.85715
1989-10-19,,,173.89796
1989-10-20,,,163.71428
1989-10-21,,,200.28572
1989-10-22,,,197.12245
1989-10-23,,,177.16327
1989-10-24,,,178.7551
1989-10-25,,,175.53061
1989-10-26,,,170.34694
1989-10-27,,,168.0
1989-10-28,,,164.16327
1989-10-29,,,165.97873
1989-10-30,,,164.08163
1989-10-31,,,161.79591
1989-11-01,,,159.0204
1989-11-02,,,157.83673
1989-11-03,,,164.36734
1989-11-04,,,189.04082
1989-11-05,,,169.30612
1989-11-06,,,171.36734
1989-11-07,,,173.0
1989-11-08,,,165.34694
1989-11-09,,,164.0
1989-11-10,,,163.59184
1989-11-11,,,167.08163
1989-11-12,,,167.2653
1989-11-13,,,171.28572
1989-11-14,,,169.63266
1989-11-15,,,162.36734
1989-11-16,,,160.0
1989-11-17,,,160.0
1989-11-18,,,149.85715
1989-11-19,,,124.89796
1989-11-20,,,118.97959
1989-11-21,,,118.57143
1989-11-22,,,128.48979
1989-11-23,,,163.44897
1989-11-24,,,168.0
1989-11-25,,,169.08163
1989-11-26,,,173.48979
1989-11-27,,,173.0
1989-11-28,,,169.83673
1989-11-29,,,167.83673
1989-11-30,,,155.16327
1989-12-01,,,125.408165
1989-12-02,,,104.97959
1989-12-03,,,112.408165
1989-12-04,,,90.5
1990-02-01,,,186.02856
1990-02-02,,,179.55103
1990-02-03,,,171.2653
1990-02-04,,,168.69388
1990-02-05,,,187.57143
1990-02-06,,,163.0
1990-02-07,,,163.93878
1990-02-08,,,178.44897
1990-02-09,,,188.77551
1990-02-10,,,181.18367
1990-02-11,,,197.12245
1990-02-12,,,182.77551
1990-02-13,,,171.21428
1990-02-16,,,170.05714
1990-02-17,,,175.06122
1990-02-18,,,194.18367
1990-02-19,,,189.06122
1990-02-20,,,203.2449
1990-02-21,,,215.36734
1990-02-22,,,221.14285
1990-02-23,,,211.06122
1990-02-24,,,201.63266
1990-02-25,,,206.71428
1990-02-26,,,207.14285
1990-02-27,,,220.44897
1990-02-28,,,221.85715
1990-03-01,,,220.14285
1990-03-02,,,222.9796
1990-03-03,,,216.34694
1990-03-04,,,207.67346
1990-03-05,,,206.7347
1990-03-06,,,215.22449
1990-03-07,,,210.47917
1990-03-08,,,187.0
1990-03-09,,,162.71428
1990-03-10,,,150.22449
1990-03-11,,,145.32654
1990-03-12,,,155.79591
1990-03-13,,,155.22449
1990-03-14,,,158.53061
1990-03-15,,,146.81633
1990-03-16,,,140.67346
1990-03-17,,,132.40816
1990-03-18,,,128.9796
1990-03-19,,,122.244896
1990-03-20,,,122.734695
1990-03-21,,,119.5102
1990-03-22,,,118.28571
1990-03-23,,,116.0
1990-03-24,,,112.061226
1990-03-25,,,86.28571
1990-03-26,,,75.71429
1990-03-27,,,74.591835
1990-03-28,,,73.55102
1990-03-29,,,74.5102
1990-03-30,,,90.85714
1990-03-31,,,85.734695
1990-04-01,,,91.85714
1990-04-02,,,91.4898
1990-04-03,,,77.22449
1990-04-04,,,68.87755
1990-04-05,,,68.36735
1990-04-06,,,69.755104
1990-04-07,,,78.755104
1990-04-08,,,94.81633
1990-04-09,,,96.87755
1990-04-10,,,101.081635
1990-04-11,,,115.46939
1990-04-12,,,143.7551
1990-04-13,,,115.34694
1990-04-14,,,112.30612
1990-04-15,,,117.95918
1990-04-16,,,122.02041
1990-04-17,,,129.7234
1990-04-18,,,141.14583
1990-04-19,,,146.91837
1990-04-20,,,181.04082
1990-04-21,,,239.32654
1990-04-22,,,316.55103
1990-04-23,,,492.34692
1990-04-24,,,380.2245
1990-04-25,,,310.89795
1990-04-26,,,349.97958
1990-04-27,,,311.34692
1990-04-28,,,273.34692
1990-04-29,,,225.46939
1990-04-30,,,212.16327
1990-05-01,,,282.625
1990-05-02,,,294.52084
1990-05-03,,,374.60416
1990-05-04,,,506.59183
1990-05-05,,,641.3469
1990-05-06,,,571.7959
1990-05-07,,,496.63266
1990-05-08,,,453.36734
1990-05-09,,,430.0
1990-05-10,,,394.85715
1990-05-11,,,371.87756
1990-05-12,,,349.69388
1990-05-13,,,340.73468
1990-05-14,,,311.38776
1990-05-15,,,291.97958
1990-05-16,,,305.14285
1990-05-17,,,316.16327
1990-05-18,,,314.93878
1990-05-19,,,293.87756
1990-05-20,,,292.16327
1990-05-21,,,285.69388
1990-05-22,,,270.79593
1990-05-23,,,297.08163
1990-05-24,,,378.0
1990-05-25,,,431.7755
1990-05-26,,,507.08163
1990-05-27,,,507.2449
1990-05-28,,,487.85715
1990-05-29,,,465.44897
1990-05-30,,,498.65308
1990-05-31,,,482.83673
1990-06-01,,,387.67346
1990-06-02,,,305.69388
1990-06-03,,,300.02042
1990-06-04,,,291.34692
1990-06-05,,,404.40817
1990-06-06,,,635.16327
1990-06-07,,,771.89795
1990-06-08,,,808.5714
1990-06-09,,,822.2041
1990-06-10,,,815.449
1990-06-11,,,899.551
1990-06-12,,,1006.67346
1990-06-13,,,922.95917
1990-06-14,,,743.9796
1990-06-15,,,665.7959
1990-06-16,,,589.2041
1990-06-17,,,463.02042
1990-06-18,,,391.44897
1990-06-19,,,371.9592
1990-06-20,,,416.87756
1990-06-21,,,401.5102
1990-06-22,,,363.42856
1990-06-23,,,347.93878
1990-06-24,,,340.8163
1990-06-25,,,335.8163
1990-06-26,,,335.2857
1990-06-27,,,318.0
1990-06-28,,,281.2449
1990-06-29,,,263.44897
1990-06-30,,,265.65308
1990-07-01,,,241.44897
1990-07-02,,,213.77551
1990-07-03,,,185.67346
1990-07-04,,,202.0
1990-07-05,,,228.38776
1990-07-06,,,267.16327
1990-07-07,,,303.20407
1990-07-08,,,504.4898
1990-07-09,,,673.04083
1990-07-10,,,616.38776
1990-07-11,,,527.6326
1990-07-12,,,361.59183
1990-07-13,,,281.87756
1990-07-14,,,244.10204
1990-07-15,,,225.63266
1990-07-16,,,316.34692
1990-07-17,,,214.89796
1990-07-18,,,188.20409
1990-07-19,,,178.24
1990-07-20,,,174.10204
1990-07-21,,,155.55103
1990-07-22,,,138.65306
1990-07-23,,,111.918365
1990-07-24,,,97.55102
1990-07-25,,,136.12245
1990-07-26,,,94.734695
1990-07-27,,,100.16327
1990-07-28,,,104.734695
1990-07-29,,,74.04082
1990-07-30,,,85.12245
1990-07-31,,,88.36735
1990-08-01,,,85.918365
1990-08-02,,,75.32653
1990-08-03,,,71.77551
1990-08-04,,,67.65306
1990-08-05,,,65.87755
1990-08-06,,,60.42857
1990-08-07,,,55.0
1990-08-08,,,51.816326
1990-08-09,,,43.44898
1990-08-10,,,40.0
1990-08-11,,,36.2449
1990-08-12,,,34.163265
1990-08-13,,,31.816326
1990-08-14,,,40.0
1990-08-15,,,61.44898
1990-08-16,,,148.20409
1990-08-17,,,270.38776
1990-08-18,,,240.85715
1990-08-19,,,209.53061
1990-08-20,,,164.16327
1990-08-21,,,174.9796
1990-08-22,,,158.42857
1990-08-23,,,109.14286
1990-08-24,,,89.10204
1990-08-25,,,78.44898
1990-08-26,,,69.95918
1990-08-27,,,62.163265
1990-08-28,,,60.387756
1990-08-29,,,65.244896
1990-08-30,,,57.591835
1990-08-31,,,52.02041
1990-09-01,,,55.489796
1990-09-02,,,69.22449
1990-09-03,,,66.918365
1990-09-04,,,63.02041
1990-09-05,,,96.44898
1990-09-06,,,177.61224
1990-09-07,,,349.16327
1990-09-08,,,255.61224
1990-09-09,,,199.83673
1990-09-10,,,166.81633
1990-09-11,,,142.91837
1990-09-12,,,125.081635
1990-09-13,,,108.755104
1990-09-14,,,80.0625
1990-09-15,,,63.265305
1990-09-16,,,54.44898
1990-09-17,,,48.0
1990-09-18,,,45.89796
1990-09-19,,,120.938774
1990-09-20,,,316.0408
1990-09-21,,,238.81633
1990-09-22,,,189.28572
1990-09-23,,,160.53061
1990-09-24,,,146.0
1990-09-25,,,154.45833
1990-09-26,,,148.72917
1990-09-27,,,179.18367
1990-09-28,,,126.938774
1990-09-29,,,123.893616
1990-09-30,,,395.0
1990-10-01,,,294.44897
1990-10-02,,,234.20409
1990-10-03,,,796.8571
1990-10-04,,,939.10205
1990-10-05,,,567.87756
1990-10-06,,,346.7755
1990-10-07,,,283.93878
1990-10-08,,,255.04082
1990-10-09,,,260.69388
1990-10-10,,,340.34692
1990-10-11,,,302.2245
1990-10-12,,,251.12245
1990-10-13,,,241.95918
1990-10-14,,,226.95918
1990-10-15,,,213.38776
1990-10-16,,,208.72
1990-10-17,,,193.87755
1990-10-18,,,183.81633
1990-10-19,,,251.48979
1990-10-20,,,358.34692
1990-10-21,,,322.59183
1990-10-22,,,332.73468
1990-10-23,,,313.2245
1990-10-24,,,246.55103
1990-10-25,,,211.34694
1990-10-26,,,211.26
1990-10-27,,,214.0
1990-10-28,,,211.12766
1990-10-29,,,204.67346
1990-10-30,,,191.51021
1990-10-31,,,172.71428
1990-11-01,,,168.0
1990-11-02,,,164.48979
1990-11-03,,,169.32654
1990-11-04,,,168.85715
1990-11-05,,,177.65306
1990-11-06,,,175.2653
1990-11-07,,,157.71428
1990-11-08,,,168.77551
1990-11-09,,,172.89796
1990-11-10,,,164.89796
1990-11-11,,,153.89796
1990-11-12,,,149.85715
1990-11-13,,,147.96
1990-11-14,,,142.44897
1990-11-15,,,143.63266
1990-11-16,,,130.61224
1990-11-17,,,117.0
1990-11-18,,,110.28571
1990-11-19,,,114.0
1990-11-20,,,112.04082
1990-11-21,,,113.265305
1990-11-22,,,122.18367
1990-11-23,,,142.96
1990-11-24,,,130.28572
1990-11-25,,,118.42857
1990-11-26,,,120.42857
1990-11-27,,,160.87755
1990-11-28,,,159.51021
1990-11-29,,,154.67346
1990-11-30,,,140.10204
1990-12-01,,,124.87755
1990-12-02,,,143.0
1990-12-03,,,152.28572
1990-12-04,,,142.85715
1990-12-05,,,139.32654
1990-12-06,,,134.69388
1990-12-07,,,136.9796
1990-12-08,,,125.53061
1990-12-09,,,109.061226
1990-12-10,,,109.57143
1990-12-11,,,123.061226
1990-12-12,,,145.52
1990-12-13,,,191.69388
1990-12-14,,,206.0204
1990-12-15,,,190.7347
1990-12-16,,,197.2653
1990-12-17,,,180.36734
1990-12-18,,,198.44897
1990-12-19,,,187.9796
1990-12-20,,,235.07143
1991-03-06,,,220.85715
1991-03-07,,,249.06122
1991-03-08,,,238.63266
1991-03-09,,,211.12245
1991-03-10,,,188.95918
1991-03-11,,,179.55103
1991-03-12,,,180.95918
1991-03-13,,,166.32654
1991-03-14,,,162.28572
1991-03-15,,,158.28572
1991-03-16,,,157.46939
1991-03-17,,,152.89796
1991-03-18,,,131.67346
1991-03-19,,,120.10204
1991-03-20,,,108.42857
1991-03-21,,,114.32653
1991-03-22,,,136.57143
1991-03-23,,,129.71428
1991-03-24,,,140.2653
1991-03-25,,,159.2653
1991-03-26,,,156.85715
1991-03-27,,,183.40816
1991-03-28,,,182.93878
1991-03-29,,,169.61224
1991-03-30,,,174.7347
1991-03-31,,,168.7551
1991-04-01,,,157.71428
1991-04-02,,,165.0
1991-04-03,,,168.63266
1991-04-04,,,211.22449
1991-04-05,,,262.40817
1991-04-06,,,454.4898
1991-04-07,,,963.4286
1991-04-08,,,1660.2703
1991-04-09,,,2360.8333
1991-04-11,,,1337.027
1991-04-12,,,1156.3062
1991-04-13,,,894.6326
1991-04-14,,,655.7551
1991-04-15,,,551.53064
1991-04-16,,,505.89795
1991-04-17,,,549.5102
1991-04-18,,,777.6667
1991-04-20,,,1403.7838
1991-04-21,,,1562.2449
1991-04-22,,,1654.2858
1991-04-23,,,1469.3877
1991-04-24,,,1276.25
1991-04-25,,,1060.7916
1991-04-26,,,1081.3469
1991-04-27,,,905.87756
1991-04-28,,,742.5102
1991-04-29,,,621.6326
1991-04-30,,,566.551
1991-05-01,,,521.0
1991-05-02,,,550.10205
1991-05-03,,,650.10205
1991-05-04,,,587.2653
1991-05-05,,,563.83673
1991-05-06,,,558.69385
1991-05-07,,,675.12244
1991-05-08,,,755.04083
1991-05-09,,,1011.6531
1991-05-10,,,1431.0204
1991-05-11,,,1498.5714
1991-05-12,,,1357.9592
1991-05-13,,,1200.4082
1991-05-14,,,1170.2041
1991-05-15,,,1168.3673
1991-05-16,,,1127.7551
1991-05-17,,,1181.2245
1991-05-18,,,1075.5103
1991-05-19,,,1076.3673
1991-05-20,,,1783.9584
1991-05-21,,,1965.4166
1991-05-22,,,2108.5417
1991-05-23,,,2062.0833
1991-05-24,,,1960.0
1991-05-25,,,1822.0408
1991-05-26,,,1738.9796
1991-05-27,,,1724.898
1991-05-28,,,1801.6327
1991-05-29,,,1897.7551
1991-05-30,,,1656.1224
1991-05-31,,,1370.4082
1991-06-01,,,1123.2653
1991-06-02,,,1027.7551
1991-06-03,,,890.6326
1991-06-04,,,805.16327
1991-06-05,,,699.2449
1991-06-06,,,637.7347
1991-06-07,,,693.69385
1991-06-08,,,785.81635
1991-06-09,,,833.2041
1991-06-10,,,943.89795
1991-06-11,,,874.2857
1991-06-12,,,851.2449
1991-06-13,,,924.0612
1991-06-14,,,946.0204
1991-06-15,,,1027.0817
1991-06-16,,,1017.551
1991-06-17,,,850.40814
1991-06-18,,,866.1429
1991-06-19,,,914.9796
1991-06-20,,,810.67346
1991-06-21,,,710.2708
1991-06-22,,,724.3333
1991-06-23,,,683.0816
1991-06-24,,,645.2041
1991-06-25,,,591.61224
1991-06-26,,,515.7143
1991-06-27,,,473.87756
1991-06-28,,,413.36734
1991-06-29,,,379.57144
1991-06-30,,,435.38776
1991-07-01,,,447.0408
1991-07-02,,,441.87756
1991-07-03,,,397.0408
1991-07-04,,,370.9592
1991-07-05,,,335.4694
1991-07-06,,,315.7143
1991-07-07,,,298.5306
1991-07-08,,,283.26532
1991-07-09,,,336.0408
1991-07-10,,,481.85715
1991-07-11,,,446.40817
1991-07-12,,,344.83673
1991-07-13,,,311.59183
1991-07-14,,,285.42856
1991-07-15,,,252.38776
1991-07-16,,,234.53061
1991-07-17,,,225.0204
1991-07-18,,,228.53061
1991-07-19,,,221.14285
1991-07-20,,,248.65306
1991-07-21,,,255.0
1991-07-22,,,268.12244
1991-07-23,,,271.65308
1991-07-24,,,237.79591
1991-07-25,,,244.42857
1991-07-26,,,261.41666
1991-07-27,,,259.91666
1991-07-28,,,230.3125
1991-07-29,,,232.5
1991-07-30,,,199.125
1991-07-31,,,179.77083
1991-08-01,,,162.89583
1991-08-02,,,159.4375
1991-08-03,,,187.91667
1991-08-04,,,311.22916
1991-08-05,,,432.3125
1991-08-06,,,397.625
1991-08-07,,,370.70834
1991-08-08,,,343.10416
1991-08-09,,,375.875
1991-08-10,,,274.9375
1991-08-11,,,220.97917
1991-08-12,,,192.77083
1991-08-13,,,186.125
1991-08-14,,,294.625
1991-08-15,,,225.3125
1991-08-16,,,224.10417
1991-08-17,,,196.04167
1991-08-18,,,186.29167
1991-08-19,,,168.5
1991-08-20,,,155.27083
1991-08-21,,,150.47917
1991-08-22,,,154.8125
1991-08-23,,,141.30612
1991-08-24,,,124.65306
1991-08-25,,,121.55102
1991-08-26,,,113.12245
1991-08-27,,,109.81633
1991-08-28,,,108.65306
1991-08-29,,,108.734695
1991-08-30,,,165.16327
1991-08-31,,,111.14286
1991-09-01,,,106.55102
1991-09-02,,,99.69388
1991-09-03,,,104.28571
1991-09-04,,,112.61224
1991-09-05,,,112.71429
1991-09-06,,,116.55102
1991-09-07,,,195.0204
1991-09-08,,,283.4694
1991-09-09,,,452.7143
1991-09-10,,,478.7143
1991-09-11,,,356.34692
1991-09-12,,,354.0408
1991-09-13,,,352.93878
1991-09-14,,,427.7551
1991-09-15,,,355.2245
1991-09-16,,,302.85715
1991-09-17,,,262.57144
1991-09-18,,,233.69388
1991-09-19,,,210.71428
1991-09-20,,,194.06122
1991-09-21,,,189.51021
1991-09-22,,,179.51021
1991-09-23,,,168.46939
1991-09-24,,,156.36734
1991-09-25,,,137.0204
1991-09-26,,,122.95918
1991-09-27,,,117.244896
1991-09-28,,,106.16327
1991-09-29,,,107.0
1991-09-30,,,110.53061
1991-10-01,,,106.36
1991-10-02,,,106.081635
1991-10-03,,,139.63266
1991-10-04,,,151.04082
1991-10-05,,,136.04082
1991-10-06,,,137.53061
1991-10-07,,,137.89796
1991-10-08,,,140.0
1991-10-09,,,141.2449
1991-10-10,,,135.55103
1991-10-11,,,132.42857
1991-10-12,,,133.57143
1991-10-13,,,130.14285
1991-10-14,,,132.48979
1991-10-15,,,125.95918
1991-10-16,,,137.34694
1991-10-17,,,123.591835
1991-10-18,,,123.32653
1991-10-19,,,128.32654
1991-10-20,,,124.0
1991-10-21,,,125.38776
1991-10-22,,,128.89796
1991-10-23,,,127.61224
1991-10-24,,,134.36734
1991-10-25,,,149.52
1991-10-26,,,166.04082
1991-10-27,,,157.48936
1991-10-28,,,171.06122
1991-10-29,,,168.40816
1991-10-30,,,174.59184
1991-10-31,,,176.67346
1991-11-01,,,174.30612
1991-11-02,,,176.30612
1991-11-03,,,164.48979
1991-11-04,,,156.9796
1991-11-05,,,157.95918
1991-11-06,,,141.32654
1991-11-07,,,160.08163
1991-11-08,,,157.87755
1991-11-09,,,160.2653
1991-11-10,,,169.0204
1991-11-11,,,164.12245
1991-11-12,,,169.85715
1991-11-13,,,160.65306
1991-11-14,,,165.30612
1991-11-15,,,169.7551
1991-11-16,,,229.79591
1991-11-17,,,365.0
1991-11-18,,,353.59183
1991-11-19,,,254.20409
1991-11-20,,,199.08163
1991-11-21,,,180.0
1991-11-22,,,155.64583
1991-11-23,,,159.12245
1991-11-24,,,189.61224
1991-11-25,,,168.04082
1991-11-26,,,147.2449
1991-11-27,,,169.77551
1991-11-28,,,169.44897
1991-11-29,,,185.79591
1991-11-30,,,176.42857
1991-12-01,,,174.83673
1991-12-02,,,178.2449
1991-12-03,,,185.65306
1991-12-04,,,189.39583
1991-12-05,,,158.71428
1991-12-06,,,158.20409
1991-12-07,,,187.34694
1991-12-08,,,171.51021
1991-12-09,,,167.48979
1991-12-10,,,173.9796
1991-12-11,,,179.67346
1991-12-12,,,192.55103
1991-12-13,,,202.92857
1991-12-15,,,179.68571
1991-12-16,,,149.25
1991-12-17,,,127.28571
1991-12-18,,,140.12245
1991-12-19,,,198.875
1991-12-20,,,191.89583
1991-12-21,,,214.54167
1991-12-22,,,213.83673
1991-12-23,,,187.81633
1991-12-24,,,187.18367
1991-12-25,,,158.61224
1991-12-26,,,144.0
1991-12-27,,,163.32654
1991-12-28,,,145.28572
1991-12-29,,,160.95918
1991-12-30,,,165.65306
1991-12-31,,,142.10204
1992-01-01,,,184.30612
1992-01-02,,,173.10204
1992-01-03,,,175.2653
1992-01-04,,,112.61224
1992-01-05,,,127.85714
1992-01-06,,,168.20409
1992-01-07,,,192.0
1992-01-08,,,168.18367
1992-01-09,,,184.81633
1992-01-10,,,164.04082
1992-01-11,,,145.79591
1992-01-12,,,129.91837
1992-01-13,,,118.12245
1992-01-14,,,162.08163
1992-01-15,,,151.2653
1992-01-16,,,139.07143
1992-02-22,,,276.61765
1992-02-23,,,325.54166
1992-02-24,,,289.4694
1992-02-25,,,282.1837
1992-02-26,,,264.97958
1992-02-27,,,273.83673
1992-02-28,,,257.91837
1992-02-29,,,254.30612
1992-03-01,,,245.2449
1992-03-02,,,252.83673
1992-03-03,,,260.08163
1992-03-04,,,263.30612
1992-03-05,,,260.63266
1992-03-06,,,253.79591
1992-03-07,,,249.2449
1992-03-08,,,236.59184
1992-03-09,,,245.57143
1992-03-10,,,233.48979
1992-03-11,,,222.0
1992-03-12,,,210.10204
1992-03-13,,,193.7551
1992-03-14,,,193.08163
1992-03-15,,,197.87755
1992-03-16,,,196.20409
1992-03-17,,,183.95918
1992-03-18,,,177.7347
1992-03-19,,,188.36734
1992-03-20,,,200.51021
1992-03-21,,,204.10204
1992-03-22,,,241.20409
1992-03-23,,,244.20409
1992-03-24,,,235.18367
1992-03-25,,,235.7347
1992-03-26,,,233.69388
1992-03-27,,,231.9796
1992-03-28,,,280.42856
1992-03-29,,,343.59183
1992-03-30,,,407.6875
1992-03-31,,,438.67346
1992-04-01,,,487.85715
1992-04-02,,,568.59186
1992-04-03,,,647.9167
1992-04-04,,,686.2653
1992-04-05,,,829.4898
1992-04-06,,,1174.5103
1992-04-07,,,1494.5834
1992-04-08,,,2018.3334
1992-04-09,,,2177.2917
1992-04-10,,,2451.0417
1992-04-11,,,2698.5417
1992-04-12,,,2976.6667
1992-04-13,,,2895.4167
1992-04-14,,,2850.0
1992-04-15,,,2947.9592
1992-04-16,,,3060.0
1992-04-17,,,2616.7346
1992-04-18,,,2927.347
1992-04-19,,,3324.0815
1992-04-20,,,2883.8774
1992-04-21,,,2387.9592
1992-04-22,,,2254.6938
1992-04-23,,,2201.8367
1992-04-24,,,2113.8774
1992-04-25,,,2051.2246
1992-04-26,,,2063.0613
1992-04-27,,,2109.796
1992-04-28,,,2231.0205
1992-04-29,,,2371.6326
1992-04-30,,,2507.9592
1992-05-01,,,2517.551
1992-05-02,,,2705.7144
1992-05-03,,,2829.796
1992-05-04,,,2766.1226
1992-05-05,,,2625.102
1992-05-06,,,2608.7754
1992-05-07,,,2494.6938
1992-05-08,,,2408.7754
1992-05-09,,,2491.8367
1992-05-10,,,2785.102
1992-05-11,,,2765.102
1992-05-12,,,2505.9185
1992-05-13,,,2426.7346
1992-05-14,,,2207.9592
1992-05-15,,,2235.7144
1992-05-16,,,2267.7551
1992-05-17,,,2300.4082
1992-05-18,,,2466.1226
1992-05-19,,,2439.796
1992-05-20,,,2265.9185
1992-05-21,,,2215.3062
1992-05-22,,,2303.0613
1992-05-23,,,2496.5305
1992-05-24,,,3089.796
1992-05-25,,,3633.0613
1992-05-26,,,4492.449
1992-05-27,,,5106.735
1992-05-28,,,5520.408
1992-05-29,,,6177.143
1992-05-30,,,5599.3877
1992-05-31,,,4359.3877
1992-06-01,,,3684.4897
1992-06-02,,,3331.0205
1992-06-03,,,2607.7551
1992-06-04,,,2099.3877
1992-06-05,,,1943.2653
1992-06-06,,,2038.9796
1992-06-07,,,2171.0205
1992-06-08,,,2364.0815
1992-06-09,,,2398.3674
1992-06-10,,,1987.551
1992-06-11,,,1666.9387
1992-06-12,,,1540.0
1992-06-13,,,1417.7551
1992-06-14,,,1490.2041
1992-06-15,,,1526.3265
1992-06-16,,,1571.2245
1992-06-17,,,1306.5306
1992-06-18,,,934.551
1992-06-19,,,917.2653
1992-06-20,,,891.38776
1992-06-21,,,944.2041
1992-06-22,,,864.30615
1992-06-23,,,805.69385
1992-06-24,,,754.18365
1992-06-25,,,715.9184
1992-06-26,,,713.5
1992-06-27,,,721.9167
1992-06-28,,,663.3333
1992-06-29,,,593.7755
1992-06-30,,,605.16327
1992-07-01,,,606.9796
1992-07-02,,,582.40814
1992-07-03,,,518.38776
1992-07-04,,,446.32654
1992-07-05,,,448.40817
1992-07-06,,,455.79593
1992-07-07,,,477.4898
1992-07-08,,,495.32654
1992-07-09,,,500.89795
1992-07-10,,,565.95917
1992-07-11,,,515.551
1992-07-12,,,477.0408
1992-07-13,,,845.6531
1992-07-14,,,793.89795
1992-07-15,,,605.3674
1992-07-16,,,459.32654
1992-07-17,,,422.7143
1992-07-18,,,370.8163
1992-07-19,,,316.2857
1992-07-20,,,315.36734
1992-07-21,,,291.89795
1992-07-22,,,282.42856
1992-07-23,,,281.08334
1992-07-24,,,313.20834
1992-07-25,,,460.08334
1992-07-26,,,767.5208
1992-07-27,,,701.5
1992-07-28,,,487.625
1992-07-29,,,375.29166
1992-07-30,,,324.32654
1992-07-31,,,287.16327
1992-08-01,,,263.12244
1992-08-02,,,239.16327
1992-08-03,,,220.0204
1992-08-04,,,207.69388
1992-08-05,,,196.53061
1992-08-06,,,186.20409
1992-08-07,,,173.20409
1992-08-08,,,207.28572
1992-08-09,,,280.73468
1992-08-10,,,325.7755
1992-08-11,,,250.18367
1992-08-12,,,207.30612
1992-08-13,,,202.71428
1992-08-14,,,204.12245
1992-08-15,,,195.53061
1992-08-16,,,221.51021
1992-08-17,,,190.32654
1992-08-18,,,168.87755
1992-08-19,,,155.42857
1992-08-20,,,154.9796
1992-08-21,,,144.87755
1992-08-22,,,151.93878
1992-08-23,,,130.12245
1992-08-24,,,140.87755
1992-08-25,,,214.85715
1992-08-26,,,309.95834
1992-08-27,,,286.02084
1992-08-28,,,264.02084
1992-08-29,,,218.125
1992-08-30,,,194.52083
1992-08-31,,,177.125
1992-09-01,,,166.375
1992-09-02,,,162.25
1992-09-03,,,163.91667
1992-09-04,,,163.75
1992-09-05,,,155.46939
1992-09-06,,,147.0
1992-09-07,,,139.79591
1992-09-08,,,137.79591
1992-09-09,,,130.36734
1992-09-10,,,117.28571
1992-09-11,,,110.61224
1992-09-12,,,104.02041
1992-09-13,,,94.30612
1992-09-14,,,96.85714
1992-09-15,,,92.65306
1992-09-16,,,97.5102
1992-09-17,,,90.81633
1992-09-18,,,104.71429
1992-09-19,,,142.57143
1992-09-20,,,139.08163
1992-09-21,,,124.12245
1992-09-22,,,143.14285
1992-09-23,,,162.04082
1992-09-24,,,150.0
1992-09-25,,,132.48979
1992-09-26,,,120.38776
1992-09-27,,,114.42857
1992-09-28,,,110.0
1992-09-29,,,108.65306
1992-09-30,,,110.0
1992-10-01,,,111.55102
1992-10-02,,,111.14286
1992-10-03,,,107.0
1992-10-04,,,108.79592
1992-10-05,,,105.44898
1992-10-06,,,98.69388
1992-10-07,,,86.65306
1992-10-08,,,112.061226
1992-10-09,,,156.89796
1992-10-10,,,161.06122
1992-10-11,,,158.7551
1992-10-12,,,160.65306
1992-10-13,,,164.64
1992-10-14,,,164.53061
1992-10-15,,,163.67346
1992-10-16,,,157.87755
1992-10-17,,,155.0
1992-10-18,,,151.91837
1992-10-19,,,156.0
1992-10-20,,,155.2449
1992-10-21,,,157.22449
1992-10-22,,,155.55103
1992-10-23,,,147.16327
1992-10-24,,,156.9796
1992-10-25,,,160.25533
1992-10-26,,,171.48979
1992-10-27,,,175.65306
1992-10-28,,,216.59184
1992-10-29,,,228.9796
1992-10-30,,,187.7551
1992-10-31,,,261.85715
1992-11-01,,,350.57144
1992-11-02,,,300.7551
1992-11-03,,,278.2857
1992-11-04,,,262.0
1992-11-05,,,220.08163
1992-11-06,,,192.67346
1992-11-07,,,178.04082
1992-11-08,,,179.20409
1992-11-09,,,176.2449
1992-11-10,,,182.9796
1992-11-11,,,191.85715
1992-11-12,,,189.2449
1992-11-13,,,192.65306
1992-11-14,,,182.28572
1992-11-15,,,181.14285
1992-11-16,,,178.71428
1992-11-17,,,164.81633
1992-11-18,,,146.51021
1992-11-19,,,142.0204
1992-11-20,,,145.36734
1992-11-21,,,146.44897
1992-11-22,,,145.51021
1992-11-23,,,185.69388
1992-11-24,,,178.51021
1992-11-25,,,181.29167
1992-11-26,,,162.42857
1992-11-28,,,154.57143
1992-11-29,,,135.91837
1992-11-30,,,144.64285
1992-12-01,,,166.6
1992-12-02,,,153.06122
1992-12-03,,,158.57143
1992-12-04,,,178.32654
1992-12-05,,,180.95918
1992-12-06,,,146.71428
1992-12-07,,,188.85715
1992-12-08,,,171.57143
1992-12-09,,,153.51021
1992-12-10,,,142.5
1992-12-11,,,181.08571
1992-12-12,,,159.46939
1992-12-13,,,171.89796
1992-12-14,,,180.78572
1993-01-22,,,244.67647
1993-01-23,,,227.97917
1993-01-24,,,214.16327
1993-01-25,,,204.2653
1993-01-26,,,177.2449
1993-01-27,,,181.89796
1993-01-28,,,155.28572
1993-01-30,,,194.65715
1993-01-31,,,186.06122
1993-02-01,,,214.0204
1993-02-02,,,253.28572
1993-02-03,,,254.16327
1993-02-04,,,231.18367
1993-02-05,,,216.5
1993-02-07,,,195.82857
1993-02-08,,,204.63266
1993-02-09,,,259.20407
1993-02-10,,,336.1837
1993-02-11,,,291.02042
1993-02-12,,,285.5102
1993-02-13,,,279.73468
1993-02-14,,,251.0
1993-02-15,,,234.93878
1993-02-16,,,230.42857
1993-02-17,,,244.10204
1993-02-18,,,244.91837
1993-02-19,,,260.85715
1993-02-20,,,323.93878
1993-02-21,,,555.38776
1993-02-22,,,515.0
1993-02-23,,,384.41666
1993-02-24,,,309.25
1993-02-25,,,293.04166
1993-02-26,,,288.22916
1993-02-27,,,280.875
1993-02-28,,,275.375
1993-03-01,,,269.70834
1993-03-02,,,267.25
1993-03-03,,,263.75
1993-03-04,,,260.4375
1993-03-05,,,266.25
1993-03-06,,,294.875
1993-03-07,,,292.85416
1993-03-08,,,291.39584
1993-03-09,,,285.47916
1993-03-10,,,283.8163
1993-03-11,,,287.65308
1993-03-12,,,293.30612
1993-03-13,,,296.69388
1993-03-14,,,295.2245
1993-03-15,,,293.89795
1993-03-16,,,302.7143
1993-03-17,,,318.85715
1993-03-18,,,376.4694
1993-03-19,,,464.55103
1993-03-20,,,701.5714
1993-03-21,,,975.69385
1993-03-22,,,1069.1837
1993-03-23,,,1231.0204
1993-03-24,,,1400.0
1993-03-25,,,1674.0817
1993-03-26,,,2146.7346
1993-03-27,,,2775.5103
1993-03-28,,,2973.6736
1993-03-29,,,2234.898
1993-03-30,,,1793.0613
1993-03-31,,,1747.1428
1993-04-01,,,1647.1428
1993-04-02,,,1630.4082
1993-04-03,,,1764.6938
1993-04-04,,,1770.2041
1993-04-05,,,1907.551
1993-04-06,,,2503.5417
1993-04-07,,,2760.8164
1993-04-08,,,2288.7754
1993-04-09,,,1952.0408
1993-04-10,,,2023.8776
1993-04-11,,,2791.6326
1993-04-12,,,3475.102
1993-04-13,,,4134.898
1993-04-14,,,4228.7754
1993-04-15,,,4099.3877
1993-04-16,,,4345.9185
1993-04-17,,,4781.633
1993-04-18,,,5596.3267
1993-04-19,,,6859.1836
1993-04-20,,,6601.25
1993-04-21,,,6163.061
1993-04-22,,,6549.3877
1993-04-23,,,8033.469
1993-04-24,,,9682.041
1993-04-25,,,9708.163
1993-04-26,,,8673.062
1993-04-27,,,9571.429
1993-04-28,,,11100.0
1993-04-29,,,10934.694
1993-04-30,,,10238.9795
1993-05-01,,,9789.388
1993-05-02,,,8630.204
1993-05-03,,,8038.163
1993-05-04,,,8034.898
1993-05-05,,,7993.469
1993-05-06,,,7180.8164
1993-05-07,,,6291.2246
1993-05-08,,,6082.857
1993-05-09,,,5762.245
1993-05-10,,,5066.1226
1993-05-11,,,4960.6123
1993-05-12,,,5295.7144
1993-05-13,,,5774.4897
1993-05-14,,,6905.102
1993-05-15,,,7695.7144
1993-05-16,,,8642.653
1993-05-17,,,10625.714
1993-05-18,,,13020.408
1993-05-19,,,12462.5
1993-05-20,,,11869.6
1993-05-21,,,12255.102
1993-05-22,,,12324.49
1993-05-23,,,11706.122
1993-05-24,,,11640.816
1993-05-25,,,11159.184
1993-05-26,,,9922.041
1993-05-27,,,9314.082
1993-05-28,,,9146.734
1993-05-29,,,8811.429
1993-05-30,,,8946.326
1993-05-31,,,8227.959
1993-06-01,,,7824.898
1993-06-02,,,7584.898
1993-06-03,,,7045.102
1993-06-04,,,6413.265
1993-06-05,,,5626.531
1993-06-06,,,4643.8774
1993-06-07,,,3855.5103
1993-06-08,,,3487.1428
1993-06-09,,,3253.0613
1993-06-10,,,3058.7754
1993-06-11,,,2504.2856
1993-06-12,,,2234.4897
1993-06-13,,,2247.7551
1993-06-14,,,2574.0815
1993-06-15,,,2880.4082
1993-06-16,,,3210.8333
1993-06-24,,,3713.3333
1993-06-25,,,3375.2083
1993-06-26,,,2843.125
1993-06-27,,,2773.125
1993-06-28,,,2585.2083
1993-06-29,,,2445.4167
1993-06-30,,,2266.9387
1993-07-01,,,2219.796
1993-07-02,,,2028.5714
1993-07-03,,,1965.9183
1993-07-04,,,1875.3062
1993-07-05,,,1446.7347
1993-07-06,,,1190.4082
1993-07-07,,,1038.449
1993-07-08,,,1009.67346
1993-07-09,,,1322.6531
1993-07-10,,,1386.5306
1993-07-11,,,1149.898
1993-07-12,,,936.2857
1993-07-13,,,912.9388
1993-07-14,,,863.7143
1993-07-15,,,815.40814
1993-07-16,,,754.81635
1993-07-17,,,699.40814
1993-07-18,,,645.2245
1993-07-19,,,610.0816
1993-07-20,,,543.0816
1993-07-21,,,492.44897
1993-07-22,,,459.02042
1993-07-23,,,437.12244
1993-07-24,,,422.55103
1993-07-25,,,412.7143
1993-07-26,,,404.38776
1993-07-27,,,358.75
1993-07-28,,,350.97916
1993-07-29,,,323.65308
1993-07-30,,,309.91837
1993-07-31,,,299.5102
1993-08-01,,,312.36734
1993-08-02,,,299.87756
1993-08-03,,,294.0
1993-08-04,,,291.85715
1993-08-05,,,292.34692
1993-08-06,,,279.7143
1993-08-07,,,283.69388
1993-08-08,,,295.59183
1993-08-09,,,794.86
1993-08-10,,,484.97958
1993-08-11,,,388.26532
1993-08-12,,,368.7143
1993-08-13,,,359.40817
1993-08-14,,,299.12244
1993-08-15,,,348.02042
1993-08-16,,,290.12244
1993-08-17,,,285.7143
1993-08-18,,,264.87756
1993-08-19,,,241.28572
1993-08-20,,,228.32654
1993-08-21,,,222.53061
1993-08-22,,,333.57144
1993-08-23,,,398.57144
1993-08-24,,,291.14285
1993-08-25,,,247.125
1993-08-26,,,230.25
1993-08-27,,,255.625
1993-08-28,,,301.16666
1993-08-29,,,293.55103
1993-08-30,,,370.55103
1993-08-31,,,353.93878
1993-09-01,,,380.0
1993-09-02,,,523.5714
1993-09-03,,,418.7755
1993-09-04,,,343.4898
1993-09-05,,,295.89795
1993-09-06,,,279.65308
1993-09-07,,,269.06122
1993-09-08,,,254.51021
1993-09-09,,,245.38776
1993-09-10,,,227.20409
1993-09-11,,,212.42857
1993-09-12,,,198.57143
1993-09-13,,,201.18367
1993-09-14,,,194.71428
1993-09-15,,,199.57143
1993-09-16,,,212.04082
1993-09-17,,,194.71428
1993-09-18,,,178.40816
1993-09-19,,,177.0
1993-09-20,,,173.67346
1993-09-21,,,170.85715
1993-09-22,,,164.9796
1993-09-23,,,151.77551
1993-09-24,,,144.34694
1993-09-25,,,125.30612
1993-09-26,,,110.734695
1993-09-27,,,101.79592
1993-09-28,,,105.55102
1993-09-29,,,120.061226
1993-09-30,,,123.0
1993-10-01,,,123.10204
1993-10-02,,,124.0
1993-10-03,,,128.7347
1993-10-04,,,126.69388
1993-10-05,,,121.12245
1993-10-06,,,123.591835
1993-10-07,,,141.93878
1993-10-08,,,212.53061
1993-10-09,,,312.1837
1993-10-10,,,288.14285
1993-10-11,,,269.67346
1993-10-12,,,242.48979
1993-10-13,,,221.71428
1993-10-14,,,217.2653
1993-10-15,,,213.48979
1993-10-16,,,206.63266
1993-10-17,,,202.95918
1993-10-18,,,266.57144
1993-10-19,,,300.61224
1993-10-20,,,285.63266
1993-10-21,,,262.40817
1993-10-22,,,245.08163
1993-10-23,,,225.0204
1993-10-24,,,219.20409
1993-10-25,,,211.55103
1993-10-26,,,207.95918
1993-10-27,,,205.7347
1993-10-28,,,203.87755
1993-10-29,,,202.65306
1993-10-30,,,197.14285
1993-10-31,,,199.25533
1993-11-01,,,196.63266
1993-11-02,,,189.34694
1993-11-03,,,194.10204
1993-11-04,,,199.59184
1993-11-05,,,194.18367
1993-11-06,,,194.12245
1993-11-07,,,188.40816
1993-11-08,,,176.08163
1993-11-09,,,171.10204
1993-11-10,,,175.40816
1993-11-11,,,173.2653
1993-11-12,,,182.40816
1993-11-13,,,210.2449
1993-11-14,,,217.77551
1993-11-15,,,201.16327
1993-11-16,,,199.14285
1993-11-17,,,202.71428
1993-11-18,,,187.95833
1993-11-19,,,180.375
1993-11-20,,,179.71428
1993-11-22,,,134.74286
1993-11-23,,,140.87755
1993-11-24,,,172.89796
1993-11-25,,,194.12245
1993-11-26,,,178.12245
1993-11-27,,,162.35715
1993-12-09,,,145.74286
1993-12-10,,,136.40816
1993-12-11,,,148.57143
1994-01-25,,,172.41176
1994-01-26,,,174.60417
1994-01-27,,,200.16667
1994-01-28,,,178.66667
1994-01-29,,,185.04167
1994-01-30,,,158.9375
1994-01-31,,,136.0
1994-02-05,,,153.08824
1994-02-06,,,132.1875
1994-02-07,,,142.52083
1994-02-08,,,151.97917
1994-02-09,,,165.79167
1994-02-10,,,167.60417
1994-02-11,,,159.45833
1994-02-12,,,167.41667
1994-02-13,,,148.5625
1994-02-14,,,137.0
1994-02-15,,,127.854164
1994-02-16,,,128.20833
1994-02-17,,,136.0625
1994-02-18,,,151.79167
1994-02-19,,,188.60417
1994-02-20,,,250.25
1994-02-21,,,208.72917
1994-02-22,,,220.45833
1994-02-23,,,197.375
1994-02-24,,,185.52083
1994-02-25,,,182.91667
1994-02-26,,,178.95833
1994-02-27,,,202.67346
1994-02-28,,,271.7551
1994-03-01,,,257.42856
1994-03-02,,,233.0
1994-03-03,,,240.51021
1994-03-04,,,250.87755
1994-03-05,,,264.30612
1994-03-06,,,281.42856
1994-03-07,,,295.2857
1994-03-08,,,284.5306
1994-03-09,,,276.7755
1994-03-10,,,269.69388
1994-03-11,,,240.34694
1994-03-12,,,219.12245
1994-03-13,,,207.69388
1994-03-14,,,200.55103
1994-03-15,,,199.18367
1994-03-16,,,207.83673
1994-03-17,,,235.79591
1994-03-18,,,256.83673
1994-03-19,,,272.61224
1994-03-20,,,262.93878
1994-03-21,,,281.2245
1994-03-22,,,338.2245
1994-03-23,,,382.20407
1994-03-24,,,396.61224
1994-03-25,,,389.55103
1994-03-26,,,363.2857
1994-03-27,,,331.55103
1994-03-28,,,312.36734
1994-03-29,,,305.38776
1994-03-30,,,289.34692
1994-03-31,,,289.2449
1994-04-01,,,281.9149
1994-04-02,,,314.44897
1994-04-03,,,369.7755
1994-04-04,,,428.36734
1994-04-05,,,482.20407
1994-04-06,,,494.02042
1994-04-07,,,468.34692
1994-04-08,,,425.0
1994-04-09,,,400.0
1994-04-10,,,398.79166
1994-04-11,,,390.7143
1994-04-12,,,387.2449
1994-04-13,,,373.30612
1994-04-14,,,382.63266
1994-04-15,,,496.8163
1994-04-16,,,803.81635
1994-04-17,,,812.5102
1994-04-18,,,966.6531
1994-04-19,,,1084.1875
1994-04-20,,,1092.6875
1994-04-21,,,1090.6875
1994-04-22,,,1185.2084
1994-04-23,,,1253.9584
1994-04-24,,,1327.5
1994-04-25,,,1191.875
1994-04-26,,,1047.5834
1994-04-27,,,913.1667
1994-04-28,,,846.6667
1994-04-29,,,761.5208
1994-04-30,,,807.25
1994-05-01,,,874.1042
1994-05-02,,,1066.6875
1994-05-03,,,1589.1666
1994-05-05,,,2025.5555
1994-05-06,,,2104.5833
1994-05-07,,,2215.4167
1994-05-08,,,2407.9167
1994-05-09,,,2583.5417
1994-05-10,,,2598.3333
1994-05-11,,,2629.375
1994-05-12,,,2556.0417
1994-05-13,,,2554.5833
1994-05-14,,,2655.625
1994-05-15,,,2880.625
1994-05-16,,,2969.5833
1994-05-17,,,2987.9167
1994-05-18,,,3079.5833
1994-05-19,,,3079.5833
1994-05-20,,,3301.6667
1994-05-21,,,3328.125
1994-05-22,,,3293.0613
1994-05-23,,,3215.4167
1994-05-24,,,2909.5833
1994-05-25,,,2502.7083
1994-05-26,,,2089.5833
1994-05-27,,,1952.2916
1994-05-28,,,1766.0416
1994-05-29,,,2172.5
1994-05-30,,,2308.3333
1994-05-31,,,2421.6667
1994-06-01,,,2410.2083
1994-06-02,,,2339.1667
1994-06-03,,,2266.0417
1994-06-04,,,2410.4167
1994-06-05,,,2838.5417
1994-06-06,,,2816.6667
1994-06-07,,,2760.8333
1994-06-08,,,2464.1667
1994-06-09,,,2158.75
1994-06-10,,,1883.9584
1994-06-11,,,1727.7084
1994-06-12,,,1711.875
1994-06-13,,,1577.0834
1994-06-14,,,1469.375
1994-06-15,,,1282.7084
1994-06-16,,,1160.0625
1994-06-17,,,1026.7291
1994-06-18,,,835.875
1994-06-19,,,787.3125
1994-06-20,,,768.7917
1994-06-21,,,754.875
1994-06-22,,,772.0
1994-06-23,,,863.83673
1994-06-24,,,796.67346
1994-06-25,,,727.4286
1994-06-26,,,664.3674
1994-06-27,,,617.3469
1994-06-28,,,562.6326
1994-06-29,,,529.0
1994-06-30,,,480.87756
1994-07-01,,,448.38776
1994-07-02,,,426.14285
1994-07-03,,,408.1837
1994-07-04,,,394.20407
1994-07-05,,,374.91837
1994-07-06,,,342.73468
1994-07-07,,,312.40817
1994-07-08,,,284.02042
1994-07-09,,,250.83673
1994-07-10,,,236.91837
1994-07-11,,,220.16327
1994-07-12,,,196.44897
1994-07-13,,,190.53061
1994-07-14,,,185.0
1994-07-15,,,165.7347
1994-07-16,,,153.95918
1994-07-17,,,141.91837
1994-07-18,,,132.10204
1994-07-19,,,115.22449
1994-07-20,,,107.65306
1994-07-21,,,92.125
1994-07-22,,,95.75
1994-07-23,,,116.208336
1994-07-24,,,111.458336
1994-07-25,,,102.0
1994-07-26,,,99.375
1994-07-27,,,101.4375
1994-07-28,,,91.6875
1994-07-29,,,88.0625
1994-07-30,,,84.1875
1994-07-31,,,75.8125
1994-08-01,,,73.625
1994-08-02,,,76.0
1994-08-03,,,76.3125
1994-08-04,,,75.75
1994-08-05,,,85.625
1994-08-06,,,78.4375
1994-08-07,,,68.958336
1994-08-08,,,69.791664
1994-08-09,,,74.125
1994-08-10,,,76.8125
1994-08-11,,,77.625
1994-08-12,,,76.479164
1994-08-13,,,78.4375
1994-08-14,,,76.125
1994-08-15,,,71.125
1994-08-16,,,73.0
1994-08-17,,,106.645836
1994-08-18,,,94.395836
1994-08-19,,,78.625
1994-08-20,,,154.75
1994-08-21,,,275.10416
1994-08-22,,,168.9375
1994-08-23,,,155.16667
1994-08-24,,,123.770836
1994-08-25,,,105.104164
1994-08-26,,,90.6875
1994-08-27,,,91.0625
1994-08-28,,,95.6875
1994-08-29,,,92.3125
1994-08-30,,,86.10204
1994-08-31,,,75.38776
1994-09-01,,,79.061226
1994-09-02,,,97.30612
1994-09-03,,,75.18367
1994-09-04,,,115.10204
1994-09-05,,,94.67347
1994-09-06,,,80.04082
1994-09-07,,,104.57143
1994-09-08,,,97.61224
1994-09-09,,,87.32653
1994-09-10,,,80.65306
1994-09-11,,,76.97959
1994-09-12,,,69.83673
1994-09-13,,,66.32653
1994-09-14,,,77.0
1994-09-15,,,147.06122
1994-09-16,,,170.14285
1994-09-17,,,175.63266
1994-09-18,,,150.06122
1994-09-19,,,137.12245
1994-09-20,,,168.12245
1994-09-21,,,168.32654
1994-09-22,,,205.14285
1994-09-23,,,258.83673
1994-09-24,,,199.06122
1994-09-25,,,167.53061
1994-09-26,,,130.79591
1994-09-27,,,117.81633
1994-09-28,,,111.02041
1994-09-29,,,101.44898
1994-09-30,,,100.95918
1994-10-01,,,188.93878
1994-10-02,,,209.0204
1994-10-03,,,229.2653
1994-10-04,,,206.53061
1994-10-05,,,201.7347
1994-10-06,,,205.95918
1994-10-07,,,187.74
1994-10-08,,,183.51021
1994-10-09,,,176.7347
1994-10-10,,,228.08163
1994-10-11,,,218.28572
1994-10-12,,,199.16327
1994-10-13,,,189.22449
1994-10-14,,,183.51021
1994-10-15,,,174.61224
1994-10-16,,,192.06122
1994-10-17,,,201.65306
1994-10-18,,,187.93878
1994-10-19,,,192.67346
1994-10-20,,,197.40816
1994-10-21,,,193.08163
1994-10-22,,,184.40816
1994-10-23,,,173.22449
1994-10-24,,,165.2449
1994-10-25,,,166.28572
1994-10-26,,,167.89796
1994-10-27,,,175.42857
1994-10-28,,,174.77551
1994-10-29,,,174.44897
1994-10-30,,,173.87234
1994-10-31,,,170.30612
1994-11-01,,,169.18367
1994-11-02,,,171.22449
1994-11-03,,,166.91837
1994-11-04,,,173.63266
1994-11-05,,,166.65306
1994-11-06,,,162.63266
1994-11-07,,,161.81633
1994-11-08,,,171.55103
1994-11-09,,,166.06122
1994-11-10,,,163.16327
1994-11-11,,,172.32654
1994-11-12,,,179.12245
1994-11-13,,,189.0
1994-11-14,,,193.04082
1994-11-15,,,198.48979
1994-11-16,,,186.625
1994-11-17,,,186.95833
1994-11-18,,,167.83333
1994-11-19,,,154.06122
1994-11-20,,,158.42857
1994-11-21,,,163.2449
1994-11-22,,,170.22449
1994-11-23,,,170.44897
1994-11-24,,,192.71428
1994-11-25,,,180.18367
1994-11-26,,,174.57143
1994-11-27,,,178.28572
1994-11-28,,,182.85715
1994-11-29,,,174.53061
1994-11-30,,,157.46939
1994-12-01,,,145.0
1994-12-02,,,142.83673
1994-12-03,,,161.08163
1994-12-04,,,167.9796
1994-12-05,,,190.9796
1994-12-06,,,215.7551
1994-12-07,,,225.30612
1994-12-08,,,227.14285
1994-12-09,,,200.0
1994-12-10,,,193.51021
1994-12-11,,,141.2653
1994-12-12,,,145.2653
1994-12-13,,,156.63266
1994-12-14,,,162.95918
1994-12-15,,,163.46939
1994-12-16,,,166.2653
1994-12-17,,,143.67346
1994-12-18,,,157.69388
1994-12-19,,,166.79591
1994-12-20,,,157.0204
1994-12-21,,,144.38776
1994-12-22,,,139.29167
1994-12-23,,,142.52083
1994-12-24,,,147.22917
1994-12-25,,,177.57143
1994-12-26,,,197.65306
1994-12-27,,,196.0204
1994-12-28,,,185.63266
1994-12-29,,,163.9796
1994-12-30,,,152.42857
1994-12-31,,,158.32654
1995-01-01,,,167.16327
1995-01-02,,,151.53061
1995-01-03,,,130.06122
1995-01-04,,,126.85714
1995-01-05,,,153.93878
1995-01-06,,,167.42857
1995-01-07,,,186.55103
1995-01-08,,,176.34694
1995-01-09,,,169.46939
1995-01-10,,,173.06122
1995-01-11,,,170.89796
1995-01-12,,,163.91837
1995-01-13,,,174.34694
1995-01-14,,,165.04082
1995-01-15,,,158.40816
1995-01-16,,,158.59184
1995-01-17,,,162.57143
1995-01-18,,,165.14285
1995-01-19,,,151.77551
1995-01-20,,,133.0204
1995-01-21,,,125.591835
1995-01-22,,,133.85715
1995-01-23,,,145.44897
1995-01-24,,,142.52083
1995-01-25,,,136.1875
1995-01-26,,,160.79167
1995-01-27,,,189.875
1995-01-28,,,183.4375
1995-01-29,,,182.16667
1995-01-30,,,174.25
1995-01-31,,,159.04167
1995-02-01,,,153.9375
1995-02-02,,,156.52083
1995-02-03,,,161.33333
1995-02-04,,,151.70833
1995-02-05,,,157.85417
1995-02-06,,,170.625
1995-02-07,,,172.16667
1995-02-08,,,170.5625
1995-02-09,,,166.75
1995-02-10,,,189.0
1995-02-11,,,182.9375
1995-02-12,,,179.75
1995-02-13,,,175.91667
1995-02-14,,,170.04167
1995-02-15,,,175.125
1995-02-16,,,177.91667
1995-02-17,,,181.5
1995-02-18,,,178.33333
1995-02-19,,,187.04167
1995-02-20,,,180.16667
1995-02-21,,,171.41667
1995-02-22,,,169.08333
1995-02-23,,,155.375
1995-02-24,,,141.875
1995-02-25,,,141.71428
1995-02-26,,,151.08163
1995-02-27,,,159.93878
1995-02-28,,,170.32654
1995-03-01,,,219.44897
1995-03-02,,,240.38776
1995-03-03,,,277.73468
1995-03-04,,,288.7755
1995-03-05,,,296.87756
1995-03-06,,,336.89795
1995-03-07,,,373.89795
1995-03-08,,,355.61224
1995-03-09,,,331.34692
1995-03-10,,,265.36734
1995-03-11,,,246.34694
1995-03-12,,,252.46939
1995-03-13,,,331.59183
1995-03-14,,,599.449
1995-03-15,,,541.6326
1995-03-16,,,489.30612
1995-03-17,,,615.87756
1995-03-18,,,833.40814
1995-03-19,,,1085.7551
1995-03-20,,,1280.4082
1995-03-21,,,1453.0613
1995-03-22,,,1550.8163
1995-03-23,,,2107.8572
1995-03-24,,,1519.1428
1995-03-25,,,1364.898
1995-03-26,,,1149.3877
1995-03-27,,,944.59186
1995-03-28,,,745.2341
1995-03-29,,,670.551
1995-03-30,,,614.9184
1995-03-31,,,555.32654
1995-04-01,,,497.4694
1995-04-02,,,474.7143
1995-04-03,,,501.30612
1995-04-04,,,549.69385
1995-04-05,,,657.95917
1995-04-06,,,910.38776
1995-04-07,,,1341.25
1995-04-08,,,1726.1224
1995-04-09,,,1970.2041
1995-04-10,,,2100.4082
1995-04-11,,,1584.6938
1995-04-12,,,1275.5103
1995-04-13,,,1184.2858
1995-04-14,,,1501.2245
1995-04-15,,,1963.9584
1995-04-16,,,1942.2916
1995-04-17,,,1712.2449
1995-04-18,,,1831.8368
1995-04-19,,,1771.4286
1995-04-20,,,1799.1837
1995-04-21,,,1751.8368
1995-04-22,,,1715.7142
1995-04-23,,,1663.8776
1995-04-24,,,1663.0613
1995-04-25,,,1687.551
1995-04-26,,,1759.3877
1995-04-27,,,2051.8367
1995-04-28,,,2388.5715
1995-04-29,,,2542.0408
1995-04-30,,,2899.3877
1995-05-01,,,3816.5305
1995-05-02,,,3731.0205
1995-05-03,,,4317.959
1995-05-04,,,4302.041
1995-05-05,,,3870.6123
1995-05-06,,,4031.4285
1995-05-07,,,3926.3264
1995-05-08,,,3653.6736
1995-05-09,,,3753.0613
1995-05-10,,,3815.5103
1995-05-11,,,3694.898
1995-05-12,,,3747.347
1995-05-13,,,4628.7754
1995-05-14,,,4600.0
1995-05-15,,,3925.4055
1995-05-16,,,4938.367
1995-05-17,,,5148.367
1995-05-18,,,5485.102
1995-05-19,,,5413.265
1995-05-20,,,5133.6733
1995-05-21,,,5388.367
1995-05-22,,,5481.0205
1995-05-23,,,5777.347
1995-05-24,,,5772.449
1995-05-25,,,5088.9795
1995-05-26,,,4619.796
1995-05-27,,,4326.735
1995-05-28,,,4197.755
1995-05-29,,,4022.449
1995-05-30,,,4248.7754
1995-05-31,,,4478.75
1995-06-01,,,3873.0613
1995-06-02,,,3411.4285
1995-06-03,,,3353.2654
1995-06-04,,,3433.0613
1995-06-05,,,3662.8572
1995-06-06,,,3822.449
1995-06-07,,,4053.8774
1995-06-08,,,3957.1428
1995-06-09,,,3581.8367
1995-06-10,,,3381.0205
1995-06-11,,,3172.449
1995-06-12,,,3017.551
1995-06-13,,,3231.0205
1995-06-14,,,3495.9185
1995-06-15,,,3681.6326
1995-06-16,,,3793.2654
1995-06-17,,,4304.2856
1995-06-18,,,5289.1836
1995-06-19,,,5324.2856
1995-06-20,,,5044.898
1995-06-21,,,5115.2085
1995-06-22,,,5338.9585
1995-06-23,,,5157.347
1995-06-24,,,5101.837
1995-06-25,,,4364.2856
1995-06-26,,,3671.4285
1995-06-27,,,3233.2654
1995-06-28,,,2851.8367
1995-06-29,,,2723.0613
1995-06-30,,,2769.3877
1995-07-01,,,2898.1633
1995-07-02,,,3176.9387
1995-07-03,,,3455.9185
1995-07-04,,,4210.0
1995-07-05,,,2596.7568
1995-07-06,,,2300.204
1995-07-07,,,1985.7142
1995-07-08,,,2025.7142
1995-07-09,,,2059.1836
1995-07-10,,,2339.1667
1995-07-14,,,2061.081
1995-07-15,,,2290.204
1995-07-16,,,2140.0
1995-07-20,,,1471.3889
1995-07-21,,,1416.6666
1995-07-22,,,1277.9592
1995-07-23,,,1187.551
1995-07-24,,,1135.102
1995-07-25,,,966.67346
1995-07-26,,,913.38776
1995-07-27,,,873.0
1995-07-28,,,840.7755
1995-07-29,,,801.7959
1995-07-30,,,773.2449
1995-07-31,,,738.16327
1995-08-01,,,697.5714
1995-08-02,,,655.32654
1995-08-03,,,616.551
1995-08-04,,,570.0612
1995-08-05,,,517.38776
1995-08-06,,,515.53064
1995-08-07,,,511.2857
1995-08-08,,,485.32654
1995-08-09,,,465.08163
1995-08-10,,,497.7551
1995-08-11,,,464.38776
1995-08-12,,,471.12244
1995-08-13,,,462.0
1995-08-14,,,484.4694
1995-08-15,,,494.1837
1995-08-16,,,454.25
1995-08-17,,,406.16666
1995-08-18,,,386.54166
1995-08-19,,,379.41666
1995-08-20,,,365.125
1995-08-21,,,471.2245
1995-08-22,,,696.6326
1995-08-23,,,876.2041
1995-08-24,,,667.16327
1995-08-25,,,645.38776
1995-08-26,,,632.449
1995-08-27,,,525.87756
1995-08-28,,,512.38776
1995-08-29,,,516.89795
1995-08-30,,,488.02042
1995-08-31,,,462.91837
1995-09-01,,,430.06122
1995-09-02,,,401.85715
1995-09-03,,,380.2857
1995-09-04,,,378.85715
1995-09-05,,,354.0
1995-09-06,,,333.61224
1995-09-07,,,322.65308
1995-09-08,,,319.38776
1995-09-09,,,533.9184
1995-09-10,,,394.61224
1995-09-11,,,404.1837
1995-09-12,,,372.0408
1995-09-13,,,328.06122
1995-09-14,,,294.0
1995-09-15,,,278.20407
1995-09-16,,,263.08163
1995-09-17,,,250.20409
1995-09-18,,,236.04082
1995-09-19,,,306.83673
1995-09-20,,,301.5102
1995-09-21,,,267.40817
1995-09-22,,,236.65306
1995-09-23,,,221.32654
1995-09-24,,,214.28572
1995-09-25,,,205.38776
1995-09-26,,,202.79591
1995-09-27,,,204.81633
1995-09-28,,,203.14285
1995-09-29,,,230.81633
1995-09-30,,,609.0
1995-10-01,,,531.6326
1995-10-02,,,387.4898
1995-10-03,,,337.08
1995-10-04,,,303.02042
1995-10-05,,,291.79593
1995-10-06,,,307.4898
1995-10-07,,,268.7143
1995-10-08,,,263.2857
1995-10-09,,,248.48979
1995-10-10,,,241.34694
1995-10-11,,,236.04082
1995-10-12,,,239.10204
1995-10-13,,,232.9796
1995-10-14,,,230.83673
1995-10-15,,,227.9796
1995-10-16,,,225.83673
1995-10-17,,,225.63266
1995-10-18,,,223.12245
1995-10-19,,,220.79591
1995-10-20,,,217.55103
1995-10-21,,,213.67346
1995-10-22,,,209.71428
1995-10-23,,,209.91837
1995-10-24,,,219.04082
1995-10-25,,,216.63266
1995-10-26,,,207.71428
1995-10-27,,,201.83673
1995-10-28,,,200.7551
1995-10-29,,,201.95744
1995-10-30,,,206.83673
1995-10-31,,,214.14285
1995-11-01,,,219.16327
1995-11-02,,,219.32654
1995-11-03,,,218.59184
1995-11-04,,,219.77551
1995-11-05,,,201.81633
1995-11-06,,,191.36734
1995-11-07,,,182.51021
1995-11-08,,,177.0204
1995-11-09,,,191.2653
1995-11-10,,,200.7551
1995-11-11,,,201.36734
1995-11-12,,,202.9796
1995-11-13,,,195.42857
1995-11-14,,,201.22449
1995-11-15,,,210.14285
1995-11-16,,,208.79591
1995-11-17,,,195.91837
1995-11-18,,,176.57143
1995-11-19,,,169.10417
1995-11-20,,,158.71428
1995-11-21,,,158.22449
1995-11-22,,,158.95918
1995-11-23,,,161.0
1995-11-24,,,158.2449
1995-11-25,,,190.65306
1995-11-26,,,186.44897
1995-11-27,,,183.83673
1995-11-28,,,189.36734
1995-11-29,,,187.34694
1995-11-30,,,180.57143
1995-12-01,,,182.42857
1995-12-02,,,187.64583
1995-12-03,,,190.4375
1995-12-04,,,190.91667
1995-12-05,,,191.75
1995-12-06,,,194.25
1995-12-07,,,197.66667
1995-12-08,,,199.97917
1995-12-09,,,207.54167
1995-12-10,,,207.16667
1995-12-11,,,198.60417
1995-12-12,,,194.08333
1995-12-13,,,189.75
1995-12-14,,,202.875
1995-12-15,,,202.66667
1995-12-16,,,210.60417
1995-12-17,,,203.70833
1995-12-18,,,186.08333
1995-12-19,,,202.04167
1995-12-20,,,187.4375
1995-12-21,,,172.97917
1995-12-22,,,188.0
1995-12-23,,,188.16667
1995-12-24,,,165.375
1995-12-25,,,143.77083
1995-12-26,,,99.958336
1995-12-27,,,122.791664
1995-12-28,,,147.20833
1995-12-29,,,126.9375
1995-12-30,,,143.3125
1995-12-31,,,151.8125
1996-01-01,,,154.89583
1996-01-02,,,162.60417
1996-01-03,,,166.39583
1996-01-04,,,155.92857
1996-01-05,,,152.29411
1996-01-06,,,160.58333
1996-01-07,,,160.21428
1996-01-11,,,152.70589
1996-01-12,,,149.28572
1996-01-16,,,172.61765
1996-01-17,,,167.97917
1996-01-18,,,193.64583
1996-01-19,,,178.8125
1996-01-20,,,176.45833
1996-01-21,,,157.1875
1996-01-22,,,163.14583
1996-01-23,,,145.47917
1996-01-24,,,135.29167
1996-01-25,,,153.85715
1996-01-29,,,157.0
1996-01-30,,,166.61224
1996-01-31,,,207.93878
1996-02-01,,,205.7347
1996-02-02,,,212.87755
1996-02-03,,,200.55103
1996-02-04,,,161.32654
1996-02-05,,,165.9796
1996-02-06,,,176.57143
1996-02-07,,,195.18367
1996-02-08,,,205.36734
1996-02-09,,,196.77551
1996-02-10,,,199.38776
1996-02-11,,,201.53061
1996-02-12,,,202.20409
1996-02-13,,,198.7551
1996-02-14,,,195.61224
1996-02-15,,,193.48979
1996-02-16,,,188.28572
1996-02-17,,,186.93878
1996-02-18,,,186.65306
1996-02-19,,,188.28572
1996-02-20,,,190.7551
1996-02-21,,,222.69388
1996-02-22,,,235.85715
1996-02-23,,,259.6875
1996-02-24,,,250.35417
1996-02-25,,,230.97917
1996-02-26,,,220.5625
1996-02-27,,,220.79167
1996-02-28,,,204.25
1996-02-29,,,184.61224
1996-03-01,,,177.38776
1996-03-02,,,177.0204
1996-03-03,,,172.32654
1996-03-04,,,172.69388
1996-03-05,,,169.46939
1996-03-06,,,194.46939
1996-03-07,,,182.77551
1996-03-08,,,176.61224
1996-03-09,,,168.81633
1996-03-10,,,166.69388
1996-03-11,,,161.28572
1996-03-12,,,152.20409
1996-03-13,,,145.7551
1996-03-14,,,148.9796
1996-03-15,,,158.87755
1996-03-16,,,159.61224
1996-03-17,,,154.59184
1996-03-18,,,161.28572
1996-03-19,,,194.30612
1996-03-20,,,181.32654
1996-03-21,,,176.65306
1996-03-22,,,176.40816
1996-03-23,,,182.02083
1996-03-24,,,216.2449
1996-03-25,,,243.38776
1996-03-26,,,219.69388
1996-03-27,,,197.95918
1996-03-28,,,190.87755
1996-03-29,,,184.08163
1996-03-30,,,183.65306
1996-03-31,,,203.7347
1996-04-01,,,206.57143
1996-04-02,,,215.04082
1996-04-03,,,295.93878
1996-04-04,,,376.97958
1996-04-05,,,392.06122
1996-04-06,,,355.57144
1996-04-07,,,363.40817
1996-04-08,,,434.67346
1996-04-09,,,548.32654
1996-04-10,,,739.93616
1996-04-11,,,918.3674
1996-04-12,,,802.3469
1996-04-13,,,679.4898
1996-04-14,,,596.0612
1996-04-15,,,500.7551
1996-04-16,,,456.02042
1996-04-17,,,565.83673
1996-04-18,,,548.95917
1996-04-19,,,465.67346
1996-04-20,,,491.7755
1996-04-21,,,472.0408
1996-04-22,,,389.4694
1996-04-23,,,336.61224
1996-04-24,,,328.42856
1996-04-25,,,417.67346
1996-04-26,,,623.0816
1996-04-27,,,775.9184
1996-04-28,,,842.0
1996-04-29,,,856.53064
1996-04-30,,,697.53064
1996-05-01,,,654.0612
1996-05-02,,,733.6667
1996-05-03,,,775.5
1996-05-04,,,845.0
1996-05-05,,,866.1875
1996-05-06,,,919.0208
1996-05-07,,,935.6458
1996-05-08,,,944.5
1996-05-09,,,929.4792
1996-05-10,,,933.5208
1996-05-11,,,872.1875
1996-05-12,,,847.5625
1996-05-13,,,928.4167
1996-05-14,,,1008.3542
1996-05-15,,,990.4583
1996-05-16,,,987.9375
1996-05-17,,,1081.5625
1996-05-18,,,1157.5
1996-05-19,,,1134.375
1996-05-20,,,1094.3334
1996-05-21,,,1099.3469
1996-05-22,,,990.2449
1996-05-23,,,909.6531
1996-05-24,,,812.9184
1996-05-25,,,704.04083
1996-05-26,,,652.6531
1996-05-27,,,576.6326
1996-05-28,,,476.89795
1996-05-29,,,419.59183
1996-05-30,,,374.8163
1996-05-31,,,333.65308
1996-06-01,,,346.93878
1996-06-02,,,340.89795
1996-06-03,,,364.7755
1996-06-04,,,439.30612
1996-06-05,,,522.1429
1996-06-06,,,549.38776
1996-06-07,,,573.38776
1996-06-08,,,582.61224
1996-06-09,,,576.89795
1996-06-10,,,528.9388
1996-06-11,,,485.9592
1996-06-12,,,450.06122
1996-06-13,,,425.79593
1996-06-14,,,405.34692
1996-06-15,,,419.34692
1996-06-16,,,624.6326
1996-06-17,,,543.6326
1996-06-18,,,466.10205
1996-06-19,,,424.59183
1996-06-20,,,399.87756
1996-06-21,,,389.39584
1996-06-22,,,422.02084
1996-06-23,,,523.7708
1996-06-24,,,496.6875
1996-06-25,,,384.35416
1996-06-26,,,320.08334
1996-06-27,,,298.29166
1996-06-28,,,353.91666
1996-06-29,,,428.72916
1996-06-30,,,472.375
1996-07-01,,,419.70834
1996-07-02,,,361.20834
1996-07-03,,,318.54166
1996-07-04,,,300.0625
1996-07-05,,,275.8125
1996-07-06,,,266.89584
1996-07-07,,,331.9375
1996-07-08,,,259.41666
1996-07-09,,,234.83333
1996-07-10,,,219.20833
1996-07-11,,,318.89584
1996-07-12,,,254.79167
1996-07-13,,,233.79167
1996-07-14,,,204.5625
1996-07-15,,,179.54167
1996-07-16,,,173.5
1996-07-17,,,185.04167
1996-07-18,,,171.33333
1996-07-19,,,160.35417
1996-07-20,,,186.02083
1996-07-21,,,177.08333
1996-07-22,,,154.8125
1996-07-23,,,136.9375
1996-07-24,,,124.625
1996-07-25,,,113.5
1996-07-26,,,105.166664
1996-07-27,,,101.708336
1996-07-28,,,96.145836
1996-07-29,,,90.25
1996-07-30,,,92.8125
1996-07-31,,,94.5625
1996-08-01,,,98.9375
1996-08-02,,,103.104164
1996-08-03,,,89.708336
1996-08-04,,,85.916664
1996-08-05,,,88.0625
1996-08-06,,,81.6875
1996-08-07,,,78.416664
1996-08-08,,,77.875
1996-08-09,,,75.208336
1996-08-10,,,70.916664
1996-08-11,,,65.458336
1996-08-12,,,63.125
1996-08-13,,,62.0
1996-08-14,,,61.458332
1996-08-15,,,63.208332
1996-08-16,,,62.833332
1996-08-17,,,59.0
1996-08-18,,,56.479168
1996-08-19,,,57.333332
1996-08-20,,,57.25
1996-08-21,,,57.833332
1996-08-22,,,66.541664
1996-08-23,,,62.416668
1996-08-24,,,54.854168
1996-08-25,,,57.208332
1996-08-26,,,58.291668
1996-08-27,,,69.1875
1996-08-28,,,74.958336
1996-08-29,,,90.145836
1996-08-30,,,127.1875
1996-08-31,,,98.395836
1996-09-01,,,85.229164
1996-09-02,,,79.104164
1996-09-03,,,76.75
1996-09-04,,,74.625
1996-09-05,,,72.75
1996-09-06,,,90.583336
1996-09-07,,,232.41667
1996-09-08,,,189.29167
1996-09-09,,,132.04167
1996-09-10,,,112.458336
1996-09-11,,,95.479164
1996-09-12,,,178.04167
1996-09-13,,,103.5625
1996-09-14,,,163.97917
1996-09-15,,,279.85416
1996-09-16,,,227.45833
1996-09-17,,,229.45833
1996-09-18,,,219.85417
1996-09-19,,,275.89584
1996-09-20,,,320.33334
1996-09-21,,,256.91666
1996-09-22,,,206.95833
1996-09-23,,,174.9375
1996-09-24,,,162.0
1996-09-25,,,156.60417
1996-09-26,,,150.45833
1996-09-27,,,143.04167
1996-09-28,,,142.0625
1996-09-29,,,139.77083
1996-09-30,,,138.08333
1996-10-01,,,136.66667
1996-10-02,,,132.4375
1996-10-03,,,144.14583
1996-10-04,,,1270.8572
1996-10-05,,,2140.8164
1996-10-06,,,754.32654
1996-10-07,,,438.0408
1996-10-08,,,324.38776
1996-10-09,,,286.87756
1996-10-10,,,288.4694
1996-10-11,,,314.06122
1996-10-12,,,324.91837
1996-10-13,,,300.7755
1996-10-14,,,317.26532
1996-10-15,,,299.9592
1996-10-16,,,291.34692
1996-10-17,,,268.5306
1996-10-18,,,263.83673
1996-10-19,,,248.63266
1996-10-20,,,239.83673
1996-10-21,,,221.38776
1996-10-22,,,215.87755
1996-10-23,,,205.9796
1996-10-24,,,192.78
1996-10-25,,,191.2653
1996-10-26,,,198.59184
1996-10-27,,,187.7234
1996-10-28,,,198.10204
1996-10-29,,,217.30612
1996-10-30,,,265.10205
1996-10-31,,,274.40817
1996-11-01,,,230.83673
1996-11-02,,,215.87755
1996-11-03,,,203.28572
1996-11-04,,,196.51021
1996-11-05,,,205.69388
1996-11-06,,,203.04082
1996-11-07,,,198.10204
1996-11-08,,,196.57143
1996-11-09,,,186.32654
1996-11-10,,,176.57143
1996-11-11,,,176.28572
1996-11-12,,,173.22449
1996-11-13,,,166.91837
1996-11-14,,,151.85715
1996-11-15,,,142.32654
1996-11-16,,,158.87755
1996-11-17,,,166.48979
1996-11-18,,,185.55103
1996-11-19,,,201.34694
1996-11-20,,,221.0
1996-11-21,,,212.14285
1996-11-22,,,216.12245
1996-11-23,,,231.06122
1996-11-24,,,279.30612
1996-11-25,,,318.69388
1996-11-26,,,337.69388
1996-11-27,,,288.26532
1996-11-28,,,245.67346
1996-11-29,,,231.55103
1996-11-30,,,210.10204
1996-12-01,,,220.83673
1996-12-02,,,209.9796
1996-12-03,,,185.2653
1996-12-04,,,199.95833
1996-12-05,,,175.83333
1996-12-06,,,178.60417
1996-12-07,,,183.60417
1996-12-08,,,200.97917
1996-12-09,,,197.10417
1996-12-10,,,191.375
1996-12-11,,,215.83333
1996-12-12,,,272.5625
1996-12-13,,,268.33334
1996-12-14,,,268.04166
1996-12-15,,,241.72917
1996-12-16,,,212.33333
1996-12-17,,,182.39583
1996-12-18,,,139.78572
1996-12-19,,,123.0
1996-12-20,,,116.416664
1996-12-21,,,126.75
1996-12-22,,,130.25
1996-12-23,,,134.39583
1996-12-24,,,124.833336
1996-12-25,,,128.39583
1996-12-26,,,126.3125
1996-12-27,,,132.0
1996-12-28,,,141.91667
1996-12-29,,,139.14583
1996-12-30,,,129.22917
1996-12-31,,,127.3125
1997-01-01,,,130.625
1997-01-02,,,128.0625
1997-01-03,,,137.5625
1997-01-04,,,154.22917
1997-01-05,,,162.125
1997-01-06,,,151.58333
1997-01-07,,,172.875
1997-01-08,,,142.77083
1997-01-09,,,125.104164
1997-01-10,,,136.16667
1997-01-11,,,135.5625
1997-01-12,,,158.5
1997-01-13,,,168.66667
1997-01-14,,,163.6875
1997-01-15,,,145.95833
1997-01-16,,,150.29167
1997-01-17,,,119.9375
1997-01-18,,,104.708336
1997-01-19,,,105.854164
1997-01-20,,,111.020836
1997-01-21,,,125.5625
1997-01-22,,,124.8125
1997-01-23,,,133.16667
1997-01-24,,,129.6875
1997-01-25,,,126.375
1997-01-26,,,122.25
1997-01-27,,,121.875
1997-01-28,,,137.6875
1997-01-29,,,134.5625
1997-01-30,,,127.1875
1997-01-31,,,123.3125
1997-02-01,,,120.0
1997-02-02,,,121.0
1997-02-03,,,129.625
1997-02-04,,,129.125
1997-02-05,,,129.4375
1997-02-06,,,122.0
1997-02-07,,,128.5
1997-02-19,,,206.35294
1997-02-20,,,228.41667
1997-02-21,,,233.8125
1997-02-22,,,227.77083
1997-02-23,,,218.45833
1997-02-24,,,203.39583
1997-02-25,,,217.1875
1997-02-26,,,215.52083
1997-02-27,,,213.0625
1997-02-28,,,215.1875
1997-03-01,,,218.58333
1997-03-02,,,211.66667
1997-03-03,,,205.14583
1997-03-04,,,202.875
1997-03-05,,,206.0625
1997-03-06,,,201.52083
1997-03-07,,,187.45833
1997-03-08,,,193.27083
1997-03-09,,,197.0625
1997-03-10,,,202.45833
1997-03-11,,,217.375
1997-03-12,,,239.60417
1997-03-13,,,288.58334
1997-03-14,,,379.97916
1997-03-15,,,491.9375
1997-03-16,,,562.375
1997-03-17,,,638.1667
1997-03-18,,,774.0833
1997-03-19,,,891.9792
1997-03-20,,,1139.8125
1997-03-21,,,1770.2084
1997-03-22,,,2461.0205
1997-03-23,,,2692.449
1997-03-24,,,2945.102
1997-03-25,,,2903.0613
1997-03-26,,,2052.8572
1997-03-27,,,1627.551
1997-03-28,,,1695.3062
1997-03-29,,,1937.551
1997-03-30,,,2109.3618
1997-03-31,,,1836.1224
1997-04-01,,,1705.5103
1997-04-02,,,1926.1224
1997-04-03,,,1841.4286
1997-04-04,,,1928.7755
1997-04-05,,,2987.9592
1997-04-06,,,2496.1226
1997-04-07,,,1779.7916
1997-04-08,,,1575.7142
1997-04-09,,,1612.449
1997-04-10,,,1761.4286
1997-04-11,,,1791.2245
1997-04-12,,,1626.9387
1997-04-13,,,1388.1632
1997-04-14,,,1236.7347
1997-04-15,,,1212.2449
1997-04-16,,,1421.6327
1997-04-17,,,2073.6736
1997-04-18,,,2912.653
1997-04-19,,,3332.2449
1997-04-20,,,3874.6938
1997-04-21,,,4465.9185
1997-04-22,,,4642.653
1997-04-23,,,4364.4897
1997-04-24,,,4109.592
1997-04-25,,,4332.653
1997-04-26,,,4363.061
1997-04-27,,,4301.2246
1997-04-28,,,4434.1665
1997-05-01,,,4775.676
1997-05-02,,,4607.551
1997-05-03,,,4356.735
1997-05-04,,,4306.1226
1997-05-05,,,4584.4897
1997-05-06,,,4932.5
1997-05-10,,,5137.5674
1997-05-11,,,4852.245
1997-05-12,,,4678.7754
1997-05-13,,,4781.0205
1997-05-14,,,4818.367
1997-05-15,,,4848.5713
1997-05-16,,,4904.694
1997-05-17,,,5131.0205
1997-05-18,,,5379.7915
1997-05-19,,,5513.6733
1997-05-20,,,5671.2246
1997-05-21,,,5701.2246
1997-05-22,,,5882.857
1997-05-23,,,6306.3267
1997-05-24,,,6018.7754
1997-05-25,,,6084.898
1997-05-26,,,6286.1226
1997-05-27,,,5934.694
1997-05-28,,,5211.2246
1997-05-29,,,4880.408
1997-05-30,,,4389.3877
1997-05-31,,,4000.4082
1997-06-01,,,4178.7754
1997-06-02,,,4554.2856
1997-06-03,,,4853.8774
1997-06-04,,,4699.3877
1997-06-05,,,4426.531
1997-06-06,,,4007.7551
1997-06-07,,,3438.5715
1997-06-08,,,2993.4695
1997-06-09,,,3106.3264
1997-06-10,,,3184.2554
1997-06-11,,,3255.2083
1997-06-12,,,3030.2083
1997-06-13,,,3093.125
1997-06-14,,,3254.7917
1997-06-15,,,3207.9167
1997-06-16,,,3145.2083
1997-06-17,,,2900.8333
1997-06-18,,,2535.625
1997-06-19,,,2444.5833
1997-06-20,,,2406.0417
1997-06-21,,,2398.75
1997-06-22,,,2592.2917
1997-06-23,,,2962.9167
1997-06-24,,,2788.125
1997-06-25,,,2440.4167
1997-06-26,,,2066.6667
1997-06-27,,,1804.1666
1997-06-28,,,1608.5416
1997-06-29,,,1531.0416
1997-06-30,,,1446.6666
1997-07-01,,,1436.6666
1997-07-02,,,1343.5416
1997-07-03,,,1126.875
1997-07-04,,,1061.1041
1997-07-05,,,965.5208
1997-07-06,,,883.7708
1997-07-07,,,859.4375
1997-07-08,,,793.8125
1997-07-09,,,706.3542
1997-07-10,,,646.8542
1997-07-11,,,623.5625
1997-07-12,,,640.2083
1997-07-13,,,606.0625
1997-07-14,,,633.1458
1997-07-15,,,632.9375
1997-07-16,,,629.4167
1997-07-17,,,610.75
1997-07-18,,,560.3542
1997-07-19,,,535.25
1997-07-20,,,554.75
1997-07-21,,,574.3958
1997-07-22,,,594.2292
1997-07-23,,,536.6458
1997-07-24,,,609.6042
1997-07-25,,,657.5417
1997-07-26,,,547.9583
1997-07-27,,,490.95834
1997-07-28,,,491.77084
1997-07-29,,,703.6458
1997-07-30,,,747.7083
1997-07-31,,,716.5
1997-08-01,,,981.0417
1997-08-02,,,836.3542
1997-08-03,,,639.1042
1997-08-04,,,624.25
1997-08-05,,,785.125
1997-08-06,,,927.0208
1997-08-07,,,944.4583
1997-08-08,,,785.7708
1997-08-09,,,642.875
1997-08-10,,,585.0625
1997-08-11,,,913.7292
1997-08-12,,,1055.2916
1997-08-13,,,742.2292
1997-08-14,,,693.5833
1997-08-15,,,613.7708
1997-08-16,,,529.3333
1997-08-17,,,466.0
1997-08-18,,,441.9375
1997-08-19,,,412.85416
1997-08-20,,,380.41666
1997-08-21,,,364.64584
1997-08-22,,,342.91666
1997-08-23,,,332.08334
1997-08-24,,,302.125
1997-08-25,,,293.95834
1997-08-26,,,293.66666
1997-08-27,,,452.97916
1997-08-28,,,609.1042
1997-08-29,,,392.66666
1997-08-30,,,333.64584
1997-08-31,,,307.6875
1997-09-01,,,340.97916
1997-09-02,,,401.70834
1997-09-03,,,382.6875
1997-09-04,,,350.0625
1997-09-05,,,348.16666
1997-09-06,,,412.04166
1997-09-07,,,430.47916
1997-09-08,,,346.66666
1997-09-09,,,320.14584
1997-09-10,,,286.70834
1997-09-11,,,278.5
1997-09-12,,,322.60416
1997-09-13,,,402.40817
1997-09-14,,,362.875
1997-09-15,,,379.85416
1997-09-16,,,559.5833
1997-09-17,,,858.9167
1997-09-18,,,593.7292
1997-09-19,,,481.58334
1997-09-20,,,427.375
1997-09-21,,,712.7917
1997-09-22,,,939.8125
1997-09-23,,,719.1667
1997-10-15,,,332.48648
1997-10-16,,,341.67346
1997-10-17,,,340.67346
1997-10-18,,,335.59183
1997-10-19,,,336.20407
1997-10-20,,,361.14285
1997-10-21,,,354.1837
1997-10-22,,,344.12244
1997-10-23,,,322.57144
1997-10-24,,,328.61224
1997-10-25,,,332.55103
1997-10-26,,,340.53192
1997-10-27,,,321.06122
1997-10-28,,,306.85715
1997-10-29,,,312.73468
1997-10-30,,,311.59183
1997-10-31,,,303.87756
1997-11-01,,,288.57144
1997-11-02,,,282.2857
1997-11-03,,,273.38776
1997-11-04,,,259.97958
1997-11-05,,,254.10204
1997-11-06,,,262.57144
1997-11-07,,,258.55103
1997-11-08,,,256.9592
1997-11-09,,,265.2449
1997-11-10,,,298.4694
1997-11-11,,,299.20407
1997-11-12,,,321.79593
1997-11-13,,,369.6875
1997-11-14,,,324.375
1997-11-15,,,299.4375
1997-11-16,,,275.60416
1997-11-17,,,241.72917
1997-11-18,,,222.52083
1997-11-19,,,247.02083
1997-11-20,,,258.47916
1997-11-21,,,254.0
1997-11-22,,,254.79167
1997-11-23,,,233.97917
1997-11-24,,,229.39583
1997-11-25,,,215.0625
1997-11-26,,,223.33333
1997-11-27,,,266.83334
1997-11-28,,,285.08334
1997-11-29,,,306.0
1997-11-30,,,290.77084
1997-12-01,,,281.4375
1997-12-02,,,287.77084
1997-12-03,,,293.85416
1997-12-04,,,282.75
1997-12-05,,,274.29166
1997-12-06,,,241.10417
1997-12-07,,,247.875
1997-12-08,,,292.29166
1997-12-09,,,303.125
1997-12-10,,,317.66666
1997-12-11,,,290.27084
1997-12-12,,,263.0625
1997-12-13,,,184.8125
1997-12-14,,,200.64583
1997-12-15,,,199.97917
1997-12-16,,,200.875
1997-12-17,,,203.8125
1997-12-18,,,214.6875
1997-12-19,,,214.9375
1997-12-20,,,205.4375
1997-12-21,,,213.47917
1997-12-22,,,219.6875
1997-12-23,,,217.5
1997-12-24,,,228.79167
1997-12-25,,,241.08333
1997-12-26,,,218.5
1997-12-27,,,183.47917
1997-12-28,,,168.64583
1997-12-29,,,147.75
1997-12-30,,,207.47917
1997-12-31,,,201.27083
1998-01-01,,,207.79167
1998-01-02,,,216.58333
1998-01-03,,,235.75
1998-01-04,,,253.89583
1998-01-05,,,266.75
1998-01-06,,,275.625
1998-01-07,,,233.1875
1998-01-08,,,214.20833
1998-01-09,,,205.375
1998-01-10,,,210.02083
1998-01-11,,,220.04167
1998-01-12,,,225.25
1998-01-13,,,250.8125
1998-01-14,,,233.3125
1998-01-15,,,229.91667
1998-01-16,,,218.875
1998-01-17,,,210.39583
1998-01-18,,,237.0625
1998-01-19,,,226.29167
1998-01-20,,,218.33333
1998-01-21,,,214.83333
1998-01-22,,,204.60417
1998-01-23,,,190.60417
1998-01-24,,,191.9375
1998-01-25,,,213.45833
1998-01-26,,,208.08333
1998-01-27,,,208.5625
1998-01-28,,,207.91667
1998-01-29,,,211.72917
1998-01-30,,,211.5625
1998-01-31,,,226.70833
1998-02-01,,,229.83333
1998-02-02,,,222.41667
1998-02-03,,,202.89583
1998-02-04,,,203.5625
1998-02-05,,,218.08333
1998-02-06,,,222.95833
1998-02-07,,,226.72917
1998-02-08,,,228.0
1998-02-09,,,239.9375
1998-02-10,,,225.35417
1998-02-11,,,212.5625
1998-02-12,,,211.70833
1998-02-13,,,207.22917
1998-02-14,,,209.3125
1998-02-15,,,211.4375
1998-02-16,,,237.125
1998-02-17,,,222.33333
1998-02-18,,,210.4375
1998-02-19,,,217.58333
1998-02-20,,,211.6875
1998-02-21,,,208.9375
1998-02-22,,,204.79167
1998-02-23,,,211.375
1998-02-24,,,205.72917
1998-02-25,,,203.70833
1998-02-26,,,208.66667
1998-02-27,,,190.41667
1998-02-28,,,183.3125
1998-03-01,,,177.16667
1998-03-02,,,178.04167
1998-03-03,,,194.83333
1998-03-04,,,199.5
1998-03-05,,,212.79167
1998-03-06,,,220.5625
1998-03-07,,,233.64583
1998-03-08,,,252.04167
1998-03-09,,,243.47917
1998-03-10,,,212.8125
1998-03-11,,,221.85417
1998-03-12,,,231.60417
1998-03-13,,,233.6875
1998-03-14,,,241.5
1998-03-15,,,246.5
1998-03-16,,,258.41666
1998-03-17,,,264.16666
1998-03-18,,,315.10416
1998-03-19,,,381.29166
1998-03-20,,,369.875
1998-03-21,,,351.625
1998-03-22,,,357.10416
1998-03-23,,,387.52084
1998-03-24,,,499.97916
1998-03-25,,,881.7917
1998-03-26,,,1647.0834
1998-03-27,,,2033.125
1998-03-28,,,1936.875
1998-03-29,,,1691.25
1998-03-30,,,1357.7084
1998-03-31,,,1058.625
1998-04-01,,,938.4167
1998-04-02,,,868.875
1998-04-03,,,1011.125
1998-04-04,,,1061.5
1998-04-05,,,1385.2084
1998-04-06,,,1549.7916
1998-04-07,,,1747.5
1998-04-08,,,1667.9166
1998-04-09,,,1595.4166
1998-04-10,,,1563.5416
1998-04-11,,,1576.6666
1998-04-12,,,2042.2916
1998-04-13,,,2748.75
1998-04-14,,,2421.25
1998-04-15,,,2171.875
1998-04-16,,,2001.6666
1998-04-17,,,1865.8334
1998-04-18,,,1732.5
1998-04-19,,,1720.2084
1998-04-20,,,1772.0834
1998-04-21,,,1953.9584
1998-04-22,,,2469.1667
1998-04-23,,,3085.2083
1998-04-24,,,4151.4585
1998-04-25,,,5205.0
1998-04-26,,,4865.0
1998-04-27,,,3778.75
1998-04-28,,,3805.0
1998-04-29,,,4466.6665
1998-04-30,,,4913.3335
1998-05-01,,,5561.4585
1998-05-02,,,6101.875
1998-05-03,,,6598.9585
1998-05-04,,,6918.125
1998-05-05,,,6695.0
1998-05-06,,,6244.1665
1998-05-07,,,5947.0835
1998-05-08,,,5719.5835
1998-05-09,,,5123.3335
1998-05-10,,,4216.875
1998-05-11,,,3777.7083
1998-05-12,,,3569.375
1998-05-13,,,3117.2917
1998-05-14,,,2761.4583
1998-05-15,,,2598.3333
1998-05-16,,,2463.125
1998-05-17,,,2492.9167
1998-05-18,,,2542.5
1998-05-19,,,2656.875
1998-05-20,,,2729.7917
1998-05-21,,,2799.5833
1998-05-22,,,3123.3333
1998-05-23,,,3253.75
1998-05-24,,,3450.0
1998-05-25,,,3338.3333
1998-05-26,,,3024.375
1998-05-27,,,2795.8333
1998-05-28,,,2547.7083
1998-05-29,,,2375.8333
1998-05-30,,,2469.1667
1998-05-31,,,2624.7917
1998-06-01,,,2590.2083
1998-06-02,,,2552.0833
1998-06-03,,,2431.4583
1998-06-04,,,2342.5
1998-06-05,,,2316.25
1998-06-06,,,1983.3334
1998-06-07,,,1697.7084
1998-06-08,,,1601.4584
1998-06-09,,,1540.8334
1998-06-10,,,1526.4584
1998-06-11,,,1506.875
1998-06-12,,,1483.125
1998-06-13,,,1442.7084
1998-06-14,,,1406.875
1998-06-15,,,1294.7916
1998-06-16,,,1232.9166
1998-06-17,,,1168.125
1998-06-18,,,1193.125
1998-06-19,,,1041.3959
1998-06-20,,,999.625
1998-06-21,,,1112.7709
1998-06-22,,,1074.5834
1998-06-23,,,1102.5416
1998-06-24,,,1120.625
1998-06-25,,,1072.3959
1998-06-26,,,982.0
1998-06-27,,,967.7083
1998-06-28,,,1024.1459
1998-06-29,,,1075.7084
1998-06-30,,,1064.7291
1998-07-01,,,1057.2916
1998-07-02,,,985.5208
1998-07-03,,,931.0625
1998-07-04,,,902.8333
1998-07-05,,,889.875
1998-07-06,,,906.0417
1998-07-07,,,879.625
1998-07-08,,,926.2917
1998-07-09,,,855.4167
1998-07-10,,,763.3125
1998-07-11,,,758.3958
1998-07-12,,,829.9583
1998-07-13,,,717.7083
1998-07-14,,,644.5833
1998-07-15,,,569.3125
1998-07-16,,,512.6042
1998-07-17,,,438.39584
1998-07-18,,,412.3125
1998-07-19,,,395.10416
1998-07-20,,,365.22916
1998-07-21,,,334.5625
1998-07-22,,,317.14584
1998-07-23,,,333.9375
1998-07-24,,,424.125
1998-07-25,,,456.39584
1998-07-26,,,470.10416
1998-07-27,,,460.77084
1998-07-28,,,528.875
1998-07-29,,,482.35416
1998-07-30,,,536.8125
1998-07-31,,,462.8125
1998-08-01,,,373.22916
1998-08-02,,,329.9375
1998-08-03,,,347.77084
1998-08-04,,,296.9375
1998-08-05,,,265.45834
1998-08-06,,,247.66667
1998-08-07,,,231.45833
1998-08-08,,,216.1875
1998-08-09,,,198.54167
1998-08-10,,,189.16667
1998-08-11,,,172.1875
1998-08-12,,,170.64583
1998-08-13,,,178.72917
1998-08-14,,,176.08333
1998-08-15,,,164.5
1998-08-16,,,173.54167
1998-08-17,,,180.9375
1998-08-18,,,175.41667
1998-08-19,,,171.54167
1998-08-20,,,174.75
1998-08-21,,,174.5625
1998-08-22,,,172.77083
1998-08-23,,,242.52083
1998-08-24,,,207.45833
1998-08-25,,,205.77083
1998-08-26,,,197.22917
1998-08-27,,,190.45833
1998-08-28,,,214.75
1998-08-29,,,196.77083
1998-08-30,,,179.58333
1998-08-31,,,159.08333
1998-09-01,,,147.89583
1998-09-02,,,147.22917
1998-09-03,,,158.75
1998-09-04,,,223.85417
1998-09-05,,,227.97917
1998-09-06,,,176.41667
1998-09-07,,,157.54167
1998-09-08,,,143.45833
1998-09-09,,,133.4375
1998-09-10,,,126.125
1998-09-11,,,123.4375
1998-09-12,,,271.22916
1998-09-13,,,287.47916
1998-09-14,,,286.625
1998-09-15,,,243.33333
1998-09-16,,,222.97917
1998-09-17,,,186.4375
1998-09-18,,,170.77083
1998-09-19,,,187.08333
1998-09-20,,,155.85417
1998-09-21,,,149.8125
1998-09-22,,,142.10417
1998-09-23,,,134.35417
1998-09-24,,,134.08333
1998-09-25,,,137.60417
1998-09-26,,,134.0
1998-09-27,,,129.3125
1998-09-28,,,124.5
1998-09-29,,,121.125
1998-09-30,,,116.875
1998-10-01,,,117.25
1998-10-02,,,126.583336
1998-10-03,,,166.10417
1998-10-04,,,145.375
1998-10-05,,,149.20833
1998-10-06,,,141.79167
1998-10-07,,,152.66667
1998-10-08,,,186.5
1998-10-09,,,164.72917
1998-10-10,,,154.10417
1998-10-11,,,146.97917
1998-10-12,,,144.25
1998-10-13,,,146.5
1998-10-14,,,143.25
1998-10-15,,,141.29167
1998-10-16,,,140.70833
1998-10-17,,,149.75
1998-10-18,,,156.85417
1998-10-19,,,167.70833
1998-10-20,,,165.79167
1998-10-21,,,167.0
1998-10-22,,,171.625
1998-10-23,,,187.04167
1998-10-24,,,190.64583
1998-10-25,,,204.0
1998-10-26,,,222.16667
1998-10-27,,,289.60416
1998-10-28,,,620.5
1998-10-29,,,573.125
1998-10-30,,,411.58334
1998-10-31,,,319.83334
1998-11-01,,,285.47916
1998-11-02,,,263.91666
1998-11-03,,,366.375
1998-11-04,,,478.08334
1998-11-05,,,310.22916
1998-11-06,,,270.58334
1998-11-07,,,229.52083
1998-11-08,,,216.14583
1998-11-09,,,213.52083
1998-11-10,,,220.25
1998-11-11,,,235.91667
1998-11-12,,,220.45833
1998-11-13,,,216.52083
1998-11-14,,,223.3125
1998-11-15,,,210.9375
1998-11-16,,,212.9375
1998-11-17,,,219.375
1998-11-18,,,210.08333
1998-11-19,,,187.54167
1998-11-20,,,180.75
1998-11-21,,,173.20833
1998-11-22,,,168.375
1998-11-23,,,160.08333
1998-11-24,,,197.83333
1998-11-25,,,200.0625
1998-11-26,,,214.5
1998-11-27,,,222.60417
1998-11-28,,,215.64583
1998-11-29,,,214.0
1998-11-30,,,203.33333
1998-12-01,,,202.04167
1998-12-02,,,196.91667
1998-12-03,,,207.60417
1998-12-04,,,211.16667
1998-12-05,,,202.875
1998-12-06,,,192.20833
1998-12-07,,,191.97917
1998-12-08,,,178.125
1998-12-09,,,153.83333
1998-12-10,,,157.91667
1998-12-11,,,152.16667
1998-12-12,,,165.14583
1998-12-13,,,170.41667
1998-12-14,,,189.8125
1998-12-15,,,169.25
1998-12-16,,,164.60417
1998-12-17,,,164.1875
1998-12-18,,,163.14583
1998-12-19,,,178.60417
1998-12-20,,,190.39583
1998-12-21,,,211.83333
1998-12-22,,,172.91667
1998-12-23,,,121.916664
1998-12-24,,,120.875
1998-12-25,,,134.07143
1999-02-02,,,159.61765
1999-02-03,,,170.67346
1999-02-04,,,166.81633
1999-02-05,,,176.0
1999-02-06,,,180.2653
1999-02-07,,,203.08163
1999-02-08,,,191.2653
1999-02-09,,,183.89796
1999-02-10,,,190.0204
1999-02-11,,,188.59184
1999-02-12,,,192.46939
1999-02-13,,,171.79591
1999-02-14,,,154.59184
1999-02-15,,,166.30612
1999-02-16,,,167.34694
1999-02-17,,,177.46939
1999-02-18,,,170.7347
1999-02-19,,,173.20409
1999-02-20,,,171.85715
1999-02-21,,,172.67346
1999-02-22,,,166.77551
1999-02-23,,,158.81633
1999-02-24,,,143.63266
1999-02-25,,,124.918365
1999-02-26,,,128.65306
1999-02-27,,,138.54167
1999-02-28,,,141.1875
1999-03-01,,,139.30612
1999-03-02,,,142.38776
1999-03-03,,,156.10204
1999-03-04,,,199.34694
1999-03-05,,,200.69388
1999-03-06,,,214.28572
1999-03-07,,,224.22449
1999-03-08,,,216.79591
1999-03-09,,,199.12245
1999-03-10,,,193.91837
1999-03-11,,,201.85715
1999-03-12,,,205.0204
1999-03-13,,,207.36734
1999-03-14,,,210.48979
1999-03-15,,,204.85715
1999-03-16,,,190.71428
1999-03-17,,,193.59184
1999-03-18,,,224.69388
1999-03-19,,,253.48979
1999-03-20,,,300.34692
1999-03-21,,,365.4694
1999-03-22,,,395.73468
1999-03-23,,,418.14285
1999-03-24,,,396.34692
1999-03-25,,,364.72916
1999-03-26,,,336.5
1999-03-27,,,358.9592
1999-03-28,,,354.73468
1999-03-29,,,335.69388
1999-03-30,,,311.7755
1999-03-31,,,291.2449
1999-04-01,,,301.55103
1999-04-02,,,304.97958
1999-04-03,,,320.69388
1999-04-04,,,301.1837
1999-04-05,,,295.1837
1999-04-06,,,287.2857
1999-04-07,,,288.66666
1999-04-10,,,409.43054
1999-04-11,,,388.3646
1999-04-12,,,355.85416
1999-04-13,,,361.72916
1999-04-14,,,399.85416
1999-04-15,,,481.66666
1999-04-16,,,782.8889
1999-04-17,,,587.8125
1999-04-18,,,466.15625
1999-04-19,,,396.96875
1999-04-20,,,377.21875
1999-04-21,,,388.7604
1999-04-22,,,428.375
1999-04-23,,,464.58334
1999-04-24,,,508.8125
1999-04-25,,,747.71875
1999-04-26,,,1209.4791
1999-04-27,,,1388.9584
1999-04-28,,,1606.875
1999-04-29,,,1624.0625
1999-04-30,,,1327.5
1999-05-01,,,1622.2916
1999-05-02,,,1762.8125
1999-05-03,,,1541.5625
1999-05-04,,,1670.4166
1999-05-05,,,1583.8541
1999-05-06,,,1543.3334
1999-05-07,,,1390.0
1999-05-08,,,1376.3541
1999-05-09,,,1625.2084
1999-05-10,,,1654.0625
1999-05-11,,,1357.8125
1999-05-12,,,1172.2916
1999-05-13,,,1050.375
1999-05-14,,,1007.90625
1999-05-15,,,1045.2084
1999-05-16,,,1100.4166
1999-05-17,,,1063.3334
1999-05-18,,,1014.4167
1999-05-19,,,1212.5834
1999-05-20,,,2139.6875
1999-05-21,,,2545.9375
1999-05-22,,,2985.2083
1999-05-23,,,3420.1042
1999-05-24,,,3581.9792
1999-05-25,,,4048.1443
1999-05-26,,,4148.75
1999-05-27,,,3692.1875
1999-05-28,,,3065.2083
1999-05-29,,,2490.3125
1999-05-30,,,2183.75
1999-05-31,,,1960.1041
1999-06-01,,,1916.25
1999-06-02,,,1942.0834
1999-06-03,,,1838.0209
1999-06-04,,,1586.1459
1999-06-05,,,1422.3959
1999-06-06,,,1280.3125
1999-06-07,,,1144.0625
1999-06-08,,,1043.7084
1999-06-09,,,1055.4791
1999-06-10,,,1144.1666
1999-06-11,,,1199.7916
1999-06-12,,,1280.1041
1999-06-13,,,1699.7916
1999-06-14,,,1624.6875
1999-06-15,,,1712.6041
1999-06-16,,,1614.7916
1999-06-17,,,1969.5834
1999-06-18,,,2455.8333
1999-06-19,,,2836.3542
1999-06-20,,,3000.0
1999-06-21,,,2593.75
1999-06-22,,,2297.5
1999-06-23,,,2002.7084
1999-06-24,,,1945.4166
1999-06-25,,,1799.4791
1999-06-26,,,1947.7084
1999-06-27,,,2214.2708
1999-06-28,,,1975.625
1999-06-29,,,1843.0209
1999-06-30,,,1572.3959
1999-07-01,,,1406.0416
1999-07-02,,,1294.7916
1999-07-03,,,1161.25
1999-07-04,,,1019.46875
1999-07-05,,,946.71875
1999-07-06,,,903.71875
1999-07-07,,,862.90625
1999-07-08,,,859.40625
1999-07-09,,,963.1875
1999-07-10,,,851.5
1999-07-11,,,734.84375
1999-07-12,,,671.6458
1999-07-13,,,734.82294
1999-07-14,,,767.07294
1999-07-15,,,766.2917
1999-07-16,,,649.84375
1999-07-17,,,701.0208
1999-07-18,,,608.4375
1999-07-19,,,540.625
1999-07-20,,,607.2708
1999-07-21,,,706.09375
1999-07-22,,,616.9792
1999-07-23,,,639.63544
1999-07-24,,,666.11456
1999-07-25,,,600.3125
1999-07-26,,,975.7083
1999-07-27,,,961.63544
1999-07-28,,,794.98956
1999-07-29,,,817.55206
1999-07-30,,,911.75
1999-07-31,,,1018.59375
1999-08-01,,,1173.3021
1999-08-02,,,1504.1666
1999-08-07,,,959.5972
1999-08-08,,,841.03125
1999-08-09,,,747.0833
1999-08-10,,,698.2708
1999-08-11,,,775.1875
1999-08-12,,,1097.6979
1999-08-13,,,906.1875
1999-08-14,,,721.61456
1999-08-15,,,609.9583
1999-08-16,,,806.28125
1999-08-17,,,656.0833
1999-08-18,,,572.0833
1999-08-19,,,698.19794
1999-08-20,,,805.55206
1999-08-21,,,1401.1459
1999-08-22,,,1271.875
1999-08-23,,,1261.2188
1999-08-24,,,908.71875
1999-08-25,,,781.61456
1999-08-26,,,920.7083
1999-08-27,,,793.55206
1999-08-28,,,836.4167
1999-08-29,,,1110.9375
1999-08-30,,,1138.0312
1999-08-31,,,837.6042
1999-09-01,,,810.2083
1999-09-02,,,862.0625
1999-09-03,,,896.6042
1999-09-04,,,946.3958
1999-09-05,,,908.82294
1999-09-06,,,727.30206
1999-09-07,,,656.8333
1999-09-08,,,619.6875
1999-09-09,,,612.7708
1999-09-10,,,958.875
1999-09-11,,,1049.0625
1999-09-12,,,1071.6666
1999-09-13,,,1054.4166
1999-09-14,,,1030.0104
1999-09-15,,,1030.9062
1999-09-16,,,1371.7084
1999-09-17,,,1209.6875
1999-09-18,,,1073.75
1999-09-19,,,1003.7083
1999-09-20,,,920.90625
1999-09-21,,,775.1667
1999-09-22,,,652.40625
1999-09-23,,,532.40625
1999-09-24,,,436.5521
1999-09-25,,,438.9271
1999-09-26,,,424.34375
1999-09-27,,,383.9896
1999-09-28,,,352.02084
1999-09-29,,,341.27084
1999-09-30,,,327.3021
1999-10-01,,,313.125
1999-10-02,,,300.96875
1999-10-03,,,295.83334
1999-10-04,,,283.3854
1999-10-05,,,252.3125
1999-10-06,,,258.02084
1999-10-07,,,278.59375
1999-10-08,,,275.0521
1999-10-09,,,278.1354
1999-10-10,,,272.0104
1999-10-11,,,256.65625
1999-10-12,,,238.0625
1999-10-13,,,241.84375
1999-10-14,,,250.57292
1999-10-15,,,370.77084
1999-10-16,,,304.1979
1999-10-17,,,249.42708
1999-10-18,,,237.38542
1999-10-19,,,225.95833
1999-10-20,,,227.0
1999-10-21,,,234.16667
1999-10-22,,,229.39583
1999-10-23,,,229.8125
1999-10-24,,,228.70833
1999-10-25,,,228.09375
1999-10-26,,,220.54167
1999-10-27,,,220.20833
1999-10-28,,,224.08333
1999-10-29,,,226.39583
1999-10-30,,,222.95833
1999-10-31,,,222.89131
1999-11-01,,,222.61458
1999-11-02,,,212.73958
1999-11-03,,,213.52083
1999-11-04,,,222.0
1999-11-05,,,219.89583
1999-11-06,,,219.46875
1999-11-07,,,219.46875
1999-11-08,,,220.36458
1999-11-09,,,210.02083
1999-11-10,,,211.0
1999-11-11,,,221.44792
1999-11-12,,,217.75
1999-11-13,,,215.20833
1999-11-14,,,213.25
1999-11-15,,,213.40625
1999-11-16,,,204.89583
1999-11-17,,,198.45833
1999-11-18,,,173.25
1999-11-19,,,159.17708
1999-11-20,,,153.15625
1999-11-21,,,151.82292
1999-11-22,,,149.30208
1999-11-23,,,167.55208
1999-11-24,,,179.75
1999-11-25,,,194.94792
1999-11-26,,,181.84375
1999-11-27,,,180.01042
1999-11-28,,,194.36458
1999-11-29,,,222.09375
1999-11-30,,,227.53125
1999-12-01,,,209.88542
1999-12-02,,,216.76042
1999-12-03,,,213.44792
1999-12-04,,,230.17708
1999-12-05,,,232.6875
1999-12-06,,,219.3125
1999-12-07,,,183.47917
1999-12-08,,,179.04167
1999-12-09,,,208.14285
1999-12-10,,,212.38235
1999-12-11,,,228.29167
1999-12-12,,,234.48958
1999-12-13,,,219.55208
1999-12-14,,,158.17857
1999-12-15,,,184.82353
1999-12-16,,,172.03125
1999-12-17,,,188.08333
1999-12-18,,,205.96875
1999-12-19,,,198.59375
1999-12-20,,,190.47917
1999-12-21,,,192.65625
1999-12-22,,,189.53125
1999-12-23,,,162.85715
1999-12-24,,,153.41176
1999-12-25,,,140.94792
1999-12-26,,,154.96875
1999-12-27,,,154.84375
1999-12-28,,,160.57292
1999-12-29,,,160.34375
1999-12-30,,,157.53125
1999-12-31,,,157.54167
2000-01-01,,,164.60417
2000-01-02,,,161.32292
2000-01-03,,,162.11458
2000-01-04,,,188.02083
2000-01-05,,,185.01042
2000-01-06,,,149.55208
2000-01-07,,,148.27083
2000-01-08,,,172.0
2000-01-09,,,164.16667
2000-01-10,,,154.97917
2000-01-11,,,225.02083
2000-01-12,,,231.84375
2000-01-13,,,214.34375
2000-01-14,,,205.95833
2000-01-15,,,171.15625
2000-01-16,,,163.32292
2000-01-17,,,169.33333
2000-01-18,,,171.25
2000-01-19,,,175.83333
2000-01-20,,,191.35417
2000-01-21,,,193.19792
2000-01-22,,,188.42708
2000-01-23,,,191.11458
2000-01-24,,,181.45833
2000-01-25,,,167.9375
2000-01-26,,,181.39583
2000-01-27,,,213.19792
2000-01-28,,,236.42708
2000-01-29,,,203.16667
2000-01-30,,,155.53125
2000-01-31,,,137.26042
2000-02-01,,,134.6875
2000-02-02,,,136.4375
2000-02-03,,,166.0625
2000-02-04,,,170.48958
2000-02-05,,,177.4375
2000-02-06,,,184.75
2000-02-07,,,185.83333
2000-02-08,,,184.16667
2000-02-09,,,172.02083
2000-02-10,,,178.98958
2000-02-11,,,186.52083
2000-02-12,,,192.65625
2000-02-13,,,211.84375
2000-02-14,,,193.9375
2000-02-15,,,180.88542
2000-02-16,,,178.30208
2000-02-17,,,179.47917
2000-02-18,,,191.41667
2000-02-19,,,185.72917
2000-02-20,,,177.01042
2000-02-21,,,169.30208
2000-02-22,,,165.52083
2000-02-23,,,175.70833
2000-02-24,,,191.63542
2000-02-25,,,204.17708
2000-02-26,,,197.22917
2000-02-27,,,189.79167
2000-02-28,,,181.17708
2000-02-29,,,168.59375
2000-03-01,,,168.65625
2000-03-02,,,174.10417
2000-03-03,,,172.46428
2000-03-08,,,172.51471
2000-03-09,,,194.5625
2000-03-10,,,228.40625
2000-03-11,,,216.45833
2000-03-12,,,204.70833
2000-03-13,,,196.97917
2000-03-14,,,195.66667
2000-03-15,,,188.20833
2000-03-16,,,194.72917
2000-03-17,,,204.04167
2000-03-18,,,209.28125
2000-03-19,,,207.33333
2000-03-20,,,197.01042
2000-03-21,,,201.51042
2000-03-22,,,220.04167
2000-03-23,,,223.46875
2000-03-24,,,225.69792
2000-03-25,,,221.14583
2000-03-26,,,224.08333
2000-03-27,,,231.66667
2000-03-28,,,248.17708
2000-03-29,,,300.6875
2000-03-30,,,348.39584
2000-03-31,,,358.8854
2000-04-01,,,363.9479
2000-04-02,,,343.125
2000-04-03,,,333.03125
2000-04-04,,,319.6979
2000-04-05,,,325.1771
2000-04-06,,,434.22916
2000-04-07,,,695.44794
2000-04-08,,,969.7708
2000-04-09,,,1207.1875
2000-04-10,,,1468.9584
2000-04-11,,,1845.0
2000-04-12,,,1718.2291
2000-04-13,,,1600.5209
2000-04-14,,,1697.1875
2000-04-15,,,1876.25
2000-04-16,,,1942.2916
2000-04-17,,,1683.9584
2000-04-18,,,1723.5416
2000-04-19,,,1880.8334
2000-04-20,,,1581.0416
2000-04-21,,,1415.3125
2000-04-22,,,1667.1875
2000-04-23,,,1859.0625
2000-04-24,,,1933.2291
2000-04-25,,,2062.8125
2000-04-26,,,2111.1458
2000-04-27,,,2205.3125
2000-04-28,,,2372.9167
2000-04-29,,,2504.6875
2000-04-30,,,2449.7917
2000-05-01,,,2424.1667
2000-05-02,,,2252.8125
2000-05-03,,,2217.8125
2000-05-04,,,2292.5
2000-05-05,,,2345.4167
2000-05-06,,,2321.3542
2000-05-07,,,2184.8958
2000-05-08,,,2083.0208
2000-05-09,,,2418.9583
2000-05-10,,,2320.625
2000-05-11,,,1876.9531
2000-05-12,,,1809.0625
2000-05-13,,,1721.1459
2000-05-14,,,1592.2916
2000-05-15,,,1500.0
2000-05-16,,,1426.1459
2000-05-17,,,1388.5416
2000-05-18,,,1373.3334
2000-05-19,,,1359.7916
2000-05-20,,,1315.8334
2000-05-21,,,1264.375
2000-05-22,,,1236.9791
2000-05-23,,,1288.75
2000-05-24,,,1368.3334
2000-05-25,,,1359.5834
2000-05-26,,,1382.5
2000-05-27,,,1194.2709
2000-05-28,,,1056.4896
2000-05-29,,,1083.2396
2000-05-30,,,1177.9166
2000-05-31,,,1234.1666
2000-06-01,,,1125.1562
2000-06-02,,,1028.4584
2000-06-03,,,949.23956
2000-06-04,,,881.88544
2000-06-05,,,830.80206
2000-06-06,,,772.8542
2000-06-07,,,702.4792
2000-06-08,,,688.36456
2000-06-09,,,680.7083
2000-06-10,,,669.9792
2000-06-11,,,636.7083
2000-06-12,,,571.92706
2000-06-13,,,551.4583
2000-06-14,,,528.78125
2000-06-15,,,570.57294
2000-06-16,,,572.05206
2000-06-17,,,513.71875
2000-06-18,,,450.9375
2000-06-19,,,381.85416
2000-06-20,,,359.4479
2000-06-21,,,378.4271
2000-06-22,,,355.16666
2000-06-23,,,329.53125
2000-06-24,,,305.375
2000-06-25,,,291.2396
2000-06-26,,,304.45834
2000-06-27,,,268.66666
2000-06-28,,,265.85416
2000-06-29,,,271.875
2000-06-30,,,255.32292
2000-07-01,,,238.3125
2000-07-02,,,219.48958
2000-07-03,,,200.0625
2000-07-04,,,192.84375
2000-07-05,,,175.3125
2000-07-06,,,168.65625
2000-07-07,,,154.05208
2000-07-08,,,150.02083
2000-07-09,,,146.71875
2000-07-10,,,176.09375
2000-07-11,,,227.76042
2000-07-12,,,206.27083
2000-07-13,,,192.58333
2000-07-14,,,178.09375
2000-07-15,,,163.53125
2000-07-16,,,144.45833
2000-07-17,,,146.02083
2000-07-18,,,142.54167
2000-07-19,,,176.46875
2000-07-20,,,165.95833
2000-07-21,,,139.1875
2000-07-22,,,119.770836
2000-07-23,,,118.9375
2000-07-24,,,109.71875
2000-07-25,,,107.5625
2000-07-26,,,97.03125
2000-07-27,,,91.760414
2000-07-28,,,91.71875
2000-07-29,,,96.947914
2000-07-30,,,96.135414
2000-07-31,,,90.395836
2000-08-01,,,89.34375
2000-08-02,,,84.885414
2000-08-03,,,79.864586
2000-08-04,,,81.635414
2000-08-05,,,79.145836
2000-08-06,,,77.541664
2000-08-07,,,75.979164
2000-08-08,,,75.75
2000-08-09,,,69.333336
2000-08-10,,,67.229164
2000-08-11,,,65.229164
2000-08-12,,,67.875
2000-08-13,,,65.833336
2000-08-14,,,65.708336
2000-08-15,,,80.604164
2000-08-16,,,74.4375
2000-08-17,,,90.114586
2000-08-18,,,108.010414
2000-08-19,,,139.42708
2000-08-20,,,310.3021
2000-08-21,,,152.89583
2000-08-22,,,227.96875
2000-08-23,,,173.44792
2000-08-24,,,167.57292
2000-08-25,,,133.61458
2000-08-26,,,120.6875
2000-08-27,,,123.46875
2000-08-28,,,118.96875
2000-08-29,,,202.0625
2000-08-30,,,186.13542
2000-08-31,,,280.08334
2000-09-01,,,217.01042
2000-09-02,,,184.04167
2000-09-03,,,199.48958
2000-09-04,,,159.57292
2000-09-05,,,142.15625
2000-09-06,,,131.4375
2000-09-07,,,122.34375
2000-09-08,,,122.15625
2000-09-09,,,151.08333
2000-09-10,,,159.42708
2000-09-11,,,158.5625
2000-09-12,,,136.57292
2000-09-13,,,121.875
2000-09-23,,,98.44444
2000-09-24,,,102.114586
2000-09-25,,,90.229164
2000-09-26,,,95.5
2000-09-27,,,91.708336
2000-09-28,,,95.291664
2000-09-29,,,96.6129
2000-09-30,,,115.0
2000-10-01,,,124.114586
2000-10-02,,,114.90625
2000-10-03,,,132.96875
2000-10-04,,,126.0625
2000-10-05,,,123.916664
2000-10-06,,,247.07292
2000-10-07,,,211.83333
2000-10-08,,,185.21875
2000-10-09,,,165.07292
2000-10-10,,,138.0625
2000-10-11,,,168.70833
2000-10-12,,,190.39583
2000-10-13,,,184.04167
2000-10-14,,,219.5
2000-10-15,,,230.72917
2000-10-16,,,191.61458
2000-10-17,,,170.53125
2000-10-18,,,165.14583
2000-10-19,,,161.34375
2000-10-20,,,159.6875
2000-10-21,,,159.33333
2000-10-22,,,159.83333
2000-10-23,,,167.80208
2000-10-24,,,181.05208
2000-10-25,,,323.0729
2000-10-26,,,412.53125
2000-10-27,,,284.9375
2000-10-28,,,228.92708
2000-10-29,,,197.81522
2000-10-30,,,196.07292
2000-10-31,,,211.4375
2000-11-01,,,235.45833
2000-11-02,,,234.02083
2000-11-03,,,204.71875
2000-11-04,,,208.5625
2000-11-05,,,188.19792
2000-11-06,,,180.4375
2000-11-07,,,172.09375
2000-11-08,,,169.36458
2000-11-09,,,160.17708
2000-11-10,,,147.77083
2000-11-11,,,159.09375
2000-11-12,,,165.53125
2000-11-13,,,168.47917
2000-11-14,,,167.02083
2000-11-15,,,154.9375
2000-11-16,,,149.29167
2000-11-17,,,159.75
2000-11-18,,,139.33333
2000-11-19,,,139.13542
2000-11-20,,,167.17708
2000-11-21,,,171.20833
2000-11-22,,,181.47917
2000-11-23,,,200.19792
2000-11-24,,,222.22917
2000-11-25,,,207.86458
2000-11-26,,,205.79167
2000-11-27,,,201.92708
2000-11-28,,,193.53125
2000-11-29,,,187.0
2000-11-30,,,165.20833
2000-12-01,,,161.80208
2000-12-02,,,156.54167
2000-12-03,,,157.6875
2000-12-04,,,148.26042
2000-12-05,,,156.80208
2000-12-06,,,137.55208
2000-12-07,,,130.88542
2000-12-08,,,149.84375
2000-12-09,,,158.25
2000-12-10,,,184.17857
2000-12-12,,,163.58824
2000-12-13,,,160.29167
2000-12-14,,,167.32292
2000-12-15,,,170.97917
2000-12-16,,,166.63542
2000-12-17,,,157.5
2000-12-25,,,124.80882
2000-12-26,,,112.96429
2001-02-16,,,168.48529
2001-02-17,,,147.92708
2001-02-18,,,146.6875
2001-02-19,,,146.98958
2001-02-20,,,150.3125
2001-02-21,,,148.0625
2001-02-22,,,155.82292
2001-02-23,,,162.94792
2001-02-24,,,171.25
2001-02-25,,,168.23958
2001-02-26,,,162.5625
2001-02-27,,,161.44792
2001-02-28,,,154.58333
2001-03-01,,,166.64583
2001-03-02,,,167.19792
2001-03-03,,,159.30208
2001-03-04,,,155.04167
2001-03-05,,,154.85417
2001-03-06,,,144.33333
2001-03-07,,,141.04167
2001-03-08,,,145.79167
2001-03-09,,,150.6875
2001-03-10,,,152.34375
2001-03-11,,,164.90625
2001-03-12,,,145.22917
2001-03-13,,,144.4375
2001-03-14,,,139.39583
2001-03-15,,,128.625
2001-03-16,,,122.96875
2001-03-17,,,123.875
2001-03-18,,,159.0625
2001-03-19,,,168.875
2001-03-20,,,156.29167
2001-03-21,,,150.76042
2001-03-22,,,154.57292
2001-03-23,,,162.61458
2001-03-24,,,178.78125
2001-03-25,,,197.9375
2001-03-26,,,223.04167
2001-03-27,,,254.89583
2001-03-28,,,300.46875
2001-03-29,,,351.8646
2001-03-30,,,356.3021
2001-03-31,,,338.27084
2001-04-01,,,314.27084
2001-04-02,,,305.02084
2001-04-03,,,400.7396
2001-04-04,,,610.2083
2001-04-05,,,766.98956
2001-04-06,,,879.1667
2001-04-07,,,805.48956
2001-04-08,,,653.5833
2001-04-09,,,515.88544
2001-04-10,,,456.79166
2001-04-11,,,439.58334
2001-04-12,,,426.4896
2001-04-13,,,438.53125
2001-04-14,,,386.59375
2001-04-15,,,371.8854
2001-04-16,,,381.28125
2001-04-17,,,598.15625
2001-04-18,,,1210.8541
2001-04-19,,,1495.4166
2001-04-20,,,1692.6041
2001-04-21,,,1535.1041
2001-04-22,,,1185.0
2001-04-23,,,943.07294
2001-04-24,,,772.5417
2001-04-25,,,792.5417
2001-04-26,,,796.0833
2001-04-27,,,1088.0555
2001-04-28,,,1132.9166
2001-04-29,,,1287.6041
2001-04-30,,,1288.125
2001-05-01,,,1226.7709
2001-05-02,,,1283.4375
2001-05-03,,,1251.1459
2001-05-04,,,1158.5416
2001-05-05,,,1018.75
2001-05-06,,,1035.9688
2001-05-07,,,1059.6979
2001-05-08,,,977.1667
2001-05-09,,,908.88544
2001-05-10,,,889.6667
2001-05-11,,,884.1875
2001-05-12,,,900.44794
2001-05-13,,,949.4375
2001-05-14,,,999.42706
2001-05-15,,,1139.8229
2001-05-16,,,1176.25
2001-05-17,,,1158.125
2001-05-18,,,1125.2084
2001-05-19,,,1099.8959
2001-05-20,,,1085.7396
2001-05-21,,,1148.3334
2001-05-22,,,1051.1771
2001-05-23,,,907.07294
2001-05-24,,,847.8542
2001-05-25,,,864.48956
2001-05-26,,,902.61456
2001-05-27,,,856.2292
2001-05-28,,,853.69794
2001-05-29,,,890.30206
2001-05-30,,,899.13544
2001-05-31,,,768.26044
2001-06-01,,,758.98956
2001-06-02,,,799.7917
2001-06-03,,,832.78125
2001-06-04,,,787.125
2001-06-05,,,695.19446
2001-06-06,,,586.30206
2001-06-07,,,553.42706
2001-06-08,,,655.07294
2001-06-09,,,679.8958
2001-06-10,,,666.48956
2001-06-11,,,724.65625
2001-06-12,,,740.26044
2001-06-13,,,691.9792
2001-06-14,,,613.1667
2001-06-15,,,562.2708
2001-06-16,,,446.875
2001-06-17,,,357.0
2001-06-18,,,352.28125
2001-06-19,,,410.5
2001-06-20,,,443.25
2001-06-21,,,458.20834
2001-06-22,,,447.1146
2001-06-23,,,444.1354
2001-06-24,,,444.27084
2001-06-25,,,423.75
2001-06-26,,,410.34375
2001-06-27,,,407.6146
2001-06-28,,,430.5
2001-07-12,,,413.05554
2001-07-13,,,374.77084
2001-07-14,,,383.27084
2001-07-15,,,514.3125
2001-07-16,,,459.72916
2001-07-17,,,385.47916
2001-07-18,,,312.04166
2001-07-19,,,229.16667
2001-07-20,,,182.66667
2001-07-21,,,164.02083
2001-07-22,,,151.46875
2001-07-23,,,139.80208
2001-07-24,,,130.38542
2001-07-25,,,119.8125
2001-07-26,,,110.229164
2001-07-27,,,124.75
2001-07-28,,,122.46875
2001-07-29,,,112.979164
2001-07-30,,,103.729164
2001-07-31,,,93.125
2001-08-01,,,84.71875
2001-08-02,,,80.760414
2001-08-03,,,124.791664
2001-08-04,,,229.77083
2001-08-05,,,294.41666
2001-08-06,,,356.29166
2001-08-07,,,316.5521
2001-08-08,,,288.35416
2001-08-09,,,359.3854
2001-08-10,,,591.63544
2001-08-11,,,444.10416
2001-08-12,,,406.3125
2001-08-13,,,316.70834
2001-08-14,,,292.66666
2001-08-15,,,513.7708
2001-08-16,,,418.2396
2001-08-17,,,268.4271
2001-08-18,,,274.58334
2001-08-31,,,134.33333
2001-09-01,,,136.67708
2001-09-02,,,143.10417
2001-09-03,,,174.57292
2001-09-04,,,135.89583
2001-09-05,,,126.65625
2001-09-06,,,117.96875
2001-09-07,,,114.0
2001-09-08,,,109.645836
2001-09-09,,,100.572914
2001-09-10,,,93.229164
2001-09-11,,,90.65263
2001-09-12,,,89.28421
2001-09-13,,,87.34375
2001-09-14,,,131.14583
2001-09-15,,,95.166664
2001-09-16,,,91.677086
2001-09-17,,,91.354164
2001-09-18,,,108.510414
2001-09-19,,,122.604164
2001-09-20,,,92.635414
2001-09-21,,,94.729164
2001-09-22,,,92.760414
2001-09-23,,,91.40625
2001-09-24,,,89.21875
2001-09-25,,,85.354164
2001-09-26,,,82.09375
2001-09-27,,,82.520836
2001-09-28,,,81.239586
2001-09-29,,,77.6875
2001-09-30,,,75.4375
2001-10-01,,,72.3125
2001-10-02,,,70.291664
2001-10-03,,,67.5
2001-10-04,,,66.458336
2001-10-05,,,65.25
2001-10-06,,,64.895836
2001-10-07,,,64.979164
2001-10-08,,,63.583332
2001-10-09,,,64.666664
2001-10-13,,,146.22223
2001-10-14,,,177.86458
2001-10-15,,,164.1875
2001-10-16,,,135.35417
2001-10-17,,,129.375
2001-10-18,,,127.625
2001-10-19,,,124.5625
2001-10-20,,,123.0625
2001-10-21,,,122.125
2001-10-22,,,122.84375
2001-10-23,,,122.09375
2001-10-24,,,119.9375
2001-10-25,,,121.375
2001-10-26,,,120.03125
2001-10-27,,,120.5625
2001-10-28,,,119.891304
2001-10-29,,,121.84375
2001-10-30,,,124.84375
2001-10-31,,,123.25
2001-11-01,,,124.84375
2001-11-02,,,124.40625
2001-11-03,,,125.03125
2001-11-04,,,123.59375
2001-11-05,,,123.375
2001-11-06,,,123.90625
2001-11-07,,,124.9375
2001-11-08,,,125.84375
2001-11-09,,,123.65625
2001-11-10,,,124.71875
2001-11-11,,,125.75
2001-11-12,,,122.65625
2001-11-13,,,122.0
2001-11-14,,,122.875
2001-11-15,,,124.15625
2001-11-16,,,124.21875
2001-11-17,,,123.40625
2001-11-18,,,122.59375
2001-11-19,,,118.875
2001-11-20,,,100.958336
2001-11-21,,,91.645836
2001-11-22,,,91.760414
2001-11-23,,,93.583336
2001-11-24,,,97.625
2001-11-25,,,107.78125
2001-11-26,,,144.34375
2001-11-27,,,153.75
2001-11-28,,,148.1875
2001-11-29,,,140.07292
2001-11-30,,,124.03125
2001-12-01,,,127.8125
2001-12-02,,,140.92708
2001-12-03,,,146.25
2001-12-04,,,155.70833
2001-12-05,,,167.1875
2001-12-06,,,169.05208
2001-12-07,,,166.26042
2001-12-08,,,154.57292
2001-12-09,,,146.58333
2001-12-10,,,140.40625
2001-12-11,,,126.645836
2001-12-12,,,134.375
2001-12-13,,,156.96875
2001-12-14,,,143.08333
2001-12-15,,,150.10417
2001-12-16,,,151.875
2001-12-17,,,131.23958
2001-12-18,,,125.15625
2001-12-19,,,111.052086
2001-12-20,,,96.03125
2001-12-21,,,108.885414
2001-12-22,,,97.03571
2002-02-22,,,154.91176
2002-02-23,,,142.94792
2002-02-24,,,145.88542
2002-02-25,,,154.07292
2002-02-26,,,144.10417
2002-02-27,,,130.53125
2002-02-28,,,120.09375
2002-03-01,,,130.375
2002-03-02,,,123.3125
2002-03-03,,,132.59375
2002-03-04,,,110.145836
2002-03-05,,,113.28125
2002-03-06,,,116.53125
2002-03-07,,,120.135414
2002-03-08,,,149.97917
2002-03-09,,,162.94792
2002-03-10,,,160.32292
2002-03-11,,,139.82292
2002-03-12,,,138.42708
2002-03-13,,,134.97917
2002-03-14,,,137.64583
2002-03-15,,,153.17708
2002-03-16,,,159.53125
2002-03-17,,,140.9375
2002-03-18,,,138.36458
2002-03-19,,,131.13542
2002-03-20,,,124.44211
2002-03-21,,,119.84375
2002-03-22,,,120.1875
2002-03-23,,,123.125
2002-03-24,,,128.21875
2002-03-25,,,138.65625
2002-03-26,,,140.17708
2002-03-27,,,134.83333
2002-03-28,,,130.34375
2002-03-29,,,119.145836
2002-03-30,,,105.0625
2002-03-31,,,113.010414
2002-04-01,,,188.23958
2002-04-02,,,277.78125
2002-04-03,,,385.27084
2002-04-04,,,392.9271
2002-04-05,,,354.0625
2002-04-06,,,326.64584
2002-04-07,,,323.4479
2002-04-08,,,301.45834
2002-04-09,,,289.47916
2002-04-10,,,261.25
2002-04-11,,,259.1979
2002-04-12,,,266.52084
2002-04-13,,,259.54166
2002-04-14,,,260.0625
2002-04-15,,,266.04166
2002-04-16,,,254.73958
2002-04-17,,,251.73958
2002-04-18,,,215.38542
2002-04-19,,,190.54167
2002-04-20,,,164.82292
2002-04-21,,,149.02083
2002-04-22,,,143.21875
2002-04-23,,,141.08333
2002-04-24,,,127.0625
2002-04-25,,,119.09375
2002-04-26,,,126.78125
2002-04-27,,,134.65625
2002-04-28,,,158.89583
2002-04-29,,,149.09375
2002-04-30,,,133.1875
2002-05-01,,,108.572914
2002-05-02,,,98.270836
2002-05-03,,,97.84375
2002-05-04,,,106.135414
2002-05-05,,,101.989586
2002-05-06,,,91.572914
2002-05-07,,,81.072914
2002-05-08,,,79.0
2002-05-09,,,95.614586
2002-05-10,,,114.604164
2002-05-11,,,115.354164
2002-05-12,,,105.666664
2002-05-13,,,110.1875
2002-05-14,,,102.197914
2002-05-15,,,111.020836
2002-05-16,,,104.9375
2002-05-17,,,123.96875
2002-05-18,,,134.97917
2002-05-19,,,132.22917
2002-05-20,,,147.4375
2002-05-21,,,165.3125
2002-05-22,,,141.53125
2002-05-23,,,157.92708
2002-05-24,,,137.69792
2002-05-25,,,128.38542
2002-05-26,,,119.333336
2002-05-27,,,101.375
2002-05-28,,,95.177086
2002-05-29,,,101.947914
2002-05-30,,,95.177086
2002-05-31,,,99.333336
2002-06-01,,,137.25
2002-06-02,,,161.61458
2002-06-03,,,165.26042
2002-06-04,,,151.09375
2002-06-05,,,144.4375
2002-06-06,,,117.625
2002-06-07,,,99.166664
2002-06-08,,,96.697914
2002-06-09,,,112.552086
2002-06-10,,,118.197914
2002-06-11,,,112.625
2002-06-12,,,109.364586
2002-06-13,,,101.958336
2002-06-14,,,86.270836
2002-06-15,,,80.572914
2002-06-16,,,72.625
2002-06-17,,,64.645836
2002-06-18,,,59.84375
2002-06-19,,,50.90625
2002-06-20,,,46.75
2002-06-21,,,39.822918
2002-06-22,,,36.59375
2002-06-23,,,31.260416
2002-06-24,,,24.104166
2002-06-25,,,21.9375
2002-06-26,,,19.895834
2002-06-27,,,17.177084
2002-06-28,,,13.770833
2002-06-29,,,13.0
2002-06-30,,,12.083333
2002-07-01,,,11.989583
2002-07-02,,,11.25
2002-07-03,,,9.691667
2002-07-27,,,13.736111
2002-07-28,,,11.875
2002-08-07,,,27.833334
2002-08-08,,,31.510416
2002-08-09,,,18.75
2002-08-10,,,17.197916
2002-08-11,,,15.395833
2002-08-12,,,12.2875
2002-08-13,,,10.025
2002-08-25,,,18.916666
2002-08-26,,,13.802083
2002-08-27,,,11.375
2002-09-11,,,113.72222
2002-09-12,,,201.84375
2002-09-13,,,971.25
2002-09-14,,,701.86456
2002-09-15,,,352.2604
2002-09-16,,,294.3021
2002-09-17,,,187.625
2002-09-18,,,150.80208
2002-09-19,,,171.80208
2002-09-20,,,158.41667
2002-09-21,,,141.58333
2002-09-22,,,120.5625
2002-09-23,,,96.75
2002-09-24,,,84.697914
2002-09-25,,,74.0625
2002-09-26,,,67.979164
2002-09-27,,,66.666664
2002-09-28,,,63.916668
2002-09-29,,,67.375
2002-09-30,,,87.927086
2002-10-01,,,103.2
2002-10-02,,,72.645836
2002-10-03,,,88.645836
2002-10-04,,,216.07292
2002-10-05,,,188.89583
2002-10-06,,,163.95833
2002-10-07,,,133.17708
2002-10-08,,,109.125
2002-10-09,,,96.885414
2002-10-10,,,91.302086
2002-10-11,,,90.71875
2002-10-12,,,88.333336
2002-10-13,,,83.84375
2002-10-14,,,83.635414
2002-10-15,,,82.541664
2002-10-16,,,100.0625
2002-10-17,,,108.416664
2002-10-18,,,106.802086
2002-10-19,,,104.916664
2002-10-20,,,104.15625
2002-10-21,,,103.302086
2002-10-22,,,99.979164
2002-10-23,,,98.03125
2002-10-24,,,107.90625
2002-10-25,,,129.97917
2002-10-26,,,126.34375
2002-10-27,,,122.565216
2002-10-28,,,236.26042
2002-10-29,,,203.53125
2002-10-30,,,192.44792
2002-10-31,,,147.71875
2002-11-01,,,124.9375
2002-11-02,,,125.46875
2002-11-03,,,118.03125
2002-11-04,,,113.3125
2002-11-05,,,107.125
2002-11-06,,,101.958336
2002-11-07,,,102.78125
2002-11-08,,,102.677086
2002-11-09,,,113.322914
2002-11-10,,,125.510414
2002-11-11,,,430.2551
2002-11-12,,,231.29167
2002-11-13,,,150.48958
2002-11-14,,,134.0
2002-11-15,,,123.90625
2002-11-16,,,125.34375
2002-11-17,,,119.21875
2002-11-18,,,113.625
2002-11-19,,,106.145836
2002-11-20,,,113.125
2002-11-21,,,108.104164
2002-11-22,,,105.1875
2002-11-23,,,100.0
2002-11-24,,,91.708336
2002-11-25,,,87.552086
2002-11-26,,,89.59375
2002-11-27,,,88.239586
2002-11-28,,,85.395836
2002-11-29,,,82.760414
2002-11-30,,,87.625
2002-12-01,,,97.958336
2002-12-02,,,100.65625
2002-12-03,,,115.625
2002-12-04,,,104.802086
2002-12-05,,,105.291664
2002-12-06,,,106.041664
2002-12-07,,,98.302086
2002-12-08,,,102.645836
2002-12-09,,,97.760414
2002-12-10,,,91.302086
2002-12-11,,,79.239586
2002-12-12,,,69.5
2002-12-13,,,79.10714
2002-12-14,,,84.92647
2002-12-15,,,92.583336
2002-12-16,,,98.34375
2002-12-17,,,93.979164
2002-12-18,,,111.28125
2002-12-19,,,116.03125
2002-12-20,,,113.32143
2002-12-21,,,87.411766
2002-12-22,,,95.96875
2002-12-23,,,77.447914
2002-12-24,,,94.635414
2002-12-25,,,90.197914
2002-12-26,,,83.458336
2002-12-27,,,86.793816
2002-12-28,,,84.09278
2002-12-29,,,89.103096
2002-12-30,,,83.61855
2002-12-31,,,79.4433
2003-01-01,,,85.96429
2003-01-02,,,100.072464
2003-01-03,,,85.35714
2003-01-06,,,97.411766
2003-01-07,,,103.854164
2003-01-08,,,99.635414
2003-01-09,,,88.96429
2003-01-25,,,94.617645
2003-01-26,,,100.4375
2003-01-27,,,100.552086
2003-01-28,,,92.697914
2003-01-29,,,96.21429
2003-01-31,,,91.20588
2003-02-01,,,91.916664
2003-02-02,,,95.947914
2003-02-03,,,103.052086
2003-02-04,,,98.770836
2003-02-05,,,95.53125
2003-02-06,,,88.541664
2003-02-07,,,86.5625
2003-02-08,,,75.895836
2003-02-09,,,64.114586
2003-02-10,,,70.104164
2003-02-11,,,64.270836
2003-02-12,,,71.9375
2003-02-13,,,83.885414
2003-02-14,,,112.40625
2003-02-15,,,149.9375
2003-02-16,,,202.11458
2003-02-17,,,215.42708
2003-02-18,,,158.38542
2003-02-19,,,146.34375
2003-02-20,,,140.30208
2003-02-21,,,126.46875
2003-02-22,,,118.78125
2003-02-23,,,110.333336
2003-02-24,,,107.333336
2003-02-25,,,103.895836
2003-02-26,,,105.166664
2003-02-27,,,126.09375
2003-02-28,,,120.5625
2003-03-01,,,119.21875
2003-03-02,,,123.75
2003-03-03,,,119.78125
2003-03-04,,,115.0
2003-03-05,,,108.15625
2003-03-06,,,111.229164
2003-03-07,,,111.84375
2003-03-08,,,105.145836
2003-03-09,,,106.395836
2003-03-10,,,109.09375
2003-03-11,,,109.604164
2003-03-12,,,112.75
2003-03-13,,,131.33333
2003-03-14,,,169.11458
2003-03-15,,,212.36458
2003-03-16,,,238.48958
2003-03-17,,,237.17708
2003-03-18,,,247.39583
2003-03-19,,,212.80208
2003-03-20,,,200.89583
2003-03-21,,,195.75
2003-03-22,,,171.3125
2003-03-23,,,145.75
2003-03-24,,,131.5625
2003-03-25,,,127.21875
2003-03-26,,,186.13542
2003-03-27,,,211.84375
2003-03-28,,,281.4896
2003-03-29,,,302.96875
2003-03-30,,,252.76042
2003-03-31,,,217.0
2003-04-01,,,196.23958
2003-04-02,,,236.39583
2003-04-03,,,357.8125
2003-04-04,,,448.08334
2003-04-05,,,436.84375
2003-04-06,,,347.4479
2003-04-07,,,313.84375
2003-04-08,,,299.15625
2003-04-09,,,279.3646
2003-04-10,,,265.52084
2003-04-11,,,365.85416
2003-04-12,,,704.05206
2003-04-13,,,1000.32294
2003-04-14,,,1089.2709
2003-04-15,,,1221.8438
2003-04-16,,,1162.5938
2003-04-17,,,887.75
2003-04-18,,,879.8542
2003-04-19,,,827.17706
2003-04-20,,,673.0208
2003-04-21,,,564.9792
2003-04-22,,,552.2708
2003-04-23,,,580.3542
2003-04-24,,,531.5895
2003-04-25,,,458.20834
2003-04-26,,,460.84375
2003-04-27,,,638.59375
2003-04-28,,,753.1042
2003-04-29,,,705.8333
2003-04-30,,,654.3958
2003-05-01,,,584.3958
2003-05-02,,,550.28125
2003-05-03,,,516.05206
2003-05-04,,,502.90625
2003-05-05,,,506.33334
2003-05-06,,,497.54166
2003-05-07,,,445.7604
2003-05-08,,,388.28125
2003-05-09,,,355.60416
2003-05-10,,,348.21875
2003-05-11,,,318.15625
2003-05-12,,,301.9896
2003-05-13,,,283.3229
2003-05-14,,,286.4896
2003-05-15,,,377.27084
2003-05-16,,,512.75
2003-05-17,,,568.71875
2003-05-18,,,585.96875
2003-05-19,,,727.80206
2003-05-20,,,763.76044
2003-05-21,,,710.32294
2003-05-22,,,713.0625
2003-05-23,,,796.4583
2003-05-24,,,900.59375
2003-05-25,,,977.59375
2003-05-26,,,964.1875
2003-05-27,,,949.7083
2003-05-28,,,1003.9375
2003-05-29,,,1137.3021
2003-05-30,,,1190.2084
2003-05-31,,,1197.1875
2003-06-01,,,1145.3125
2003-06-02,,,1089.6875
2003-06-03,,,1094.1354
2003-06-04,,,1010.6458
2003-06-05,,,928.125
2003-06-06,,,883.9583
2003-06-07,,,783.17706
2003-06-08,,,680.96875
2003-06-09,,,610.8125
2003-06-10,,,639.30206
2003-06-11,,,620.9167
2003-06-12,,,598.6042
2003-06-13,,,557.1458
2003-06-14,,,481.4375
2003-06-15,,,411.28125
2003-06-16,,,385.6875
2003-06-17,,,405.7604
2003-06-18,,,360.79166
2003-06-19,,,311.78125
2003-06-20,,,302.3021
2003-06-21,,,315.89584
2003-06-22,,,300.39584
2003-06-23,,,277.47916
2003-06-24,,,284.91666
2003-06-25,,,271.46875
2003-06-26,,,253.59375
2003-06-27,,,223.72917
2003-06-28,,,225.36458
2003-06-29,,,218.17708
2003-06-30,,,208.75
2003-07-01,,,188.54167
2003-07-02,,,187.02083
2003-07-03,,,168.25
2003-07-04,,,170.9375
2003-07-05,,,162.82292
2003-07-06,,,155.48958
2003-07-07,,,145.61458
2003-07-08,,,127.572914
2003-07-09,,,114.3125
2003-07-10,,,104.010414
2003-07-11,,,96.625
2003-07-12,,,84.604164
2003-07-13,,,75.5625
2003-07-14,,,70.1875
2003-07-15,,,66.354164
2003-07-16,,,55.645832
2003-07-17,,,49.84375
2003-07-18,,,48.84375
2003-07-19,,,44.677082
2003-07-20,,,41.541668
2003-07-21,,,41.583332
2003-07-22,,,64.229164
2003-07-23,,,47.84375
2003-07-24,,,42.229168
2003-07-25,,,41.583332
2003-07-26,,,31.864584
2003-07-27,,,33.197918
2003-07-28,,,85.1875
2003-07-29,,,63.958332
2003-07-30,,,53.479168
2003-07-31,,,51.635418
2003-08-01,,,96.583336
2003-08-02,,,72.520836
2003-08-03,,,64.364586
2003-08-04,,,82.5
2003-08-05,,,134.72917
2003-08-06,,,104.354164
2003-08-07,,,67.270836
2003-08-08,,,51.770832
2003-08-09,,,44.208332
2003-08-10,,,38.395832
2003-08-11,,,36.8125
2003-08-12,,,36.21875
2003-08-13,,,33.34375
2003-08-14,,,26.96875
2003-08-15,,,26.927084
2003-08-16,,,72.489586
2003-08-17,,,159.88542
2003-08-18,,,336.89584
2003-08-19,,,184.01042
2003-08-20,,,139.17708
2003-08-21,,,118.895836
2003-08-22,,,112.229164
2003-08-23,,,94.364586
2003-08-24,,,105.104164
2003-08-25,,,88.78125
2003-08-26,,,82.90625
2003-08-27,,,93.5
2003-08-28,,,136.69792
2003-08-29,,,87.947914
2003-08-30,,,84.0625
2003-08-31,,,108.916664
2003-09-01,,,132.0
2003-09-02,,,112.958336
2003-09-03,,,106.791664
2003-09-04,,,89.166664
2003-09-05,,,88.625
2003-09-06,,,83.65625
2003-09-07,,,262.71875
2003-09-08,,,215.90625
2003-09-09,,,160.08333
2003-09-10,,,241.20833
2003-09-11,,,2357.2917
2003-09-12,,,1264.1354
2003-09-13,,,545.26044
2003-09-14,,,414.4271
2003-09-15,,,389.72916
2003-09-16,,,348.6354
2003-09-17,,,255.25
2003-09-18,,,219.28125
2003-09-19,,,204.40625
2003-09-20,,,184.90625
2003-09-21,,,163.38542
2003-09-22,,,124.59375
2003-09-23,,,119.125
2003-09-24,,,105.697914
2003-09-25,,,99.28125
2003-09-26,,,91.78125
2003-09-27,,,85.572914
2003-09-28,,,87.135414
2003-09-29,,,79.8125
2003-09-30,,,87.84375
2003-10-01,3.561111,,83.302086
2003-10-02,3.5729165,,80.458336
2003-10-03,3.5791667,,79.979164
2003-10-04,3.5416665,,102.166664
2003-10-05,3.5083332,,158.23958
2003-10-06,3.4958334,,201.11458
2003-10-07,3.471875,,157.92708
2003-10-08,3.390625,,121.291664
2003-10-09,3.3979168,,109.364586
2003-10-10,3.3947918,,103.947914
2003-10-11,3.3916667,,96.125
2003-10-12,3.39375,,104.46875
2003-10-13,3.3552084,,124.666664
2003-10-14,3.3635416,,130.375
2003-10-15,3.3645835,,
2003-10-16,3.3489583,,138.09723
2003-10-17,3.35625,,131.86458
2003-10-18,3.3583333,,128.21875
2003-10-19,3.3604167,,127.09375
2003-10-20,3.3447917,,123.6875
2003-10-21,3.3552084,,116.15625
2003-10-22,3.3385417,,114.625
2003-10-23,3.3291667,,118.90625
2003-10-24,3.3166666,,123.40625
2003-10-25,3.26875,,120.6875
2003-10-26,3.2854166,,118.53125
2003-10-27,3.3062499,,130.23958
2003-10-28,3.315625,,120.40625
2003-10-29,3.321875,,112.71875
2003-10-30,3.240625,,115.59375
2003-10-31,3.4833333,,113.375
2003-11-01,3.5885417,,110.8125
2003-11-02,2.8104167,,110.84375
2003-11-03,2.859375,,114.6875
2003-11-04,2.8322916,,115.125
2003-11-05,2.7677083,,124.5625
2003-11-06,2.6708333,,133.71875
2003-11-07,2.621875,,131.55208
2003-11-08,2.625,,125.59375
2003-11-09,2.6083333,,123.71875
2003-11-10,2.6145833,,125.375
2003-11-11,2.5947917,,124.34375
2003-11-12,2.6072917,,129.34375
2003-11-13,2.6229167,,128.40625
2003-11-14,2.6208332,,125.15625
2003-11-15,2.6,,128.78125
2003-11-16,2.6385417,,128.75
2003-11-17,2.6322916,,128.78125
2003-11-18,2.628125,,123.4375
2003-11-19,2.6375,,121.25
2003-11-20,2.6333332,,120.96875
2003-11-21,2.5916667,,104.177086
2003-11-22,2.6229167,,88.28125
2003-11-23,2.259479,,85.395836
2003-11-24,1.9041667,,88.59375
2003-11-25,2.5458333,,82.177086
2003-11-26,2.5749998,,92.0625
2003-11-27,2.475,,106.635414
2003-11-28,2.2840626,,117.5625
2003-11-29,2.384375,,104.1875
2003-11-30,2.378125,,100.479164
2003-12-01,2.390625,,109.947914
2003-12-02,2.3833334,,112.979164
2003-12-03,2.3885417,,118.666664
2003-12-04,2.4,,115.3125
2003-12-05,2.4,,108.020836
2003-12-06,2.3958335,,115.03125
2003-12-07,2.3822918,,121.34375
2003-12-08,2.446875,,129.33333
2003-12-09,2.4125001,,120.28125
2003-12-10,2.4,,123.34375
2003-12-11,2.5617647,,117.5
2003-12-12,2.5891666,,98.541664
2003-12-13,2.5395832,,91.6875
2003-12-14,2.5270834,,89.145836
2003-12-15,2.5607142,,105.65625
2003-12-16,,,96.270836
2003-12-17,,,97.447914
2003-12-18,,,89.25
2003-12-19,1.9544117,,96.28125
2003-12-20,1.9125,,105.447914
2003-12-21,1.89375,,114.09375
2003-12-22,1.8406249,,110.239586
2003-12-23,1.7937499,,127.604164
2003-12-24,1.7927083,,116.8125
2003-12-25,1.7614583,,112.947914
2003-12-26,1.7583333,,113.114586
2003-12-27,1.759375,,129.78572
2003-12-28,1.7464286,,116.72059
2003-12-29,,,112.625
2003-12-30,1.742647,,107.46429
2003-12-31,1.7635417,,
2004-01-01,1.7322917,,119.867645
2004-01-02,1.7260417,,137.04167
2004-01-03,1.7552084,,127.42857
2004-01-04,1.7571429,,128.52942
2004-01-05,,,144.71875
2004-01-06,,,118.125
2004-01-07,,,105.447914
2004-01-08,,,105.677086
2004-01-09,,,101.604164
2004-01-10,,,153.07143
2004-01-11,,,129.95589
2004-01-12,,,117.5
2004-01-13,,,123.072914
2004-01-14,,,127.229164
2004-01-15,1.214706,,113.25
2004-01-16,1.1979167,,
2004-01-17,1.1833334,,
2004-01-18,1.2114583,,
2004-01-19,1.2,,
2004-01-20,1.2,,
2004-01-21,1.2145834,,
2004-01-22,1.2,,
2004-01-25,1.2,,
2004-01-26,1.2,,
2004-01-28,1.0676471,,
2004-01-29,1.053125,,
2004-01-30,1.0552083,,
2004-01-31,1.059375,,
2004-02-01,1.0714285,,
2004-02-03,1.0323529,,
2004-02-04,1.0958333,,
2004-02-05,1.10625,,
2004-02-06,1.1035714,,
2004-02-08,1.0441177,,
2004-02-09,1.0392858,,
2004-02-15,1.0125,,
2004-02-16,1.0239583,,
2004-02-17,1.0083333,,
2004-02-18,1.0260416,,154.69118
2004-02-19,1.2,,155.86458
2004-02-20,1.1989584,,150.92708
2004-02-21,1.1979167,,147.66667
2004-02-22,1.1979167,,190.30208
2004-02-23,1.1968751,,203.27083
2004-02-24,1.1927084,,182.02083
2004-02-25,1.1822917,,171.72917
2004-02-26,1.15625,,164.19792
2004-02-27,1.1739584,,160.79167
2004-02-28,1.1010417,,174.5
2004-02-29,1.053125,,194.98958
2004-03-01,1.0380208,,186.01042
2004-03-02,1.0255208,,173.21875
2004-03-03,1.0286459,,160.91667
2004-03-04,1.0161458,,149.32292
2004-03-05,1.0291667,,172.03125
2004-03-06,1.0119792,,158.61458
2004-03-07,1.0083333,,128.41667
2004-03-08,0.9947917,,126.59375
2004-03-09,0.99322915,,139.8125
2004-03-10,1.0223958,,138.57292
2004-03-11,1.025,,129.83333
2004-03-12,1.0395833,,130.125
2004-03-13,1.0333333,,132.1875
2004-03-14,1.0354167,,141.07292
2004-03-15,1.0395833,,147.47917
2004-03-16,1.5552083,,154.92708
2004-03-17,3.19375,,179.75
2004-03-18,3.2083333,,213.47917
2004-03-19,3.1260417,,220.27083
2004-03-20,3.0562499,,244.73958
2004-03-21,3.0322917,,315.77084
2004-03-22,3.3687499,,485.58334
2004-03-23,4.0260415,,690.5625
2004-03-24,4.0364585,,858.3958
2004-03-25,4.0364585,,999.2917
2004-03-26,4.04375,,1258.8541
2004-03-27,4.0375,,1343.0209
2004-03-28,4.0114584,,1091.6771
2004-03-29,4.0354166,,824.84375
2004-03-30,4.1197915,,678.40625
2004-03-31,4.128125,,600.94794
2004-04-01,4.15,,593.4167
2004-04-02,4.15,,667.875
2004-04-03,4.117708,,677.5208
2004-04-04,4.0979166,,755.4792
2004-04-05,4.48125,,809.26044
2004-04-06,2.2479167,,959.67706
2004-04-07,1.9520833,,1138.75
2004-04-08,1.9895834,,1137.8125
2004-04-09,3.7875,,1108.5416
2004-04-10,3.7124999,,1160.625
2004-04-11,3.6541667,,1240.7291
2004-04-12,3.64375,,991.7708
2004-04-13,3.5958333,,847.4375
2004-04-14,3.4895833,,762.46875
2004-04-15,3.4645834,,741.875
2004-04-16,3.4041667,,710.0417
2004-04-17,3.371875,,705.2917
2004-04-18,3.3760417,,711.1458
2004-04-19,3.3677084,,737.25
2004-04-20,3.3520834,,674.42706
2004-04-21,3.3333333,,582.6042
2004-04-22,3.36875,,548.76044
2004-04-23,2.0529168,,546.42706
2004-04-24,2.778125,,528.4792
2004-04-25,2.703125,,521.7917
2004-04-26,2.6020832,,479.84375
2004-04-27,2.525,,462.1771
2004-04-28,2.7729168,,466.8854
2004-04-29,3.2791667,,521.30206
2004-04-30,3.3208332,,612.53125
2004-05-01,4.6666665,,653.0833
2004-05-02,4.7062497,,664.59375
2004-05-03,4.7,,676.30206
2004-05-04,4.4791665,,659.96875
2004-05-05,4.077083,,712.23956
2004-05-06,2.5666666,,801.17706
2004-05-07,4.760417,,870.3125
2004-05-08,3.33125,,936.4375
2004-05-09,2.965104,,1004.3125
2004-05-10,3.9104166,,1037.4062
2004-05-11,2.735,,1044.7916
2004-05-12,5.366667,,1059.0625
2004-05-13,5.0291667,,1008.8542
2004-05-14,4.6833334,,885.73956
2004-05-15,4.871875,,756.73956
2004-05-16,5.1416664,,674.6458
2004-05-17,5.1145835,,646.86456
2004-05-18,5.15625,,693.0417
2004-05-19,5.195833,,704.9167
2004-05-20,5.047917,,765.82294
2004-05-21,5.288542,,846.7083
2004-05-22,4.2677083,,853.0417
2004-05-23,3.8729167,,817.5208
2004-05-24,3.76875,,761.38544
2004-05-25,3.8541667,,721.17706
2004-05-26,3.8447917,,696.53125
2004-05-27,3.83125,,678.4375
2004-05-28,3.8510416,,683.17706
2004-05-29,4.0135417,,735.1458
2004-05-30,3.8208332,,820.3542
2004-05-31,3.7270832,,731.5833
2004-06-01,3.7,,608.51044
2004-06-02,3.6979165,,565.8125
2004-06-03,3.75,,575.17706
2004-06-04,3.8166666,,611.4583
2004-06-05,3.8614583,,659.9583
2004-06-06,3.8208332,,731.6042
2004-06-07,3.5989583,,783.625
2004-06-08,4.0656247,,831.40625
2004-06-09,4.014583,,835.3333
2004-06-10,3.659375,,782.1458
2004-06-11,3.575,,745.6042
2004-06-12,3.5479167,,645.9375
2004-06-13,3.525,,549.7917
2004-06-14,3.50625,,498.5521
2004-06-15,3.5270834,,514.1458
2004-06-16,3.5395834,,582.26044
2004-06-17,3.5666666,,552.55206
2004-06-18,3.6104167,,523.73956
2004-06-19,3.625,,454.6146
2004-06-20,3.5958333,,415.5
2004-06-21,3.6197915,,432.41666
2004-06-22,3.5864582,,431.5625
2004-06-23,3.5854166,,392.9271
2004-06-24,3.5302083,,320.7604
2004-06-25,3.5458333,,294.46875
2004-06-26,3.4864583,,291.375
2004-06-27,3.5333333,,285.28125
2004-06-28,3.5291667,,285.22916
2004-06-29,3.5083332,,279.5104
2004-06-30,11.979167,,322.9896
2004-07-01,0.94614583,,287.2604
2004-07-02,1.5510417,,265.64584
2004-07-03,1.4708333,,229.51042
2004-07-04,1.9729167,,263.89584
2004-07-05,1.7802083,,237.39583
2004-07-06,2.3020833,,209.66667
2004-07-07,3.1833334,,177.625
2004-07-08,4.8416667,,177.8125
2004-07-09,4.8166666,,184.71875
2004-07-10,4.8,,172.20833
2004-07-11,4.795833,,168.96875
2004-07-12,4.7708335,,163.0
2004-07-13,4.80625,,160.02083
2004-07-14,4.789583,,147.97917
2004-07-15,4.7520833,,139.39583
2004-07-16,4.8375,,138.01042
2004-07-17,4.8729167,,146.27083
2004-07-18,4.8333335,,153.84375
2004-07-19,4.8416667,,187.58333
2004-07-20,4.835417,,190.01042
2004-07-21,4.858333,,205.125
2004-07-22,4.8333335,,204.01042
2004-07-23,4.8479166,,168.67708
2004-07-24,4.8541665,,146.47917
2004-07-25,4.8729167,,175.9375
2004-07-26,4.889583,,203.40625
2004-07-27,4.9,,183.8125
2004-07-28,4.915625,,186.4375
2004-07-29,4.8645835,,285.1771
2004-07-30,4.8375,,201.73958
2004-07-31,4.86875,,155.85417
2004-08-01,4.8479166,,132.53125
2004-08-02,4.8458333,,134.89583
2004-08-03,4.8625,,116.0
2004-08-04,4.7854166,,127.0625
2004-08-05,4.804167,,128.0625
2004-08-06,4.795833,,157.47917
2004-08-07,4.7458334,,122.53125
2004-08-08,4.7374997,,146.5625
2004-08-09,4.7208333,,125.322914
2004-08-10,4.7166667,,110.1875
2004-08-11,4.6604166,,97.5
2004-08-12,4.625,,88.833336
2004-08-13,4.6145835,,84.583336
2004-08-14,4.6291666,,76.958336
2004-08-15,4.6625,,76.3125
2004-08-16,4.727083,,77.4375
2004-08-17,4.8770833,,73.229164
2004-08-18,4.8458333,,82.84375
2004-08-19,4.889583,,100.770836
2004-08-20,4.8729167,,95.989586
2004-08-21,4.804167,,97.739586
2004-08-22,4.795833,,152.70833
2004-08-23,4.8333335,,160.97917
2004-08-24,4.7708335,,104.947914
2004-08-25,4.7479167,,93.875
2004-08-26,4.6875,,87.572914
2004-08-27,4.5895834,,81.979164
2004-08-28,4.5520835,,77.5
2004-08-29,4.55625,,75.958336
2004-08-30,4.4875,,73.895836
2004-08-31,4.4104166,,74.479164
2004-09-01,4.3625,,72.708336
2004-09-02,3.746875,,70.604164
2004-09-03,3.03125,,71.4375
2004-09-04,3.6625,,72.104164
2004-09-05,3.54375,,92.322914
2004-09-06,3.4541667,,191.95833
2004-09-07,3.2583332,,374.375
2004-09-08,3.2104166,,175.71875
2004-09-09,3.1687498,,130.67708
2004-09-10,3.1177082,,115.6875
2004-09-11,3.1197915,,107.864586
2004-09-12,3.1416667,,105.270836
2004-09-13,3.1177082,,111.614586
2004-09-14,3.0791667,,115.833336
2004-09-15,3.4197917,,101.083336
2004-09-16,4.10625,,94.208336
2004-09-17,3.9729166,,87.166664
2004-09-18,3.94375,,83.458336
2004-09-19,6.7322917,,88.46875
2004-09-20,5.0020833,,116.875
2004-09-21,3.4520833,,437.625
2004-09-22,3.4281251,,823.73956
2004-09-23,3.3822918,,599.9167
2004-09-24,3.3677084,,449.40625
2004-09-25,3.3645835,,266.20834
2004-09-26,3.353125,,219.6875
2004-09-27,3.3666668,,187.1875
2004-09-28,3.3572917,,175.77083
2004-09-29,3.35625,,164.42708
2004-09-30,3.3270833,,197.60417
2004-10-01,3.3322916,,353.0521
2004-10-02,3.3625,,414.8646
2004-10-03,3.371875,,292.9896
2004-10-04,3.3822918,,298.15625
2004-10-05,3.39375,,228.1875
2004-10-06,3.3989584,,214.22917
2004-10-07,3.5105264,,335.4896
2004-10-08,3.6499999,,274.8646
2004-10-09,3.5145833,,215.70833
2004-10-10,3.4677083,,194.45833
2004-10-11,3.4666667,,183.17708
2004-10-12,3.4145834,,177.41667
2004-10-13,3.4114583,,171.83333
2004-10-14,3.3739583,,168.69792
2004-10-15,2.6364584,,164.125
2004-10-16,3.0145833,,166.48958
2004-10-17,2.9739583,,161.875
2004-10-18,3.6833334,,156.88542
2004-10-19,4.21875,,155.15625
2004-10-20,3.3802083,,154.80208
2004-10-21,3.4291668,,157.80208
2004-10-22,3.4885416,,157.41667
2004-10-23,3.5895834,,158.8125
2004-10-24,3.6166666,,162.58333
2004-10-25,3.5895834,,165.0
2004-10-26,3.63125,,167.39583
2004-10-27,3.5166667,,167.79167
2004-10-28,4.8,,177.15625
2004-10-29,5.008333,,220.97917
2004-10-30,4.69375,,307.95834
2004-10-31,4.677083,,319.3125
2004-11-01,4.3312497,,241.78125
2004-11-02,3.546875,,210.13542
2004-11-03,3.6270833,,194.11458
2004-11-04,3.625,,177.47917
2004-11-05,3.553125,,175.63542
2004-11-06,3.5083334,,178.9375
2004-11-07,3.5208333,,170.73958
2004-11-08,3.49375,,166.35417
2004-11-09,12.81875,,174.1875
2004-11-10,7.0416665,,184.05208
2004-11-11,3.9125,,196.09375
2004-11-12,3.8895833,,201.88542
2004-11-13,3.8552084,,183.34375
2004-11-14,3.6489582,,190.28125
2004-11-15,3.56875,,192.51042
2004-11-16,3.5479167,,182.60417
2004-11-17,3.5458333,,174.25
2004-11-18,3.4958334,,178.71875
2004-11-19,3.5125,,170.9375
2004-11-20,3.5395832,,178.86458
2004-11-21,3.5541666,,181.86458
2004-11-22,3.5114584,,181.26042
2004-11-23,3.51875,,187.875
2004-11-24,3.5020833,,186.07292
2004-11-25,3.4760418,,194.84375
2004-11-26,3.4791667,,179.94792
2004-11-27,3.4291668,,186.64583
2004-11-28,3.525,,230.875
2004-11-29,3.7357142,,215.8125
2004-11-30,,,210.98958
2004-12-01,,,190.13542
2004-12-02,,,169.19792
2004-12-03,,,160.52083
2004-12-04,,,172.73958
2004-12-05,4.247059,,191.19792
2004-12-06,4.3125,,195.98958
2004-12-07,4.335417,,211.70833
2004-12-08,4.522917,,180.875
2004-12-09,4.5104165,,168.10417
2004-12-10,4.5020833,,162.8125
2004-12-11,4.4958334,,173.65625
2004-12-12,4.49375,,168.5
2004-12-13,4.485417,,160.625
2004-12-14,4.2635417,,150.94792
2004-12-15,3.5395832,,151.53125
2004-12-16,3.5958333,,149.65625
2004-12-17,3.7375,,146.86458
2004-12-18,3.75,,168.71875
2004-12-19,3.7489583,,161.60417
2004-12-20,3.7104166,,170.0
2004-12-21,3.7041667,,167.875
2004-12-22,3.6999998,,177.1875
2004-12-23,3.6857142,,207.28125
2004-12-24,,,136.63542
2004-12-25,,,117.8125
2004-12-26,,,101.635414
2004-12-27,3.2264705,,135.67708
2004-12-28,3.4854167,,157.05208
2004-12-29,3.5072918,,160.67708
2004-12-30,3.5354166,,180.21428
2004-12-31,3.4333334,,
2005-01-01,3.4447918,,
2005-01-02,3.4291668,,
2005-01-03,3.425,,
2005-01-04,3.46875,,
2005-01-05,3.4916668,,
2005-01-06,3.475,,173.38235
2005-01-07,3.4479167,,170.22917
2005-01-08,3.4364583,,152.16667
2005-01-09,3.425,,144.39583
2005-01-10,3.4645834,,135.67857
2005-01-11,3.53125,,
2005-01-12,3.5145833,,
2005-01-13,3.4989583,,
2005-01-14,3.5125,,
2005-01-15,3.5562499,,
2005-01-16,3.5625,,
2005-01-17,3.56875,,210.11765
2005-01-18,3.5458333,,202.57292
2005-01-19,3.5270834,,202.3125
2005-01-20,3.5416665,,197.8125
2005-01-21,3.5541666,,196.91667
2005-01-22,3.5562499,,186.84375
2005-01-23,3.5625,,186.79167
2005-01-24,3.6083333,,186.73958
2005-01-25,3.6270833,,184.26042
2005-01-26,3.6145833,,189.60417
2005-01-27,3.6218748,,203.22917
2005-01-28,3.6770833,,228.09375
2005-01-29,3.6291666,,230.71875
2005-01-30,3.6458333,,220.23958
2005-01-31,3.6479166,,225.44792
2005-02-01,3.5885415,,204.70833
2005-02-02,3.5666666,,192.52083
2005-02-03,3.5916667,,181.30208
2005-02-04,3.6041665,,174.29167
2005-02-05,3.6416667,,167.23958
2005-02-06,3.6145833,,170.35417
2005-02-07,3.58125,,175.02083
2005-02-08,3.6166666,,185.77083
2005-02-09,3.5333333,,181.5625
2005-02-10,3.5791667,,173.80208
2005-02-11,3.54375,,166.90625
2005-02-12,3.58125,,171.96875
2005-02-13,3.5604167,,207.625
2005-02-14,3.5479167,,227.79167
2005-02-15,3.6583333,,246.77083
2005-02-16,3.6875,,307.5
2005-02-17,3.6625,,288.0104
2005-02-18,3.675,,277.3229
2005-02-19,3.6812499,,267.0104
2005-02-20,3.6958332,,309.20834
2005-02-21,3.64375,,326.35416
2005-02-22,3.6541667,,368.77084
2005-02-23,3.6416667,,354.64584
2005-02-24,3.65625,,372.8021
2005-02-25,3.584375,,347.4479
2005-02-26,3.3114583,,321.5
2005-02-27,3.2729166,,302.35416
2005-02-28,3.253125,,279.65625
2005-03-01,3.1989582,,262.16666
2005-03-02,3.1260417,,248.6875
2005-03-03,3.08125,,249.27083
2005-03-04,3.0614583,,246.70833
2005-03-05,2.7097917,,240.04167
2005-03-06,0.62125,,212.86458
2005-03-07,0.48322916,,211.10417
2005-03-08,3.675,,212.07292
2005-03-09,3.6812499,,227.67708
2005-03-10,3.6625,,277.58334
2005-03-11,3.4437501,,354.6771
2005-03-12,3.41875,,503.83334
2005-03-13,3.15375,,683.3125
2005-03-14,0.7945833,,763.57294
2005-03-15,0.6301042,,813.5625
2005-03-16,0.39302084,,726.11456
2005-03-17,2.6877084,,595.9792
2005-03-18,2.709375,,538.4583
2005-03-19,2.6927083,,494.41666
2005-03-20,2.6895833,,457.2396
2005-03-21,2.6083333,,461.84375
2005-03-22,2.7708333,,453.02084
2005-03-23,3.3604167,,418.97916
2005-03-24,3.3708334,,417.65625
2005-03-25,3.3656251,,441.39584
2005-03-26,3.5791667,,489.5104
2005-03-27,2.371875,,465.4271
2005-03-28,2.5958333,,420.66666
2005-03-29,3.4458334,,426.58334
2005-03-30,2.865625,,569.3958
2005-03-31,2.8229167,,572.375
2005-04-01,1.7014583,,531.7083
2005-04-02,3.1385417,,474.54166
2005-04-03,3.1760416,,479.6771
2005-04-04,3.1239583,,593.1667
2005-04-05,2.78125,,856.76044
2005-04-06,2.6895833,,1013.5833
2005-04-07,2.6875,,1051.7916
2005-04-08,2.7645833,,1317.0834
2005-04-09,2.753125,,2212.2917
2005-04-10,2.6197917,,2694.6875
2005-04-11,2.9697917,,1991.9791
2005-04-12,2.9635417,,1378.4375
2005-04-13,2.9875,,1237.0834
2005-04-14,2.8208332,,1631.9791
2005-04-15,2.7520833,,2537.6042
2005-04-16,2.3883333,,3398.9583
2005-04-17,3.1989584,,3599.1667
2005-04-18,3.671875,,4211.4585
2005-04-19,5.634375,,4449.271
2005-04-20,4.0489583,,3884.5833
2005-04-21,4.0958333,,3327.8125
2005-04-22,4.05625,,2492.0833
2005-04-23,4.014583,,2341.7708
2005-04-24,3.3,,2642.0833
2005-04-25,2.17875,,3622.8125
2005-04-26,1.4425,,3535.625
2005-04-27,4.1604166,,3240.8333
2005-04-28,4.3697915,,
2005-04-29,3.140625,,
2005-04-30,3.3489583,,
2005-05-01,3.28125,,
2005-05-02,3.3197916,,
2005-05-03,3.315625,,
2005-05-04,3.5916667,,
2005-05-05,3.4979167,,
2005-05-06,5.0802083,,
2005-05-07,5.3479166,,
2005-05-08,5.1458335,,
2005-05-09,5.251042,,
2005-05-10,13.3,,
2005-05-11,5.929167,,
2005-05-12,6.7208333,,
2005-05-13,5.425,,
2005-05-14,4.508333,,
2005-05-15,4.0583334,,
2005-05-16,3.11625,,
2005-05-17,17.410418,,
2005-05-18,11.0,,
2005-05-19,7.828125,,
2005-05-20,22.045834,,
2005-05-21,42.4375,,5986.6665
2005-05-22,59.34375,,6831.0415
2005-05-23,55.729168,,7409.271
2005-05-24,46.739582,,8501.25
2005-05-25,47.1875,,8971.875
2005-05-26,37.979168,,9033.6455
2005-05-27,34.645832,,8825.5205
2005-05-28,28.083334,,8014.479
2005-05-29,25.447916,,6523.229
2005-05-30,27.520834,,3979.1667
2005-05-31,38.927082,,3316.7708
2005-06-01,57.895832,,2865.2083
2005-06-02,53.6875,,2551.6667
2005-06-03,56.15625,,2509.4792
2005-06-04,54.677082,,2657.0833
2005-06-05,48.604168,,2374.2708
2005-06-06,46.427082,,2072.6042
2005-06-07,46.25,,1908.2291
2005-06-08,43.114582,,1777.7084
2005-06-09,35.3125,,1585.625
2005-06-10,30.16875,,1591.0416
2005-06-11,32.416668,,1559.5834
2005-06-12,32.65625,,1424.1666
2005-06-13,31.6875,,1401.0416
2005-06-14,33.09375,,1387.7084
2005-06-15,35.25,,1330.7291
2005-06-16,32.510418,,1297.2916
2005-06-17,28.53125,,1318.5416
2005-06-18,29.21875,,1496.1459
2005-06-19,31.385416,,2060.9375
2005-06-20,33.5625,,2115.5208
2005-06-21,35.760418,,1920.2084
2005-06-22,38.416668,,1860.0
2005-06-23,59.739582,,1967.9166
2005-06-24,37.229168,,1947.6041
2005-06-25,36.0625,,1970.625
2005-06-26,35.0625,,1907.6289
2005-06-27,37.65625,,1681.6666
2005-06-28,40.708332,,1391.6666
2005-06-29,39.791668,,1341.6666
2005-06-30,38.729168,,1335.0
2005-07-01,35.75,,1166.7709
2005-07-02,32.1875,,1008.7292
2005-07-03,28.177084,,899.3333
2005-07-04,12.020833,,879.28125
2005-07-05,10.234375,,790.4792
2005-07-06,6.45,,724.8125
2005-07-07,6.4947915,,685.3542
2005-07-08,6.6416664,,650.30206
2005-07-09,6.625,,618.59375
2005-07-10,6.6520834,,576.1875
2005-07-11,6.6479163,,564.76044
2005-07-12,6.625,,537.78125
2005-07-13,6.6104164,,508.8229
2005-07-14,5.9,,491.5521
2005-07-15,4.6916666,,526.9792
2005-07-16,4.6916666,,540.5833
2005-07-17,4.7041664,,523.5625
2005-07-18,4.725,,444.2604
2005-07-19,4.739583,,419.34375
2005-07-20,4.7374997,,400.14584
2005-07-21,4.7291665,,445.58334
2005-07-22,4.677083,,315.05554
2005-07-23,4.6666665,,295.34375
2005-07-24,4.677083,,307.3021
2005-07-25,5.709375,,361.34375
2005-07-26,28.648958,,612.01044
2005-07-27,8.305208,,604.2083
2005-07-28,6.53125,,504.89584
2005-07-29,6.5322914,,393.72916
2005-07-30,6.5104165,,318.1875
2005-07-31,6.459375,,286.16666
2005-08-01,6.396875,,264.64584
2005-08-02,6.1385417,,274.4479
2005-08-03,6.1593747,,371.02084
2005-08-04,6.1541667,,490.29166
2005-08-05,6.1666665,,328.09375
2005-08-06,6.10625,,349.89584
2005-08-07,6.0125,,300.5104
2005-08-08,5.985417,,347.1979
2005-08-09,5.954167,,432.04166
2005-08-10,6.4166665,,335.6354
2005-08-11,2.6645832,,336.9479
2005-08-12,3.5625,,414.95834
2005-08-13,3.5083332,,514.88544
2005-08-14,3.46875,,428.3021
2005-08-15,3.45,,348.40625
2005-08-16,12.72125,,303.375
2005-08-17,2.9145832,,281.6979
2005-08-18,2.61875,,404.29166
2005-08-19,2.690625,,325.0729
2005-08-20,4.375,,263.59375
2005-08-21,4.18125,,228.86458
2005-08-22,4.1614585,,217.45833
2005-08-23,4.0510416,,201.51042
2005-08-24,3.8895833,,193.80208
2005-08-25,3.8374999,,183.10417
2005-08-26,3.8270833,,171.3125
2005-08-27,3.7479167,,167.05208
2005-08-28,3.6416667,,179.30208
2005-08-29,3.8677082,,176.38542
2005-08-30,4.102083,,168.45833
2005-08-31,4.0791664,,150.97917
2005-09-01,4.0833335,,146.69792
2005-09-02,4.0833335,,132.35417
2005-09-03,4.0958333,,122.3125
2005-09-04,4.1375,,133.80208
2005-09-05,4.128125,,124.90625
2005-09-06,4.022917,,148.19792
2005-09-07,4.022917,,183.53125
2005-09-08,4.3645835,,162.76042
2005-09-09,3.5687501,,248.60417
2005-09-10,4.9254165,,369.15625
2005-09-11,3.9989583,,415.21875
2005-09-12,4.179167,,369.8021
2005-09-13,4.282292,,227.875
2005-09-14,4.2645836,,191.76042
2005-09-15,4.2364583,,166.67708
2005-09-16,4.271875,,164.3125
2005-09-17,4.2645836,,157.4375
2005-09-18,4.2770834,,145.0625
2005-09-19,4.2708335,,142.84375
2005-09-20,4.2541666,,129.8125
2005-09-21,4.2958336,,128.9375
2005-09-22,4.3104167,,134.61458
2005-09-23,4.320833,,140.4375
2005-09-24,4.291667,,153.64583
2005-09-25,4.297917,,169.79167
2005-09-26,4.297917,,154.47917
2005-09-27,4.18125,,138.28125
2005-09-28,4.210417,,170.5625
2005-09-29,4.2333336,,362.79166
2005-09-30,4.2208333,,246.47917
2005-10-01,4.2020836,,475.59375
2005-10-02,4.1697917,,342.77084
2005-10-03,4.180208,,272.0521
2005-10-04,4.140625,,227.96875
2005-10-05,3.9666667,,257.15625
2005-10-06,3.9802084,,221.625
2005-10-07,3.9791667,,252.05208
2005-10-08,3.95625,,287.16666
2005-10-09,4.092708,,302.45834
2005-10-10,4.0104165,,374.15463
2005-10-11,4.0645833,,460.84537
2005-10-12,4.023958,,385.06186
2005-10-13,3.9739583,,323.83505
2005-10-14,3.9947917,,301.63916
2005-10-15,3.925,,352.48453
2005-10-16,3.9239583,,280.65625
2005-10-17,3.9385417,,267.54166
2005-10-18,3.9510417,,258.79166
2005-10-19,4.571875,,280.6559
2005-10-20,5.376042,,424.94846
2005-10-21,5.398958,,378.82474
2005-10-22,5.414583,,316.375
2005-10-23,5.3333335,,300.12372
2005-10-24,5.3333335,,275.29166
2005-10-25,5.375,,265.58762
2005-10-26,5.5458336,,255.77083
2005-10-27,5.4375,,251.84375
2005-10-28,4.9395833,,245.29167
2005-10-29,4.3270836,,242.63918
2005-10-30,6.3322916,,262.7604
2005-10-31,8.825,,258.89795
2005-11-01,3.1697917,,247.84042
2005-11-02,1.9395833,,242.11224
2005-11-03,4.59375,,230.7629
2005-11-04,6.45625,,226.98958
2005-11-05,5.5510416,,223.17526
2005-11-06,5.022917,,217.89691
2005-11-07,4.46875,,206.59793
2005-11-08,4.2479167,,197.69072
2005-11-09,4.1197915,,193.20833
2005-11-10,3.9875,,190.88542
2005-11-11,7.85625,,191.29167
2005-11-12,11.16875,,280.9479
2005-11-13,7.0479164,,247.92708
2005-11-14,2.7666667,,223.80208
2005-11-15,2.9572916,,212.08333
2005-11-16,2.7510417,,200.125
2005-11-17,3.5572917,,194.9375
2005-11-18,6.8,,176.70833
2005-11-19,6.8447914,,180.77083
2005-11-20,6.725,,179.72917
2005-11-21,6.8229165,,175.84375
2005-11-22,6.570833,,169.41667
2005-11-23,4.975,,148.97917
2005-11-24,4.985417,,144.1875
2005-11-25,4.977083,,145.21875
2005-11-26,4.89375,,146.53125
2005-11-27,4.795833,,145.875
2005-11-28,3.8436458,,145.08333
2005-11-29,5.463542,,163.84375
2005-11-30,5.6854167,,146.03125
2005-12-01,5.604167,,162.9375
2005-12-02,5.4333334,,169.39583
2005-12-03,4.6770835,,176.98958
2005-12-04,4.1708336,,195.95833
2005-12-05,3.3778124,,188.07292
2005-12-06,5.353125,,161.23958
2005-12-07,4.916354,,132.07143
2005-12-08,5.417857,,130.79411
2005-12-09,,,109.10714
2005-12-10,,,124.77941
2005-12-11,,,130.33333
2005-12-12,,,144.89285
2005-12-14,3.817647,,146.45589
2005-12-15,3.85,,140.03572
2005-12-17,,,135.29411
2005-12-18,5.442647,,134.79167
2005-12-19,5.421875,,145.48958
2005-12-20,5.4041667,,163.10417
2005-12-21,5.375,,162.30208
2005-12-22,5.3729167,,163.98958
2005-12-23,4.8708334,,156.10417
2005-12-24,3.1833332,,151.41667
2005-12-25,3.1239583,,134.32292
2005-12-26,3.0833333,,129.44792
2005-12-27,3.0197916,,127.65625
2005-12-28,3.4895833,,136.875
2005-12-29,3.54375,,126.229164
2005-12-30,3.6645832,,136.40625
2005-12-31,3.63125,,122.041664
2006-01-01,3.6187499,,130.51042
2006-01-02,3.5375,,140.21875
2006-01-03,3.4510417,,134.67708
2006-01-04,3.4270835,,131.125
2006-01-05,3.4427085,,128.95833
2006-01-06,3.3520834,,119.708336
2006-01-07,3.2906249,,115.041664
2006-01-08,3.2916667,,112.604164
2006-01-09,3.3872917,,114.739586
2006-01-10,1.9157292,,105.92857
2006-01-11,2.31625,,
2006-01-12,3.7520833,,122.838234
2006-01-13,3.7020833,,113.072914
2006-01-14,3.7166667,,119.989586
2006-01-15,3.6583333,,137.21428
2006-01-16,3.7208333,,142.20619
2006-01-17,3.8892858,,158.04124
2006-01-18,4.6794114,,156.30928
2006-01-19,4.6541667,,145.6701
2006-01-20,4.6666665,,160.03093
2006-01-21,4.778571,,149.45361
2006-01-22,,,151.59793
2006-01-23,,,154.91667
2006-01-24,,,133.25
2006-01-25,,,128.30208
2006-01-26,2.85,,123.59375
2006-01-27,2.7979167,,135.26042
2006-01-28,2.8218749,,146.73958
2006-01-29,2.7875,,162.22917
2006-01-30,2.7864583,,165.91667
2006-01-31,2.7729166,,158.79167
2006-02-01,2.7791667,,160.9375
2006-02-02,2.778125,,159.16667
2006-02-03,2.7760417,,160.60417
2006-02-04,2.75,,163.32292
2006-02-05,2.740625,,152.39583
2006-02-06,2.8465624,,144.91667
2006-02-07,3.6214285,,150.14583
2006-02-08,3.669853,,135.90625
2006-02-09,3.5979166,,131.34375
2006-02-10,3.5916667,,135.64583
2006-02-11,3.6285713,,139.94792
2006-02-12,,,134.59375
2006-02-13,,,135.44792
2006-02-14,3.0441177,,150.0625
2006-02-15,3.0760417,,164.88542
2006-02-16,3.15625,,166.02083
2006-02-17,3.1479166,,174.0
2006-02-18,3.1458333,,162.78125
2006-02-19,3.125,,151.02083
2006-02-20,3.1072915,,166.28125
2006-02-21,3.096875,,158.39583
2006-02-22,3.1885417,,156.39583
2006-02-23,3.08125,,152.75
2006-02-24,3.0770833,,143.83333
2006-02-25,3.0635417,,151.11458
2006-02-26,3.0666666,,153.90625
2006-02-27,3.13125,,155.80208
2006-02-28,3.3375,,160.11458
2006-03-01,3.3572917,,167.01042
2006-03-02,3.3541667,,180.19792
2006-03-03,3.3416667,,192.34375
2006-03-04,3.3541667,,159.48958
2006-03-05,3.3489583,,155.29167
2006-03-06,3.35,,156.89583
2006-03-07,3.3583333,,157.1875
2006-03-08,3.45625,,162.27083
2006-03-09,3.3791666,,168.84375
2006-03-10,3.3785715,,186.46875
2006-03-11,3.302941,,181.125
2006-03-12,3.3,,196.44792
2006-03-13,3.3010416,,202.5
2006-03-14,3.2677083,,192.65625
2006-03-15,3.2302082,,185.3125
2006-03-16,3.2510417,,175.38542
2006-03-17,3.2416666,,185.875
2006-03-18,3.2114582,,179.55208
2006-03-19,3.2229166,,193.40625
2006-03-20,3.209375,,205.0
2006-03-21,3.1791666,,201.5
2006-03-22,3.1729167,,201.45833
2006-03-23,3.2020833,,201.41667
2006-03-24,3.1989582,,197.75
2006-03-25,3.1708333,,197.20833
2006-03-26,3.1729167,,201.91667
2006-03-27,3.20625,,210.91667
2006-03-28,3.1708333,,225.3125
2006-03-29,3.221875,,229.58333
2006-03-30,3.23125,,276.20834
2006-03-31,3.20625,,284.20834
2006-04-01,3.2291665,,272.6354
2006-04-02,3.2666667,,280.66666
2006-04-03,3.2739582,,287.6979
2006-04-04,3.3052082,,282.5
2006-04-05,2.9729166,,371.04166
2006-04-06,3.609375,,624.8333
2006-04-07,4.770833,,844.38544
2006-04-08,4.775,,652.96875
2006-04-09,4.7979164,,665.4792
2006-04-10,4.555208,,821.67706
2006-04-11,3.8739583,,1071.8438
2006-04-12,3.8770833,,1025.5416
2006-04-13,3.8989582,,854.1875
2006-04-14,3.6916666,,1021.6458
2006-04-15,3.5895832,,1148.3334
2006-04-16,3.5166667,,1190.625
2006-04-17,3.578125,,1030.7291
2006-04-18,3.6416667,,1055.6562
2006-04-19,3.5333333,,945.67706
2006-04-20,3.5229166,,749.6667
2006-04-21,3.5562499,,734.7917
2006-04-22,3.5270834,,761.3958
2006-04-23,3.5541666,,847.7708
2006-04-24,3.6104167,,957.73956
2006-04-25,3.54375,,901.84375
2006-04-26,3.5604167,,740.17706
2006-04-27,3.6229167,,758.1875
2006-04-28,4.4697914,,801.8958
2006-04-29,3.1020832,,811.4792
2006-04-30,3.0697916,,774.6458
2006-05-01,4.121875,,708.71875
2006-05-02,3.0479167,,673.88544
2006-05-03,2.7416666,,665.8958
2006-05-04,1.8979167,,664.09375
2006-05-05,1.3617709,,656.6875
2006-05-06,3.475,,644.78125
2006-05-07,3.4385417,,592.5208
2006-05-08,3.421875,,545.17706
2006-05-09,3.421875,,521.98956
2006-05-10,3.3427083,,503.6146
2006-05-11,3.3166666,,476.47916
2006-05-12,3.559375,,423.8125
2006-05-13,4.0895834,,392.20834
2006-05-14,4.1,,394.5729
2006-05-15,3.9520833,,436.9896
2006-05-16,3.875,,488.14584
2006-05-17,3.7645833,,557.5417
2006-05-18,3.4364583,,591.4792
2006-05-19,3.3708334,,592.13544
2006-05-20,2.7645833,,582.76044
2006-05-21,1.7496874,,560.8542
2006-05-22,3.6654167,,585.1875
2006-05-23,3.8479166,,613.36456
2006-05-24,3.70625,,649.0
2006-05-25,3.6416667,,629.21875
2006-05-26,3.546875,,670.42706
2006-05-27,3.9552083,,632.17706
2006-05-28,4.0104165,,623.2917
2006-05-29,3.9791667,,603.6042
2006-05-30,3.9239583,,518.46313
2006-05-31,3.8875,,433.97916
2006-06-01,3.8875,,388.85416
2006-06-02,3.8666666,,413.97916
2006-06-03,3.8708334,,499.66666
2006-06-04,3.8708334,,533.0625
2006-06-05,3.85625,,533.05206
2006-06-06,3.8458333,,551.05206
2006-06-07,3.8541667,,583.5
2006-06-08,3.875,,549.86456
2006-06-09,3.8822916,,584.76044
2006-06-10,3.0822916,,622.4583
2006-06-11,3.2885416,,569.88544
2006-06-12,3.4895833,,523.80206
2006-06-13,3.475,,488.71875
2006-06-14,3.4770834,,450.37112
2006-06-15,3.46875,,424.79382
2006-06-16,3.4427083,,427.39584
2006-06-17,3.390625,,371.1875
2006-06-18,3.396875,,301.3021
2006-06-19,3.3916667,,276.85416
2006-06-20,3.39375,,297.6354
2006-06-21,3.3875,,291.08334
2006-06-22,3.371875,,274.625
2006-06-23,3.3770833,,271.0625
2006-06-24,3.3385417,,249.60417
2006-06-25,3.3416667,,232.97917
2006-06-26,3.3677084,,223.26042
2006-06-27,3.3604167,,215.71875
2006-06-28,3.3572917,,197.92708
2006-06-29,3.3770833,,187.25
2006-06-30,3.3635416,,182.96875
2006-07-01,3.3552084,,168.46875
2006-07-02,3.3552084,,161.47917
2006-07-03,3.353125,,163.5
2006-07-04,3.3395834,,163.47917
2006-07-05,3.30625,,163.1875
2006-07-06,3.33125,,187.32292
2006-07-07,3.334375,,258.45834
2006-07-08,3.371875,,420.6146
2006-07-09,3.3833334,,408.25
2006-07-10,3.3416667,,510.34375
2006-07-11,3.3145833,,687.94794
2006-07-12,3.3177083,,557.33685
2006-07-13,3.2885416,,391.1354
2006-07-14,3.253125,,304.8854
2006-07-15,3.240625,,260.03125
2006-07-16,3.2437499,,227.01042
2006-07-17,3.2166667,,203.375
2006-07-18,3.2239583,,192.58333
2006-07-19,3.240625,,179.51042
2006-07-20,3.2302084,,200.72917
2006-07-21,3.2281249,,178.07292
2006-07-22,3.2135415,,208.46875
2006-07-23,3.2041667,,189.125
2006-07-24,3.203125,,189.0
2006-07-25,3.1876404,,177.63542
2006-07-26,3.190625,,161.6875
2006-07-27,3.1802082,,151.63542
2006-07-28,3.14375,,147.3125
2006-07-29,3.0739582,,134.60417
2006-07-30,3.0510416,,132.27083
2006-07-31,2.9468749,,137.71875
2006-08-01,2.6864583,,141.9375
2006-08-02,2.76875,,542.07294
2006-08-03,3.3416667,,542.98956
2006-08-04,3.3364584,,315.89584
2006-08-05,3.4177084,,298.1875
2006-08-06,3.3916667,,473.6979
2006-08-07,3.3729167,,456.29166
2006-08-08,3.3541667,,1055.0209
2006-08-09,8.48125,,576.9167
2006-08-10,3.521875,,478.04166
2006-08-11,3.4833333,,512.90625
2006-08-12,3.4697917,,358.8229
2006-08-13,3.4416666,,293.35416
2006-08-14,3.4166667,,291.4896
2006-08-15,3.4020834,,316.1979
2006-08-16,3.4114585,,334.2396
2006-08-17,3.3791668,,406.66666
2006-08-18,3.3729167,,350.625
2006-08-19,3.3697917,,271.79166
2006-08-20,3.3416667,,241.45833
2006-08-21,3.3552084,,212.41667
2006-08-22,3.325,,205.83333
2006-08-23,3.3125,,195.54167
2006-08-24,3.3322916,,339.47916
2006-08-25,3.3333333,,239.48958
2006-08-26,3.31875,,207.5
2006-08-27,3.3135417,,198.48958
2006-08-28,3.303125,,290.875
2006-08-29,3.2979167,,236.0
2006-08-30,3.2791667,,206.67708
2006-08-31,3.2677083,,164.08333
2006-09-01,3.271875,,145.85417
2006-09-02,3.253125,,134.76042
2006-09-03,3.2520833,,125.25
2006-09-04,3.2458334,,133.27083
2006-09-05,3.246875,,145.36458
2006-09-06,3.2572916,,127.65625
2006-09-07,3.2875,,111.104164
2006-09-08,3.3364584,,186.09375
2006-09-09,3.2885416,,363.29166
2006-09-10,3.296875,,333.9271
2006-09-11,3.1135416,,351.4479
2006-09-12,2.96875,,258.875
2006-09-13,2.9229167,,200.07292
2006-09-14,2.8843749,,171.32292
2006-09-15,2.6840625,,203.25
2006-09-16,3.2916667,,206.17708
2006-09-17,2.771875,,171.94792
2006-09-18,3.0020833,,236.15625
2006-09-19,3.7479167,,212.82979
2006-09-20,3.725,,180.8125
2006-09-21,3.7145832,,174.86458
2006-09-22,4.1691666,,440.8646
2006-09-23,1.8270833,,647.0208
2006-09-24,1.63125,,479.10416
2006-09-25,2.0989583,,346.9896
2006-09-26,3.096875,,275.1354
2006-09-27,3.7666667,,246.58333
2006-09-28,3.7291665,,239.96875
2006-09-29,3.7166667,,238.10417
2006-09-30,3.75,,234.90625
2006-10-01,3.7416666,,233.66667
2006-10-02,3.7729166,,233.1875
2006-10-03,8.217709,,278.0521
2006-10-04,4.1604166,,342.39584
2006-10-05,3.3833334,,414.65625
2006-10-06,35.67802,,640.23956
2006-10-07,77.13684,,4576.25
2006-10-08,12.548958,,2886.9792
2006-10-09,15.488542,,1396.4584
2006-10-10,17.4375,,1411.7709
2006-10-11,20.208334,,1142.0938
2006-10-12,4.6375003,,1059.0312
2006-10-13,4.2312503,,663.59375
2006-10-14,4.109375,,577.6458
2006-10-15,2.7646875,,536.30206
2006-10-16,4.19375,,597.88544
2006-10-17,3.9958334,,710.3958
2006-10-18,2.5175,,679.3958
2006-10-19,3.6999998,,760.8958
2006-10-20,3.5395834,,608.09375
2006-10-21,3.3572917,,491.47916
2006-10-22,3.0072916,,453.46875
2006-10-23,3.3177083,,424.2396
2006-10-24,3.8895833,,392.3021
2006-10-25,3.8822916,,376.70834
2006-10-26,3.1354165,,435.27084
2006-10-27,3.1114583,,437.83334
2006-10-28,3.1104167,,383.77084
2006-10-29,3.0906248,,363.89584
2006-10-30,3.046875,,365.0625
2006-10-31,3.0416665,,352.04166
2006-11-01,3.053125,,333.29166
2006-11-02,3.0520833,,318.78125
2006-11-03,3.0427084,,298.0625
2006-11-04,3.059375,,293.83334
2006-11-05,3.0562499,,292.9479
2006-11-06,3.3125,,271.9896
2006-11-07,4.159375,,267.79166
2006-11-08,3.4395833,,254.78125
2006-11-09,3.5354166,,252.96875
2006-11-10,3.7145832,,246.0625
2006-11-11,3.7124999,,236.82292
2006-11-12,3.7354167,,239.29167
2006-11-13,3.725,,228.625
2006-11-14,3.7020833,,243.17708
2006-11-15,3.7124999,,227.01042
2006-11-16,3.6812499,,236.90625
2006-11-17,3.7749999,,211.8125
2006-11-18,3.7916665,,224.03125
2006-11-19,3.8104167,,221.86458
2006-11-20,3.8104167,,222.86458
2006-11-21,3.8291667,,210.70833
2006-11-22,3.825,,215.91667
2006-11-23,3.8479166,,201.96875
2006-11-24,3.8625,,175.13542
2006-11-25,3.84375,,189.01042
2006-11-26,3.8541667,,179.39583
2006-11-27,3.7979167,,188.45833
2006-11-28,3.8916667,,180.5625
2006-11-29,3.3311458,,181.01042
2006-11-30,0.43464285,,189.82143
2006-12-01,,,156.75
2006-12-02,,,154.11458
2006-12-03,,,142.60417
2006-12-04,,,151.28125
2006-12-05,,,140.25
2006-12-06,,,132.89583
2006-12-07,3.7235293,,173.1875
2006-12-08,3.7541666,,166.13542
2006-12-09,3.7354167,,180.71875
2006-12-10,3.7041667,,185.13542
2006-12-11,3.6499999,,205.51042
2006-12-12,3.5916667,,205.0625
2006-12-13,3.56875,,211.30208
2006-12-14,3.56875,,217.8125
2006-12-15,3.5729165,,215.26042
2006-12-16,3.5354166,,220.66667
2006-12-17,3.5791667,,218.26042
2006-12-18,3.58125,,223.92708
2006-12-19,3.5874999,,224.86458
2006-12-20,3.5708332,,224.34375
2006-12-21,3.5541666,,198.26042
2006-12-22,3.5357141,,210.39285
2006-12-23,3.5088236,,
2006-12-24,3.4958334,,
2006-12-25,3.5285714,,
2006-12-26,3.485294,,198.76471
2006-12-27,3.4895833,,183.64583
2006-12-28,3.49375,,194.65625
2006-12-29,3.48125,,221.22917
2006-12-30,3.4895833,,208.08333
2006-12-31,3.4785714,,193.54167
2007-01-01,3.5,,180.34375
2007-01-02,3.5177083,,183.44792
2007-01-03,3.4364583,,172.0
2007-01-04,3.1677082,,186.91176
2007-01-05,3.1510415,,181.39583
2007-01-06,3.1571429,,183.44792
2007-01-07,,,169.71428
2007-01-08,,,138.0
2007-01-09,,,158.10417
2007-01-10,,,178.5
2007-01-11,3.067647,,175.96428
2007-01-12,3.059375,,
2007-01-13,3.0821428,,
2007-01-16,,,176.80882
2007-01-17,,,188.5625
2007-01-18,,,216.14285
2007-01-21,3.0,,
2007-01-22,2.7857141,,205.29411
2007-01-23,2.7632353,,220.89285
2007-01-24,2.7479167,,
2007-01-25,2.7583332,,
2007-01-26,2.7645833,,
2007-01-27,2.815625,,
2007-01-28,2.9083333,,
2007-01-29,2.732143,,
2007-01-30,3.0367646,,
2007-01-31,3.0354166,,
2007-02-01,3.0385416,,
2007-02-02,3.05,,
2007-02-03,3.0235293,,
2007-02-04,3.0104167,,
2007-02-05,3.0833333,,
2007-02-06,3.046875,,
2007-02-07,3.0520833,,
2007-02-08,3.0416667,,
2007-02-09,3.0604167,,200.76471
2007-02-10,3.053125,,207.875
2007-02-11,3.0010417,,211.58333
2007-02-12,2.8416667,,227.6875
2007-02-13,3.0479167,,241.05208
2007-02-14,3.4677083,,241.48958
2007-02-15,3.4354167,,231.75
2007-02-16,2.9322917,,216.61458
2007-02-17,2.8958333,,203.20833
2007-02-18,2.9416666,,197.78125
2007-02-19,2.9937499,,186.53125
2007-02-20,3.0416665,,182.84375
2007-02-21,2.9583333,,189.97917
2007-02-22,2.965625,,189.64583
2007-02-23,2.9645834,,185.98958
2007-02-24,2.9541667,,196.33333
2007-02-25,2.965625,,191.47917
2007-02-26,3.0416667,,189.55208
2007-02-27,3.2,,180.03125
2007-02-28,3.271875,,182.60417
2007-03-01,3.2395833,,196.60417
2007-03-02,2.5573957,,190.79167
2007-03-03,1.8295833,,180.35417
2007-03-04,2.7083333,,162.96875
2007-03-05,3.1916666,,167.57292
2007-03-06,3.1166666,,177.80208
2007-03-07,3.0947917,,184.51042
2007-03-08,3.1062498,,202.21875
2007-03-09,3.1083333,,197.16667
2007-03-10,3.1041665,,222.60417
2007-03-11,3.1260417,,236.22917
2007-03-12,3.2041667,,257.60416
2007-03-13,3.3375,,271.89584
2007-03-14,3.3447917,,358.625
2007-03-15,3.3447917,,577.1042
2007-03-16,3.35,,886.9375
2007-03-17,3.3520834,,1230.5209
2007-03-18,3.3458333,,1427.3959
2007-03-19,3.3635416,,1624.6875
2007-03-20,3.359375,,1716.7709
2007-03-21,3.3614583,,1629.375
2007-03-22,3.3479166,,1654.8959
2007-03-23,3.3614583,,1436.875
2007-03-24,3.4104168,,1456.5625
2007-03-25,3.3791666,,1248.5416
2007-03-26,3.390625,,1192.9166
2007-03-27,3.328125,,1246.1459
2007-03-28,3.33125,,1340.9375
2007-03-29,3.309375,,1271.5625
2007-03-30,3.1208332,,982.5625
2007-03-31,3.1625,,891.9375
2007-04-01,3.1135416,,828.96875
2007-04-02,3.14375,,891.7083
2007-04-03,3.2666667,,924.94794
2007-04-04,4.03125,,915.42706
2007-04-05,3.9468749,,920.48956
2007-04-06,3.8645833,,929.3125
2007-04-07,3.85625,,927.6458
2007-04-08,3.8854167,,891.3542
2007-04-09,5.967708,,1030.7084
2007-04-10,3.6882813,,1414.7423
2007-04-11,4.121875,,1428.0209
2007-04-12,4.0739584,,1171.5625
2007-04-13,4.009375,,1015.9167
2007-04-14,3.3260417,,918.1042
2007-04-15,3.2604165,,801.8542
2007-04-16,3.278125,,760.4583
2007-04-17,3.26875,,740.57294
2007-04-18,3.203125,,700.7708
2007-04-19,3.221875,,660.94794
2007-04-20,3.2145834,,634.2083
2007-04-21,3.3739583,,614.76044
2007-04-22,3.3625,,615.46875
2007-04-23,3.403125,,636.15625
2007-04-24,3.4604168,,689.0208
2007-04-25,3.39375,,684.9167
2007-04-26,3.3958333,,
2007-04-27,3.4010417,,
2007-04-28,3.3979168,,659.31946
2007-04-29,3.4052083,,632.90625
2007-04-30,3.4895833,,674.42706
2007-05-01,3.4333334,,788.88544
2007-05-02,2.3041666,,890.07294
2007-05-03,2.2927084,,1116.3125
2007-05-04,3.8333333,,1149.375
2007-05-05,3.7833333,,1100.9375
2007-05-06,3.6916666,,1099.4791
2007-05-07,3.6354165,,1033.3438
2007-05-08,3.4645834,,1017.5208
2007-05-09,3.51875,,958.34375
2007-05-10,3.5333333,,868.5417
2007-05-11,3.7802083,,
2007-05-12,3.9468749,,
2007-05-13,3.1447916,,
2007-05-14,2.821875,,
2007-05-15,2.8333333,,
2007-05-16,3.7645833,,1312.5
2007-05-17,3.565625,,2508.5417
2007-05-18,3.975,,2721.9792
2007-05-19,5.5645833,,1960.7291
2007-05-20,9.640625,,1587.3959
2007-05-21,14.479167,,1471.4584
2007-05-22,21.385416,,1345.9375
2007-05-23,15.397917,,1314.1666
2007-05-24,5.34375,,1317.8125
2007-05-25,4.8770833,,1246.5385
2007-05-26,4.2958336,,1136.3541
2007-05-27,4.25625,,970.67706
2007-05-28,4.24375,,917.5625
2007-05-29,4.2541666,,919.94794
2007-05-30,4.2708335,,1014.63544
2007-05-31,4.2520833,,1032.0938
2007-06-01,4.2333336,,1088.8541
2007-06-02,4.241667,,1325.2084
2007-06-03,4.15,,1415.0
2007-06-04,4.1854167,,1424.0625
2007-06-05,4.2083335,,1424.4791
2007-06-06,4.229167,,1532.7084
2007-06-07,4.229167,,1424.5652
2007-06-08,4.1916666,,1170.8334
2007-06-09,4.1427083,,1055.1459
2007-06-10,4.1229167,,984.11456
2007-06-11,3.7229166,,887.9792
2007-06-12,3.6541667,,970.15625
2007-06-13,3.6270833,,1026.1979
2007-06-14,3.5895832,,885.86456
2007-06-15,3.59375,,808.6875
2007-06-16,3.5583334,,848.80206
2007-06-17,3.5604167,,1001.71875
2007-06-18,3.50625,,904.28125
2007-06-19,3.50625,,979.36456
2007-06-20,3.4239583,,879.0208
2007-06-21,3.35625,,814.59784
2007-06-22,3.3270833,,781.0625
2007-06-23,3.3177083,,656.13544
2007-06-24,3.3458333,,626.2708
2007-06-25,3.34375,,623.0625
2007-06-26,3.31875,,613.26044
2007-06-27,3.325,,565.40625
2007-06-28,3.3177083,,522.32294
2007-06-29,3.3114583,,502.8021
2007-06-30,3.3072917,,460.7396
2007-07-01,3.2854166,,424.84375
2007-07-02,3.2802083,,415.1354
2007-07-03,3.2822917,,390.4896
2007-07-04,3.25625,,370.84375
2007-07-05,3.2291665,,338.9684
2007-07-06,3.225,,327.77084
2007-07-07,3.2291665,,320.6875
2007-07-08,3.20625,,316.58334
2007-07-09,3.25,,285.2396
2007-07-10,3.2375,,272.79166
2007-07-11,3.2333333,,255.96875
2007-07-12,3.2677083,,244.8125
2007-07-13,3.2388887,,250.9375
2007-07-14,3.2145832,,261.2396
2007-07-15,3.2145832,,245.83333
2007-07-16,3.2104166,,232.0625
2007-07-17,3.2020833,,221.03125
2007-07-18,3.2364583,,209.0
2007-07-19,3.2229166,,196.20833
2007-07-20,3.20625,,184.45833
2007-07-21,3.20625,,199.04167
2007-07-22,3.2229166,,208.54167
2007-07-23,4.75125,,276.22916
2007-07-24,3.6229167,,288.8125
2007-07-25,3.2124999,,281.3854
2007-07-26,1.8508333,,281.6354
2007-07-27,3.1895833,,326.8021
2007-07-28,3.1666665,,323.0104
2007-07-29,3.2020833,,411.90625
2007-07-30,3.1958332,,569.375
2007-07-31,3.225,,432.125
2007-08-01,3.2645833,,322.53262
2007-08-02,3.29375,,297.71875
2007-08-03,3.31875,,306.16666
2007-08-04,3.3458333,,317.34375
2007-08-05,3.3447917,,436.60416
2007-08-06,3.3239584,,488.3021
2007-08-07,3.0375,,803.5833
2007-08-08,2.9760416,,678.3125
2007-08-09,3.35625,,509.1875
2007-08-10,3.8270833,,388.60416
2007-08-11,3.7708333,,323.5625
2007-08-12,3.73125,,283.5625
2007-08-13,3.6895833,,256.4479
2007-08-14,3.6708333,,231.98958
2007-08-15,3.6520832,,225.91667
2007-08-16,3.428125,,236.4375
2007-08-17,3.3822918,,257.125
2007-08-18,3.5875,,244.60417
2007-08-19,3.7760415,,216.875
2007-08-20,3.7520833,,211.13542
2007-08-21,3.7458332,,177.52083
2007-08-22,3.7395833,,151.20833
2007-08-23,3.69375,,148.03125
2007-08-24,3.6687498,,130.32292
2007-08-25,3.6354165,,120.552086
2007-08-26,3.6458333,,121.708336
2007-08-27,3.6854167,,133.86458
2007-08-28,3.6916666,,127.666664
2007-08-29,3.6166666,,278.77084
2007-08-30,3.0416665,,206.4375
2007-08-31,3.028125,,151.01042
2007-09-01,3.0010417,,133.22917
2007-09-02,2.7583332,,131.67708
2007-09-03,2.1135416,,137.9375
2007-09-04,11.297916,,132.59375
2007-09-05,3.1614583,,122.1875
2007-09-06,3.178125,,142.45833
2007-09-07,3.490625,,151.41667
2007-09-08,3.3864584,,128.36458
2007-09-09,3.3708334,,119.083336
2007-09-10,3.3645835,,117.0625
2007-09-11,3.35625,,111.520836
2007-09-12,3.315625,,107.96875
2007-09-13,3.23125,,101.572914
2007-09-14,3.175,,100.979164
2007-09-15,3.1708333,,103.052086
2007-09-16,3.1989582,,99.4375
2007-09-17,6.4890623,,246.47917
2007-09-18,3.5145833,,915.2917
2007-09-19,3.5135417,,563.38544
2007-09-20,3.4635417,,345.3021
2007-09-21,3.509375,,219.25
2007-09-22,3.5052083,,175.20833
2007-09-23,33.7375,,386.83334
2007-09-24,11.215625,,1577.3438
2007-09-25,4.4583335,,1271.2709
2007-09-26,4.4,,547.5833
2007-09-27,4.2770834,,355.96875
2007-09-28,4.1927085,,295.65625
2007-09-29,4.1104164,,246.48958
2007-09-30,4.1979165,,213.79167
2007-10-01,4.2116666,,204.54167
2007-10-02,4.200208,,209.27083
2007-10-03,4.0608335,,620.88544
2007-10-04,3.770729,,383.59375
2007-10-05,3.3920834,,300.79166
2007-10-06,3.41125,,422.90625
2007-10-07,3.2311459,,357.21875
2007-10-08,3.0178125,,354.9896
2007-10-09,3.0153124,,283.58334
2007-10-10,3.3945832,,257.6875
2007-10-11,3.0140626,,236.3125
2007-10-12,2.415625,,217.83333
2007-10-13,2.3782291,,205.70833
2007-10-14,4.223854,,214.91667
2007-10-15,3.74625,,197.89583
2007-10-16,3.3773959,,189.85417
2007-10-17,3.5826042,,195.66667
2007-10-18,4.311875,,200.95833
2007-10-19,3.682604,,194.01042
2007-10-20,3.6294792,,188.16667
2007-10-21,3.4925,,195.8125
2007-10-22,3.1190627,,212.20833
2007-10-23,3.4140625,,204.25
2007-10-24,3.9758334,,192.38542
2007-10-25,3.4655209,,211.25
2007-10-26,3.3623958,,221.59375
2007-10-27,3.4145834,,222.72917
2007-10-28,3.5114584,,215.75
2007-10-29,3.5410416,,211.625
2007-10-30,3.5080209,,201.75
2007-10-31,3.47875,,196.33333
2007-11-01,3.230729,,203.45833
2007-11-02,3.164375,,201.625
2007-11-03,3.1440625,,199.20833
2007-11-04,3.2452083,,199.29167
2007-11-05,3.151875,,192.30208
2007-11-06,3.3646874,,177.78261
2007-11-07,3.6914582,,175.27083
2007-11-08,3.663125,,181.91667
2007-11-09,3.4952083,,176.47917
2007-11-10,3.1802084,,172.375
2007-11-11,3.1036458,,165.83333
2007-11-12,3.0596876,,173.63542
2007-11-13,3.3182292,,166.91667
2007-11-14,3.9245834,,164.61458
2007-11-15,3.827396,,155.21875
2007-11-16,3.5427084,,128.42708
2007-11-17,3.5147917,,121.291664
2007-11-18,3.4970834,,125.677086
2007-11-19,3.5049999,,125.895836
2007-11-20,3.6136458,,128.94792
2007-11-21,3.5958333,,132.26042
2007-11-22,3.4858334,,131.53125
2007-11-23,3.5445833,,154.90625
2007-11-24,3.4645555,,150.625
2007-11-25,3.259468,,139.3125
2007-11-26,3.2491667,,143.0625
2007-11-27,3.23,,139.32292
2007-11-28,3.294375,,138.08333
2007-11-29,3.2113543,,140.17708
2007-11-30,3.2982142,,115.25
2007-12-01,2.0780883,,
2007-12-02,2.2228124,,
2007-12-03,2.4236457,,
2007-12-04,3.205,,
2007-12-05,3.1940625,,
2007-12-06,3.1675,,
2007-12-07,3.1010418,,
2007-12-08,3.34,,
2007-12-09,3.335,,
2007-12-10,3.33,,
2007-12-11,3.2475,,
2007-12-12,3.205,,
2007-12-13,2.944706,,
2007-12-14,3.049643,,
2007-12-19,2.8313234,,
2007-12-20,2.7497916,,
2007-12-21,2.6579168,,
2007-12-22,2.425521,,
2007-12-23,2.4889584,,
2007-12-24,2.4060714,,
2007-12-25,3.4532354,,
2007-12-26,3.4228573,,
2007-12-30,3.4236765,,
2007-12-31,3.4057143,,
2008-01-02,,,150.73529
2008-01-03,,,110.38646
2008-01-04,3.3930883,,145.85715
2008-01-05,3.3469791,,
2008-01-06,3.335,,
2008-01-07,3.2691667,,
2008-01-08,3.2753124,,
2008-01-09,3.2816668,,
2008-01-10,3.1778126,,
2008-01-11,3.2317858,,
2008-01-12,3.2483823,,
2008-01-13,3.2159376,,
2008-01-14,3.2103572,,
2008-01-21,2.412794,,
2008-01-22,2.20625,,
2008-01-23,2.09625,,
2008-01-24,2.03375,,
2008-01-25,1.9906249,,
2008-01-26,1.9725,,
2008-01-27,1.9195833,,
2008-01-28,2.1114583,,
2008-01-29,2.68,,
2008-01-30,2.5489705,,
2008-01-31,2.58,,
2008-02-01,2.6179411,,
2008-02-02,2.64625,,
2008-02-03,2.6316667,,
2008-02-04,2.6535418,,
2008-02-05,2.63,,
2008-02-07,2.4780884,,
2008-02-08,2.46875,,
2008-02-09,2.4470835,,
2008-02-10,2.4227085,,
2008-02-11,2.475914,,
2008-02-12,2.5080209,,
2008-02-13,2.5161457,,
2008-02-14,2.5082293,,
2008-02-15,2.6295834,,
2008-02-16,2.9284375,,
2008-02-17,2.945625,,
2008-02-18,2.92375,,
2008-02-19,2.9425,,
2008-02-20,2.9565625,,
2008-02-21,2.96125,,
2008-02-22,2.94875,,
2008-02-23,2.94875,,
2008-02-24,2.945625,,
2008-02-25,2.970625,,
2008-02-26,2.9628124,,
2008-02-27,2.9425,,
2008-02-28,2.9753125,,
2008-02-29,2.983125,,
2008-03-01,2.9753125,,
2008-03-02,2.98,,
2008-03-03,2.908229,,
2008-03-04,2.9534376,,
2008-03-05,2.970625,,262.25
2008-03-06,2.94875,,244.40625
2008-03-07,2.8897917,,236.12903
2008-03-08,2.8799999,,224.77083
2008-03-09,2.8878124,,220.65625
2008-03-10,2.8799999,,232.54167
2008-03-11,2.8553123,,244.10417
2008-03-12,2.876875,,233.53125
2008-03-13,2.8815625,,235.29167
2008-03-14,2.876875,,255.83333
2008-03-15,2.861354,,302.3646
2008-03-16,2.8386457,,307.02084
2008-03-17,2.829375,,290.95834
2008-03-18,2.84625,,279.9896
2008-03-19,2.8909376,,271.35416
2008-03-20,2.9753125,,261.1979
2008-03-21,2.9268749,,227.52083
2008-03-22,2.955,,238.41667
2008-03-23,2.9425,,253.6875
2008-03-24,2.9503126,,285.0
2008-03-25,2.955,,305.90625
2008-03-26,2.98625,,346.875
2008-03-27,2.9971876,,566.5
2008-03-28,3.005,,1099.6146
2008-03-29,3.01125,,1715.4166
2008-03-30,2.99875,,
2008-03-31,3.0331252,,
2008-04-01,2.986354,,
2008-04-02,2.8480208,,1817.3611
2008-04-03,2.8846874,,1819.8959
2008-04-04,2.8605208,,2103.6458
2008-04-05,2.8021874,,2035.3125
2008-04-06,2.880104,,2160.9375
2008-04-07,2.9019792,,1989.4791
2008-04-08,2.88625,,1879.0625
2008-04-09,2.8941667,,1965.9375
2008-04-10,2.9503126,,2173.8542
2008-04-11,2.8988543,,1886.9791
2008-04-12,2.8504167,,1621.9791
2008-04-13,2.8878124,,1490.625
2008-04-14,2.93,,1602.2916
2008-04-15,2.981875,,2188.0208
2008-04-16,2.9725,,2808.2292
2008-04-17,2.8526042,,2958.5417
2008-04-18,2.956771,,2157.2917
2008-04-19,2.7565625,,2014.1666
2008-04-20,1.6858333,,2893.125
2008-04-21,2.1383333,,3676.1458
2008-04-22,3.9008334,,3560.5208
2008-04-23,,,3312.3958
2008-04-24,,,3443.0208
2008-04-25,0.92472225,,3213.0208
2008-04-26,0.96510416,,2916.9792
2008-04-27,0.63458335,,2808.4375
2008-04-28,0.6680435,,2730.1042
2008-04-29,0.81822914,,2845.0
2008-04-30,1.79,,3049.2708
2008-05-01,2.250421,,2884.1667
2008-05-02,3.6861458,,2554.2708
2008-05-03,3.575,,2155.7292
2008-05-04,3.5210416,,2161.6667
2008-05-05,3.5486457,,2269.6875
2008-05-06,3.5339582,,2366.5625
2008-05-07,3.3523958,,2519.0625
2008-05-08,2.5011828,,2577.3958
2008-05-09,2.4847918,,2947.5
2008-05-10,3.9625,,2801.0417
2008-05-11,3.6968749,,2761.5625
2008-05-12,3.3825,,2860.5208
2008-05-13,4.616667,,2879.5833
2008-05-14,4.426875,,2767.7083
2008-05-15,4.3421874,,2475.3125
2008-05-16,4.3395834,,2673.125
2008-05-17,3.66125,,3004.7917
2008-05-18,9.3307295,,3386.7708
2008-05-19,13.244896,,3676.6667
2008-05-20,4.5346875,,3899.5833
2008-05-21,9.758333,,4127.2915
2008-05-22,,,4599.0625
2008-05-23,6.9780555,,4398.75
2008-05-24,6.4908333,,3935.4167
2008-05-25,6.264896,,3498.4375
2008-05-26,6.0470834,,3028.125
2008-05-27,5.903333,,2738.75
2008-05-28,5.9296875,,2426.7708
2008-05-29,6.2390623,,2026.7709
2008-05-30,6.236146,,2013.3334
2008-05-31,5.7182293,,2066.3542
2008-06-01,5.725521,,2138.75
2008-06-02,5.6208334,,2294.375
2008-06-03,4.7740626,,2495.1042
2008-06-04,4.00375,,2598.8542
2008-06-05,4.0273957,,2694.1667
2008-06-06,4.1001043,,2346.6667
2008-06-07,4.6833334,,1868.8541
2008-06-08,4.374375,,1742.9166
2008-06-09,3.7790625,,2021.9791
2008-06-10,4.479271,,1963.0209
2008-06-11,4.4427085,,1932.2916
2008-06-12,4.093125,,2279.6875
2008-06-13,4.2847915,,2005.2084
2008-06-14,4.4308333,,1867.1875
2008-06-15,4.263125,,1765.7291
2008-06-16,4.1731253,,1707.5
2008-06-17,3.9991667,,1869.0625
2008-06-18,3.6833334,,2176.6667
2008-06-19,3.6694791,,2525.4167
2008-06-20,3.7641666,,2574.4792
2008-06-21,4.59125,,2292.2917
2008-06-22,4.6541667,,1946.9791
2008-06-23,4.6147914,,1934.0625
2008-06-24,4.6916666,,1844.7916
2008-06-25,4.5689583,,1625.9375
2008-06-26,4.4134374,,1515.7291
2008-06-27,4.6520834,,1460.0
2008-06-28,4.6292706,,
2008-06-29,4.625,,
2008-06-30,4.612604,,
2008-07-01,4.6375,,
2008-07-02,4.577396,,921.9722
2008-07-03,4.5898957,,846.875
2008-07-04,4.587604,,858.8806
2008-07-05,4.528229,,798.82025
2008-07-06,4.510104,,718.625
2008-07-07,4.49,,689.0
2008-07-08,4.4413543,,684.05615
2008-07-09,4.423021,,651.9239
2008-07-10,4.4270835,,565.0833
2008-07-11,4.4351044,,
2008-07-12,4.4529166,,
2008-07-13,4.41125,,
2008-07-14,4.4314585,,
2008-07-15,4.3970833,,
2008-07-16,4.3795834,,
2008-07-17,4.393646,,
2008-07-18,4.3446875,,
2008-07-19,4.286875,,506.4861
2008-07-20,4.2753124,,446.89584
2008-07-21,4.2408333,,407.52084
2008-07-22,4.2200003,,419.02084
2008-07-23,4.218125,,426.7604
2008-07-24,4.210625,,461.3646
2008-07-25,4.17875,,539.9167
2008-07-26,4.2125,,532.2292
2008-07-27,4.180625,,524.25
2008-07-28,4.1675,,717.7917
2008-07-29,4.145,,601.46875
2008-07-30,4.1225,,470.75
2008-07-31,4.1150002,,395.4375
2008-08-01,4.071875,,341.46875
2008-08-02,4.0625,,313.0
2008-08-03,4.05875,,289.8854
2008-08-04,4.08125,,279.6771
2008-08-05,4.07,,262.28125
2008-08-06,6.6589584,,250.39583
2008-08-07,5.838854,,329.3646
2008-08-08,4.78125,,455.58334
2008-08-09,5.6815624,,
2008-08-10,2.9161458,,661.1667
2008-08-11,3.4323957,,675.8333
2008-08-12,3.6277082,,475.8854
2008-08-13,4.15875,,372.14584
2008-08-14,5.312396,,329.03125
2008-08-15,5.3416667,,289.65625
2008-08-16,5.3965626,,261.4896
2008-08-17,5.43375,,242.45833
2008-08-18,5.440313,,228.55208
2008-08-19,5.4031253,,211.25
2008-08-20,4.121979,,202.83333
2008-08-21,3.3266666,,179.19792
2008-08-22,4.1243753,,176.70833
2008-08-23,4.09625,,174.39583
2008-08-24,4.083125,,156.69792
2008-08-25,4.0550003,,157.39583
2008-08-26,4.055938,,152.58333
2008-08-27,3.9434376,,
2008-08-28,3.9361458,,158.52777
2008-08-29,3.9272916,,171.96875
2008-08-30,3.9288542,,195.20833
2008-08-31,3.9382293,,168.54167
2008-09-01,3.935,,
2008-09-02,3.9092708,,157.86111
2008-09-03,3.9039583,,195.44792
2008-09-04,3.8952084,,191.375
2008-09-05,3.8791666,,169.55208
2008-09-06,3.9021876,,160.69792
2008-09-07,3.9383333,,153.96875
2008-09-08,3.961875,,151.25
2008-09-09,3.925521,,
2008-09-10,3.8089583,,128.80556
2008-09-11,2.4983335,,126.864586
2008-09-12,3.2426043,,134.30208
2008-09-13,3.2190626,,135.46875
2008-09-14,3.2065625,,153.64583
2008-09-15,3.145625,,170.85417
2008-09-16,3.1253126,,154.02083
2008-09-17,3.1378126,,144.15625
2008-09-18,3.1378126,,134.75
2008-09-19,3.1268752,,125.46875
2008-09-20,3.1268752,,108.895836
2008-09-21,3.1253126,,106.260414
2008-09-22,3.058646,,101.45
2008-09-23,2.7454166,,98.03854
2008-09-24,2.7658334,,92.489586
2008-09-25,2.7629166,,87.75
2008-09-26,2.68125,,86.74271
2008-09-27,2.5953126,,87.52187
2008-09-28,2.543229,,89.38854
2008-09-29,2.510729,,88.981255
2008-09-30,2.4132292,,99.697914
2008-10-01,2.489271,,96.48021
2008-10-02,3.1154168,,90.020836
2008-10-03,4.1578126,,85.412506
2008-10-04,2.93,,85.808334
2008-10-05,3.03625,,95.484375
2008-10-06,2.9669793,,119.458336
2008-10-07,2.9314582,,194.625
2008-10-08,2.8992708,,216.33333
2008-10-09,3.0080209,,211.5
2008-10-10,3.2420833,,176.13542
2008-10-11,3.2585416,,161.52083
2008-10-12,3.1744792,,148.4375
2008-10-13,3.176771,,142.40625
2008-10-14,3.2047918,,153.25
2008-10-15,3.2484374,,152.97917
2008-10-16,3.2458334,,149.89583
2008-10-17,3.236875,,155.6875
2008-10-18,3.239271,,162.57292
2008-10-19,3.25375,,162.23958
2008-10-20,3.1183333,,160.55208
2008-10-21,3.0076041,,161.36458
2008-10-22,2.8596876,,160.14583
2008-10-23,3.28875,,162.30208
2008-10-24,4.1027083,,161.21875
2008-10-25,3.743125,,156.14583
2008-10-26,3.6283333,,155.98958
2008-10-27,3.5145833,,159.61458
2008-10-28,3.5403125,,152.05208
2008-10-29,3.565,,148.32292
2008-10-30,3.5183332,,151.27083
2008-10-31,3.4654167,,154.39583
2008-11-01,3.44375,,152.14583
2008-11-02,3.4721875,,153.625
2008-11-03,3.4464583,,152.67708
2008-11-04,3.46,,148.47917
2008-11-05,3.5114584,,149.32292
2008-11-06,3.4025264,,155.97917
2008-11-07,2.8165262,,160.27083
2008-11-08,2.8467708,,155.38542
2008-11-09,2.78875,,148.02083
2008-11-10,2.61,,160.35417
2008-11-11,2.228125,,163.59375
2008-11-12,2.202604,,162.22917
2008-11-13,3.090625,,165.9375
2008-11-14,3.173125,,160.65625
2008-11-15,3.4478126,,158.54167
2008-11-16,3.4116666,,159.08333
2008-11-17,3.3147917,,156.53125
2008-11-18,3.0989583,,150.58333
2008-11-19,3.0783334,,151.78125
2008-11-20,3.0858333,,152.78125
2008-11-21,3.0782292,,149.17708
2008-11-22,3.0523958,,128.25
2008-11-23,3.0496874,,116.229164
2008-11-24,3.1251042,,110.59375
2008-11-25,3.1422915,,110.458336
2008-11-26,3.0795834,,114.104164
2008-11-27,3.1095834,,116.708336
2008-11-28,3.126875,,168.76042
2008-11-29,3.1185417,,181.22917
2008-11-30,3.083229,,178.03125
2008-12-01,3.06,,163.52689
2008-12-02,3.0655208,,156.5
2008-12-03,3.0796876,,151.8125
2008-12-04,3.044896,,150.875
2008-12-05,3.0283334,,150.3125
2008-12-06,3.0646875,,147.4375
2008-12-07,3.1722918,,144.84375
2008-12-08,3.1585417,,139.70833
2008-12-09,3.1517708,,152.6875
2008-12-10,3.0939584,,169.04167
2008-12-11,3.1346874,,160.5625
2008-12-12,3.1309376,,147.21428
2008-12-13,3.1407292,,
2008-12-14,2.9792857,,
2008-12-16,2.7969117,,
2008-12-17,2.776354,,
2008-12-18,2.7571874,,
2008-12-19,2.7128124,,
2008-12-20,2.787604,,
2008-12-21,2.7771428,,
2008-12-22,2.7761765,,
2008-12-23,2.7567708,,
2008-12-24,2.7771428,,
2008-12-25,2.6183822,,
2008-12-26,2.6142707,,
2008-12-27,2.6160712,,
2009-01-02,2.214706,,
2009-01-03,2.1822917,,
2009-01-04,2.2285714,,
2009-01-07,2.1238234,,
2009-01-08,2.0960417,,
2009-01-09,2.0970833,,
2009-01-10,2.0879166,,
2009-01-11,2.0947917,,
2009-01-12,2.0814583,,
2009-01-13,2.0785415,,
2009-01-14,2.058854,,
2009-01-15,2.0774999,,
2009-01-16,2.068125,,
2009-01-17,2.0766666,,
2009-01-18,2.0690625,,
2009-01-19,2.0625,,
2009-01-20,2.0596874,,
2009-01-21,2.2398958,,
2009-01-22,4.2577085,,
2009-01-23,3.7022917,,
2009-01-24,3.7095833,,
2009-01-25,3.6804166,,
2009-01-26,3.6789584,,
2009-01-27,3.6663542,,
2009-01-28,3.558854,,
2009-01-29,3.6703572,,
2009-01-30,3.6407351,,
2009-01-31,3.6240625,,
2009-02-01,3.6703124,,
2009-02-02,3.6005208,,
2009-02-03,3.5880208,,
2009-02-04,3.5821874,,
2009-02-05,3.5686457,,
2009-02-06,3.4241667,,
2009-02-07,3.0898957,,
2009-02-08,3.084643,,
2009-02-09,2.9635293,,192.47058
2009-02-10,2.8433332,,178.38542
2009-02-11,3.1714582,,168.625
2009-02-12,3.9108334,,165.98958
2009-02-13,3.9283333,,160.53125
2009-02-14,3.856875,,158.36458
2009-02-15,3.8554165,,160.52083
2009-02-16,3.804375,,152.875
2009-02-17,3.8189583,,150.25
2009-02-18,3.813125,,152.15625
2009-02-19,3.8102083,,161.875
2009-02-20,3.8072915,,157.65625
2009-02-21,3.8291667,,153.72917
2009-02-22,3.8014584,,149.40625
2009-02-23,3.804375,,152.70833
2009-02-24,3.8335416,,167.15625
2009-02-25,3.8262498,,183.73958
2009-02-26,3.8364582,,204.58333
2009-02-27,3.8233333,,201.91667
2009-02-28,3.67625,,196.59375
2009-03-01,3.7965624,,189.95833
2009-03-02,3.8189583,,186.98958
2009-03-03,3.8422916,,196.08333
2009-03-04,3.8422916,,198.0
2009-03-05,3.8174999,,204.41667
2009-03-06,3.795625,,213.95833
2009-03-07,3.8189583,,223.28125
2009-03-08,3.716979,,220.14583
2009-03-09,3.7475,,211.625
2009-03-10,3.5578125,,189.89583
2009-03-11,3.2047915,,194.61458
2009-03-12,3.08375,,197.23958
2009-03-13,2.8502083,,180.39583
2009-03-14,2.7504165,,184.58333
2009-03-15,2.6973958,,178.02083
2009-03-16,2.6658332,,174.125
2009-03-17,2.6383333,,158.15625
2009-03-18,2.660104,,133.28125
2009-03-19,2.5867708,,141.03125
2009-03-20,2.5695832,,164.34375
2009-03-21,2.577604,,198.0
2009-03-22,2.5561457,,277.85416
2009-03-23,2.5584373,,374.27084
2009-03-24,2.4878125,,445.8229
2009-03-25,2.470729,,430.0104
2009-03-26,2.4620833,,369.5729
2009-03-27,2.4472916,,325.4382
2009-03-28,2.4502084,,304.875
2009-03-29,2.484896,,
2009-03-30,2.4316666,,
2009-03-31,2.4083333,,
2009-04-01,2.15875,,295.09723
2009-04-02,1.7221875,,294.4896
2009-04-03,2.3108332,,286.8125
2009-04-04,2.2229166,,270.1875
2009-04-05,2.0015624,,292.72916
2009-04-06,2.5011458,,277.9375
2009-04-07,2.511979,,261.95834
2009-04-08,2.5791667,,287.6771
2009-04-09,3.1372917,,373.25
2009-04-10,3.1134374,,684.2292
2009-04-11,3.1707292,,652.82294
2009-04-12,3.14875,,771.6042
2009-04-13,3.118854,,650.0833
2009-04-14,3.0986457,,644.09375
2009-04-15,3.0229166,,824.3958
2009-04-16,2.989479,,876.30206
2009-04-17,2.8672917,,912.6458
2009-04-18,2.8322916,,740.34375
2009-04-19,2.8719792,,665.28125
2009-04-20,2.7066667,,782.4583
2009-04-21,2.4537501,,957.76044
2009-04-22,2.23625,,1261.5625
2009-04-23,2.35375,,1590.5555
2009-04-24,2.2476041,,1681.7205
2009-04-25,4.083125,,1728.4615
2009-04-26,3.3045833,,1690.0
2009-04-27,1.710625,,1468.2609
2009-04-28,2.7311459,,1263.6666
2009-04-29,2.8102083,,1242.5275
2009-04-30,3.276354,,1169.2391
2009-05-01,4.7990627,,1359.2709
2009-05-02,3.9153125,,1463.75
2009-05-03,2.9385417,,1770.2084
2009-05-04,3.065625,,1756.9791
2009-05-05,3.3515625,,1597.3033
2009-05-06,4.104896,,1449.7701
2009-05-07,2.5409374,,1375.5421
2009-05-08,3.538646,,1453.7646
2009-05-09,3.3923957,,1636.5432
2009-05-10,2.9217708,,1691.0526
2009-05-11,3.3379166,,1673.117
2009-05-12,3.1625,,1789.875
2009-05-13,2.8087502,,1930.241
2009-05-14,4.071146,,2447.2222
2009-05-15,3.7970834,,3422.0896
2009-05-16,3.7081249,,3053.3784
2009-05-17,3.7205207,,3321.3635
2009-05-18,3.6761458,,3380.1316
2009-05-19,3.6573958,,3247.6562
2009-05-20,3.4911458,,2782.9033
2009-05-21,2.8339584,,2663.1482
2009-05-22,1.9220834,,2530.5881
2009-05-23,5.0490627,,2475.3333
2009-05-24,28.4975,,2448.3928
2009-05-25,3.3209374,,2718.889
2009-05-26,1.4380208,,2931.8867
2009-05-27,3.0691667,,2939.8572
2009-05-28,2.5296874,,2058.5417
2009-05-29,2.16875,,1700.8334
2009-05-30,0.14,,1521.1459
2009-05-31,0.14041667,,1473.5416
2009-06-01,1.0755209,,1418.421
2009-06-02,2.6303124,,1292.7084
2009-06-03,2.4782293,,1142.8125
2009-06-04,2.7827084,,1001.4583
2009-06-05,3.5564582,,866.2708
2009-06-06,3.6441667,,880.32294
2009-06-07,3.6672916,,861.65625
2009-06-08,3.390625,,801.2708
2009-06-09,3.3814583,,718.03125
2009-06-10,3.3814583,,689.6042
2009-06-11,3.1083333,,648.71875
2009-06-12,2.6303124,,630.55206
2009-06-13,2.6073956,,555.53125
2009-06-14,2.5852084,,494.7604
2009-06-15,3.8733335,,500.47916
2009-06-16,3.4965625,,488.3229
2009-06-17,3.469479,,476.47916
2009-06-18,3.5141666,,514.03125
2009-06-19,3.4979167,,545.92706
2009-06-20,3.412604,,552.34375
2009-06-21,3.4234376,,654.3958
2009-06-22,3.442396,,640.70966
2009-06-23,3.4478126,,584.6774
2009-06-24,3.279375,,644.2632
2009-06-25,3.1814582,,631.5326
2009-06-26,5.9952083,,844.86456
2009-06-27,5.485104,,1320.7396
2009-06-28,2.9286458,,1337.0834
2009-06-29,2.8878124,,1006.0417
2009-06-30,3.2128124,,826.76044
2009-07-01,3.5430207,,715.34375
2009-07-02,3.484375,,651.3125
2009-07-03,3.4139583,,586.15625
2009-07-04,3.2917707,,566.2917
2009-07-05,3.1784375,,557.69794
2009-07-06,3.9441667,,497.1146
2009-07-07,3.9210417,,459.53125
2009-07-08,3.6833334,,406.3229
2009-07-09,3.6672916,,374.14584
2009-07-10,3.654271,,356.4271
2009-07-11,3.5771875,,329.40625
2009-07-12,3.5615625,,321.47916
2009-07-13,3.5521874,,328.8021
2009-07-14,3.5128124,,320.9375
2009-07-15,3.5046875,,316.85416
2009-07-16,3.5222917,,288.58334
2009-07-17,3.5304167,,272.10416
2009-07-18,3.5195832,,229.11458
2009-07-19,3.533125,,210.625
2009-07-20,3.5290625,,199.04167
2009-07-21,3.516875,,190.63542
2009-07-22,3.4830208,,171.55208
2009-07-23,3.4572916,,160.45833
2009-07-24,3.4870834,,165.375
2009-07-25,3.5073957,,150.03125
2009-07-26,3.4884374,,135.86458
2009-07-27,3.4735417,,169.46875
2009-07-28,3.624271,,219.55208
2009-07-29,3.7066667,,233.26042
2009-07-30,3.6672916,,171.20833
2009-07-31,3.6322916,,146.09375
2009-08-01,3.5498958,,139.34375
2009-08-02,3.451875,,133.5
2009-08-03,3.451875,,131.97917
2009-08-04,3.4302084,,116.58064
2009-08-05,3.403125,,106.33542
2009-08-06,3.4058332,,101.26666
2009-08-07,3.4017708,,96.95555
2009-08-08,3.4139583,,93.25208
2009-08-09,3.4071875,,92.44375
2009-08-10,3.3936458,,89.47604
2009-08-11,3.3719792,,89.29167
2009-08-12,3.3409374,,81.79062
2009-08-13,3.3372917,,76.19896
2009-08-14,3.3413541,,74.561455
2009-08-15,3.3448958,,76.476036
2009-08-16,3.317604,,83.67291
2009-08-17,3.6252084,,99.05417
2009-08-18,4.1708336,,90.30521
2009-08-19,4.015521,,82.697914
2009-08-20,3.54125,,73.472916
2009-08-21,3.8789582,,69.54583
2009-08-22,3.73,,67.45416
2009-08-23,3.725625,,65.95729
2009-08-24,3.4440625,,65.21042
2009-08-25,3.370625,,61.415627
2009-08-26,3.354479,,62.584373
2009-08-27,3.4342709,,118.36354
2009-08-28,3.4071875,,99.364586
2009-08-29,3.4044793,,82.66563
2009-08-30,3.4112499,,75.61354
2009-08-31,3.4166667,,73.37396
2009-09-01,3.4004166,,69.83229
2009-09-02,3.3709373,,68.61458
2009-09-03,3.3572917,,67.66562
2009-09-04,3.3526042,,66.70416
2009-09-05,3.3680208,,64.89896
2009-09-06,3.3855207,,67.43021
2009-09-07,3.4044793,,70.49479
2009-09-08,3.3977084,,81.0
2009-09-09,3.412604,,80.30729
2009-09-10,3.4220834,,79.316666
2009-09-11,3.4220834,,74.64271
2009-09-12,3.4288542,,71.13229
2009-09-13,3.4342709,,79.4375
2009-09-14,3.4640625,,77.02604
2009-09-15,21.580833,,95.07604
2009-09-16,2.8492708,,85.958336
2009-09-17,3.3109374,,74.83646
2009-09-18,3.3059375,,70.907295
2009-09-19,3.2958333,,82.18958
2009-09-20,3.29,,127.77187
2009-09-21,3.2866666,,136.03125
2009-09-22,3.2866666,,137.51042
2009-09-23,3.28,,127.354164
2009-09-24,3.3016667,,112.979164
2009-09-25,3.2875,,105.0625
2009-09-26,3.2908332,,100.63646
2009-09-27,3.2916665,,98.20104
2009-09-28,3.29,,93.16875
2009-09-29,3.2916665,,89.35208
2009-09-30,3.3274999,,84.0125
2009-10-01,3.3572917,,75.85
2009-10-02,2.8358333,,71.69271
2009-10-03,2.7641666,,73.808334
2009-10-04,2.671146,,89.63333
2009-10-05,2.823229,,118.04479
2009-10-06,3.4115624,,136.15625
2009-10-07,3.3815625,,138.0
2009-10-08,3.2802083,,136.96875
2009-10-09,3.1491666,,131.5625
2009-10-10,3.1566668,,131.0
2009-10-11,3.165,,128.89583
2009-10-12,3.0791667,,125.541664
2009-10-13,3.029479,,117.302086
2009-10-14,2.9717708,,114.46875
2009-10-15,2.8125,,115.989586
2009-10-16,2.8433332,,128.39583
2009-10-17,3.055104,,130.59375
2009-10-18,2.9307292,,129.33333
2009-10-19,2.8807292,,129.70833
2009-10-20,6.3796873,,133.5
2009-10-21,4.2385416,,136.96875
2009-10-22,4.0733337,,140.46875
2009-10-23,3.2568057,,133.3125
2009-10-24,3.2591667,,133.5
2009-10-25,3.1708333,,134.5625
2009-10-26,3.2501042,,131.46875
2009-10-27,3.5033333,,130.91667
2009-10-28,3.4497917,,137.25
2009-10-29,3.4473958,,137.1875
2009-10-30,3.448021,,155.90625
2009-10-31,3.3982291,,148.09375
2009-11-01,3.3604167,,140.1875
2009-11-02,3.2983332,,146.3125
2009-11-03,3.3126042,,146.3125
2009-11-04,3.3016667,,145.0625
2009-11-05,3.21,,145.25
2009-11-06,3.0891666,,144.59375
2009-11-07,3.0725,,142.21875
2009-11-08,3.0658333,,140.78125
2009-11-09,2.9910417,,139.46875
2009-11-10,3.0779166,,137.78125
2009-11-11,3.3142707,,134.9375
2009-11-12,3.3033333,,135.21875
2009-11-13,3.3033333,,133.96875
2009-11-14,3.2958333,,137.03125
2009-11-15,3.2810416,,159.40625
2009-11-16,3.218,,156.92708
2009-11-17,3.1883333,,152.55208
2009-11-18,3.2083335,,141.03125
2009-11-19,3.1925,,126.375
2009-11-20,3.1783333,,137.625
2009-11-21,3.1566668,,136.29167
2009-11-22,3.1758335,,127.083336
2009-11-23,3.1341667,,124.0
2009-11-24,3.1025,,106.86875
2009-11-25,3.1066666,,103.75
2009-11-26,3.1258333,,104.770836
2009-11-27,3.1308334,,98.53958
2009-11-28,3.1316667,,112.26875
2009-11-29,3.1283333,,124.927086
2009-11-30,3.1266665,,134.44792
2009-12-01,3.1325,,147.42857
2009-12-02,3.1758332,,125.92647
2009-12-03,3.52,,120.89286
2009-12-06,3.4482353,,
2009-12-07,3.4172916,,
2009-12-08,3.4333708,,
2009-12-09,3.2317858,,
2009-12-12,3.4025,,
2009-12-13,3.15,,
2009-12-14,3.0583334,,
2009-12-15,3.024375,,
2009-12-16,3.029271,,
2009-12-17,3.0204167,,
2009-12-18,3.0161457,,
2009-12-19,3.0160713,,
2009-12-21,2.8894117,,
2009-12-22,2.9008334,,
2009-12-23,2.8858333,,
2009-12-24,2.877143,,
2009-12-30,2.8364706,,
2009-12-31,2.8358333,,
2010-01-01,2.8391666,,
2010-01-02,2.8266666,,
2010-01-03,2.8342857,,
2010-01-05,2.7108824,,
2010-01-06,2.6952083,,
2010-01-07,2.6788542,,
2010-01-08,2.6775,,
2010-01-12,2.617059,,
2010-01-13,2.6157293,,
2010-01-14,2.6166668,,
2010-01-15,2.6191669,,
2010-01-16,2.6115625,,
2010-01-17,2.6058333,,
2010-01-18,2.6033335,,
2010-01-19,2.5925,,
2010-01-20,2.5925,,
2010-01-21,2.5915625,,
2010-01-22,2.5915625,,
2010-01-23,2.571771,,
2010-01-24,2.5858333,,
2010-01-25,2.5858333,,
2010-01-26,2.6319792,,
2010-01-27,2.9852083,,
2010-01-28,2.9815626,,
2010-01-29,2.9684374,,
2010-01-30,2.955104,,
2010-01-31,2.961875,,
2010-02-01,2.9244792,,
2010-02-02,2.9165626,,
2010-02-03,2.92,,
2010-02-05,3.1429412,,
2010-02-06,3.1466668,,
2010-02-07,3.1633334,,
2010-02-08,3.15,,
2010-02-09,3.135,,
2010-02-10,3.135,,
2010-02-11,3.0974998,,
2010-02-12,3.0858333,,
2010-02-13,3.0808332,,
2010-02-14,3.085,,
2010-02-15,3.0733333,,
2010-02-16,3.07,,
2010-02-17,3.0733333,,
2010-02-18,3.0429165,,
2010-02-19,2.97875,,
2010-02-20,2.9653125,,
2010-02-21,2.8741665,,
2010-02-22,2.8682106,,
2010-02-23,2.9142857,,
2010-02-25,3.032353,,
2010-02-26,3.0173957,,
2010-02-27,3.009271,,
2010-02-28,2.929375,,
2010-03-01,2.8391666,,
2010-03-02,2.7808332,,
2010-03-03,2.7625,,
2010-03-04,2.734375,,
2010-03-05,2.7989583,,
2010-03-06,2.793229,,
2010-03-07,2.6557293,,
2010-03-08,2.4378126,,
2010-03-09,2.146979,,
2010-03-10,2.1367707,,
2010-03-11,2.1338542,,
2010-03-12,2.1046875,,
2010-03-13,1.961875,,
2010-03-14,1.7105209,,
2010-03-15,1.4076042,,
2010-03-16,1.2225,,
2010-03-17,1.6213542,,
2010-03-18,2.3776042,,
2010-03-19,2.2315624,,
2010-03-20,1.9708333,,
2010-03-21,1.7509375,,
2010-03-22,1.9065626,,
2010-03-23,2.4582293,,
2010-03-24,2.645521,,
2010-03-25,3.4775,,
2010-03-26,3.4955208,,
2010-03-27,3.59125,,
2010-03-28,3.5483332,,
2010-03-29,3.6273959,,
2010-03-30,3.7849998,,
2010-03-31,3.1541667,,
2010-04-01,3.1525,,
2010-04-02,3.11,,
2010-04-03,3.0733333,,
2010-04-04,3.0925,,
2010-04-05,3.0067708,,
2010-04-06,2.6477084,,
2010-04-07,3.7030208,,
2010-04-08,3.33625,,
2010-04-09,2.801771,,
2010-04-10,3.2316666,,
2010-04-11,3.17,,
2010-04-12,3.0934374,,
2010-04-13,3.2305207,,
2010-04-14,4.320625,,
2010-04-15,4.009375,,
2010-04-16,2.7941666,,2319.0278
2010-04-17,,,3077.5
2010-04-18,3.512361,,3507.0833
2010-04-19,4.50625,,3719.7917
2010-04-20,4.0539584,,3023.6458
2010-04-21,4.577812,,2742.7083
2010-04-22,6.1332293,,2918.2292
2010-04-23,3.7215624,,2888.5417
2010-04-24,3.4347916,,2491.1458
2010-04-25,3.600625,,2017.6041
2010-04-26,4.0471873,,1898.75
2010-04-27,4.28125,,1792.3959
2010-04-28,,,1841.6666
2010-04-29,,,1949.6875
2010-04-30,4.6258335,,1838.8541
2010-05-01,5.6216664,,1445.8334
2010-05-02,4.6048956,,1218.2291
2010-05-03,3.915625,,1130.8334
2010-05-04,3.84625,,1027.8438
2010-05-05,3.7184374,,1153.2604
2010-05-06,3.62,,1328.3334
2010-05-07,4.523125,,1459.375
2010-05-08,4.3178124,,1333.3334
2010-05-09,3.9577084,,1297.3959
2010-05-10,3.7946875,,1293.3334
2010-05-11,3.5958333,,1358.2291
2010-05-12,4.4565625,,1161.6666
2010-05-13,4.305625,,1020.11456
2010-05-14,4.167917,,965.0
2010-05-15,4.157604,,896.0625
2010-05-16,4.065417,,886.63544
2010-05-17,3.4864583,,829.88544
2010-05-18,3.58375,,875.57294
2010-05-19,3.1748958,,1033.6562
2010-05-20,2.6985416,,1033.2291
2010-05-21,3.2998958,,993.96875
2010-05-22,2.3104167,,1050.9166
2010-05-23,3.589028,,1264.6875
2010-05-24,2.4196875,,1261.7709
2010-05-25,1.88125,,1332.3959
2010-05-26,5.277778,,1035.2916
2010-05-27,5.2625003,,1069.8541
2010-05-28,3.930625,,1583.4375
2010-05-29,4.3438544,,1932.1875
2010-05-30,4.6825,,2189.375
2010-05-31,4.231979,,2125.625
2010-06-01,4.764792,,2100.7292
2010-06-02,5.6335416,,2225.2083
2010-06-03,5.6957293,,2079.5833
2010-06-04,5.204583,,1854.1666
2010-06-05,5.786667,,1694.7916
2010-06-06,7.401875,,1825.0
2010-06-07,6.8514585,,2476.6667
2010-06-08,3.8034375,,2733.4375
2010-06-09,6.6075,,2585.4167
2010-06-10,5.7338543,,2156.25
2010-06-11,6.244479,,1932.3959
2010-06-12,9.729896,,1573.4375
2010-06-13,4.2178125,,1438.8541
2010-06-14,4.4795833,,1152.9271
2010-06-15,3.421875,,836.19794
2010-06-16,3.0792708,,709.42706
2010-06-17,3.1548958,,607.7083
2010-06-18,2.9212499,,621.8542
2010-06-19,3.7447917,,622.0417
2010-06-20,3.7658334,,613.7083
2010-06-21,3.7266667,,587.8958
2010-06-22,3.88375,,544.76044
2010-06-23,4.112292,,503.8021
2010-06-24,4.160312,,462.875
2010-06-25,4.132292,,443.46875
2010-06-26,4.1097918,,428.29166
2010-06-27,4.0114584,,406.91666
2010-06-28,3.9859376,,395.53125
2010-06-29,3.839375,,374.1146
2010-06-30,3.7758334,,338.95834
2010-07-01,3.7472916,,328.0104
2010-07-02,3.591771,,314.1979
2010-07-03,3.9870832,,297.02084
2010-07-04,4.6740623,,329.53125
2010-07-05,4.495,,329.7604
2010-07-06,4.3309374,,284.5729
2010-07-07,4.2896876,,253.40625
2010-07-08,4.2803125,,232.65625
2010-07-09,4.25875,,204.77083
2010-07-10,4.2625,,194.13542
2010-07-11,4.2690625,,202.13542
2010-07-12,4.1521873,,196.72632
2010-07-13,3.8919792,,187.61458
2010-07-14,3.89,,177.53125
2010-07-15,3.8788543,,178.15625
2010-07-16,3.8726041,,174.125
2010-07-17,3.8732293,,166.0
2010-07-18,3.8976042,,154.875
2010-07-19,3.8561459,,142.78125
2010-07-20,3.7216668,,134.13542
2010-07-21,3.7454166,,125.260414
2010-07-22,3.703125,,123.614586
2010-07-23,3.6914585,,259.77084
2010-07-24,3.6603127,,379.04166
2010-07-25,3.6638541,,286.1771
2010-07-26,3.6638541,,233.47917
2010-07-27,3.64,,211.0625
2010-07-28,3.6470833,,196.55208
2010-07-29,3.6484375,,351.52084
2010-07-30,3.6990626,,408.9271
2010-07-31,3.6595833,,491.03125
2010-08-01,3.6529167,,417.6771
2010-08-02,3.6720834,,684.25
2010-08-03,3.5203125,,765.84375
2010-08-04,3.5266666,,949.0625
2010-08-05,,,1214.1875
2010-08-06,,,1145.1875
2010-08-07,5.0986114,,630.8542
2010-08-08,4.8825,,456.96875
2010-08-09,4.464062,,371.375
2010-08-10,4.316875,,346.41666
2010-08-11,4.284271,,304.85416
2010-08-12,4.374687,,299.625
2010-08-13,4.4509373,,309.96875
2010-08-14,4.4321876,,281.54166
2010-08-15,4.414375,,254.28125
2010-08-16,4.4496875,,232.65625
2010-08-17,4.3225,,467.22916
2010-08-18,4.255,,530.19794
2010-08-19,20.162165,,351.96875
2010-08-20,3.3645833,,387.3854
2010-08-21,3.413125,,540.07294
2010-08-22,3.4073958,,321.6771
2010-08-23,3.4466667,,250.22917
2010-08-24,3.365,,220.91667
2010-08-25,3.3407292,,195.65625
2010-08-26,3.40875,,178.69792
2010-08-27,3.403125,,160.53125
2010-08-28,3.4058335,,150.875
2010-08-29,3.3460417,,144.5625
2010-08-30,3.3384376,,148.125
2010-08-31,3.3209374,,134.23958
2010-09-01,3.3041666,,136.69792
2010-09-02,3.29,,135.21875
2010-09-03,3.3,,143.40625
2010-09-04,3.2544444,,122.145836
2010-09-05,3.2225,,110.864586
2010-09-06,3.1875,,104.484375
2010-09-07,3.1758335,,98.941666
2010-09-08,3.185521,,95.93229
2010-09-09,3.1008332,,190.7427
2010-09-10,3.0575,,126.322914
2010-09-11,3.0117707,,117.260414
2010-09-12,3.009271,,123.020836
2010-09-13,3.0027084,,119.802086
2010-09-14,2.9793751,,110.479164
2010-09-15,2.961875,,104.530205
2010-09-16,2.9459376,,96.00729
2010-09-17,3.066146,,90.16771
2010-09-18,3.3478124,,86.06562
2010-09-19,3.3367708,,80.79479
2010-09-20,3.3385415,,72.49896
2010-09-21,3.3329165,,70.225
2010-09-22,3.6177082,,68.63646
2010-09-23,16.178228,,145.95833
2010-09-24,4.7927084,,127.09583
2010-09-25,4.37875,,168.0625
2010-09-26,4.366563,,205.0625
2010-09-27,4.3571877,,148.76042
2010-09-28,4.10375,,120.416664
2010-09-29,2.864301,,107.139786
2010-09-30,3.67,,100.425
2010-10-01,3.653125,,97.3125
2010-10-02,3.6390624,,94.475
2010-10-03,3.6135416,,92.114586
2010-10-04,3.5483332,,156.92084
2010-10-05,3.5458333,,190.80208
2010-10-06,3.5059376,,116.135414
2010-10-07,3.1916666,,105.927086
2010-10-08,3.0883334,,112.65625
2010-10-09,2.9364583,,132.38542
2010-10-10,2.8541665,,161.85417
2010-10-11,2.8008332,,148.71875
2010-10-12,2.775,,142.15625
2010-10-13,2.7616668,,132.04167
2010-10-14,2.7491667,,129.73958
2010-10-15,2.7375,,131.3125
2010-10-16,2.7229166,,130.8125
2010-10-17,2.7341666,,130.78125
2010-10-18,2.7025,,132.40625
2010-10-19,2.6590626,,143.78125
2010-10-20,2.63,,142.5
2010-10-21,2.605,,179.98958
2010-10-22,2.5864584,,173.67708
2010-10-23,0.7010417,,188.61458
2010-10-24,3.1739583,,241.38542
2010-10-25,2.55625,,227.60417
2010-10-26,3.6961458,,257.66666
2010-10-27,3.03875,,240.85417
2010-10-28,2.7504168,,218.29167
2010-10-29,2.581875,,198.23958
2010-10-30,2.5852084,,181.16667
2010-10-31,2.26125,,172.67708
2010-11-01,2.0777082,,166.90625
2010-11-02,2.055104,,163.34375
2010-11-03,2.0134375,,159.6875
2010-11-04,2.186875,,156.6875
2010-11-05,2.8908334,,156.25
2010-11-06,2.9491668,,162.6875
2010-11-07,2.9770834,,160.65625
2010-11-08,2.9084375,,157.03125
2010-11-09,3.1090624,,164.71875
2010-11-10,3.4825,,163.53125
2010-11-11,3.5882292,,171.54167
2010-11-12,3.4819791,,168.4375
2010-11-13,3.4664583,,157.46875
2010-11-14,3.4766667,,155.78125
2010-11-15,4.5025,,157.57292
2010-11-16,6.2152634,,162.15625
2010-11-17,6.2046876,,166.77083
2010-11-18,6.1241665,,162.73958
2010-11-19,6.0271873,,137.14583
2010-11-20,6.0558333,,129.63542
2010-11-21,6.150729,,134.65625
2010-11-22,6.1570835,,151.36458
2010-11-23,5.2240624,,146.125
2010-11-24,3.7857292,,156.47917
2010-11-25,2.797604,,160.11458
2010-11-26,4.112604,,141.46875
2010-11-27,3.279271,,124.020836
2010-11-28,2.8928125,,133.79167
2010-11-29,2.59125,,144.84375
2010-11-30,2.8195834,,150.28125
2010-12-01,2.106875,,166.83333
2010-12-02,1.9834374,,149.90625
2010-12-03,1.9167708,,160.82292
2010-12-04,1.8412501,,171.60417
2010-12-05,1.758125,,182.27083
2010-12-06,1.77,,189.42708
2010-12-07,2.03375,,175.38542
2010-12-08,3.5829167,,170.71875
2010-12-09,3.3795834,,165.33333
2010-12-10,3.1566668,,163.96875
2010-12-11,3.14,,167.60417
2010-12-12,3.1275,,169.29167
2010-12-13,3.0674999,,167.64583
2010-12-14,3.0241666,,161.34375
2010-12-15,3.009271,,157.78261
2010-12-16,3.003646,,159.46875
2010-12-17,2.9589584,,158.75
2010-12-18,2.8714583,,160.4375
2010-12-19,2.7608333,,163.40625
2010-12-20,2.6695833,,173.01042
2010-12-21,2.6504169,,183.69792
2010-12-22,2.6,,197.26042
2010-12-23,2.4515626,,202.375
2010-12-24,2.365,,204.41667
2010-12-25,2.34125,,196.54167
2010-12-26,2.1221874,,192.28125
2010-12-27,2.0057292,,178.8125
2010-12-28,2.3715625,,170.96875
2010-12-29,2.3517709,,173.25
2010-12-30,2.3908334,,174.95833
2010-12-31,2.4039288,,160.85715
2011-01-15,3.25,,
2011-01-16,3.1991668,,
2011-01-17,3.155,,
2011-01-18,3.1433334,,
2011-01-19,3.1616666,,
2011-01-20,3.1558335,,
2011-01-21,3.1616666,,
2011-01-22,3.1566668,,
2011-01-23,3.1533334,,
2011-01-24,3.1608334,,
2011-01-25,3.0866666,,
2011-01-26,3.095,,
2011-01-27,3.095,,
2011-01-28,3.0916667,,
2011-01-29,3.0933332,,
2011-01-30,3.1116667,,
2011-01-31,3.1125,,
2011-02-01,3.095714,,
2011-02-06,2.897353,,
2011-02-07,2.8758333,,
2011-02-08,2.8608332,,
2011-02-09,2.8571427,,
2011-02-12,2.5283823,,
2011-02-13,2.5295832,,
2011-02-14,2.5354166,,
2011-02-15,2.5259376,,
2011-02-16,2.5047917,,
2011-02-17,2.4872916,,213.08824
2011-02-18,2.4535418,,221.79167
2011-02-19,2.3776042,,217.08333
2011-02-20,2.3469791,,217.73958
2011-02-21,2.2971876,,226.01042
2011-02-22,2.2869792,,225.79167
2011-02-23,2.2709374,,210.52083
2011-02-24,2.254896,,187.0625
2011-02-25,2.215104,,183.35417
2011-02-26,2.2746875,,182.8125
2011-02-27,2.3262498,,179.90625
2011-02-28,2.6151042,,177.60417
2011-03-01,3.2208333,,170.26042
2011-03-02,3.3142707,,174.58333
2011-03-03,3.2939582,,170.35417
2011-03-04,3.2953124,,175.34375
2011-03-05,3.2614584,,176.13542
2011-03-06,3.2845833,,176.67708
2011-03-07,3.275,,175.48958
2011-03-08,3.2630208,,187.76042
2011-03-09,3.038125,,186.59375
2011-03-10,2.4572916,,180.375
2011-03-11,2.5386457,,174.27083
2011-03-12,2.84625,,174.26042
2011-03-13,2.7798958,,175.3125
2011-03-14,3.1011457,,188.6875
2011-03-15,3.5715625,,205.94792
2011-03-16,4.13875,,208.625
2011-03-17,3.8990624,,220.125
2011-03-18,3.545625,,234.32292
2011-03-19,3.5129168,,273.0521
2011-03-20,3.526875,,301.27084
2011-03-21,3.5426042,,313.4896
2011-03-22,3.5971875,,308.25
2011-03-23,3.511771,,298.8021
2011-03-24,3.503646,,285.5
2011-03-25,3.4973958,,258.25
2011-03-26,3.5,,223.22917
2011-03-27,3.5096874,,213.45833
2011-03-28,3.4940624,,213.63542
2011-03-29,3.1654167,,201.26042
2011-03-30,2.8571875,,192.45833
2011-03-31,4.142083,,198.19792
2011-04-01,3.9923959,,222.65625
2011-04-02,4.0958333,,332.71875
2011-04-03,4.109375,,657.67706
2011-04-04,3.9240625,,911.23956
2011-04-05,4.0146875,,768.23956
2011-04-06,3.6416667,,675.23956
2011-04-07,3.0090625,,726.01044
2011-04-08,3.0091667,,649.23956
2011-04-09,2.97,,653.51044
2011-04-10,2.904479,,670.63544
2011-04-11,2.7861457,,604.25
2011-04-12,2.7211459,,524.67706
2011-04-13,2.6981251,,515.65625
2011-04-14,2.3685417,,546.1458
2011-04-15,1.6235416,,606.53125
2011-04-16,1.9429166,,580.76044
2011-04-17,1.7914584,,593.94794
2011-04-18,2.0447917,,770.2083
2011-04-19,3.220729,,922.88544
2011-04-20,2.4271874,,1060.2188
2011-04-21,2.3103125,,1102.7084
2011-04-22,2.733125,,1141.25
2011-04-23,3.4995832,,1124.2709
2011-04-24,2.567604,,1027.6041
2011-04-25,1.4758333,,1002.7083
2011-04-26,2.5558333,,1149.375
2011-04-27,3.2384374,,1392.6041
2011-04-28,3.1167707,,1134.1666
2011-04-29,3.0317707,,1111.5312
2011-04-30,2.874479,,1183.8541
2011-05-01,3.2220833,,1070.5625
2011-05-02,2.9090626,,884.25
2011-05-03,2.1014583,,748.3958
2011-05-04,2.00125,,672.1667
2011-05-05,1.9033333,,687.7708
2011-05-06,2.1453125,,812.34375
2011-05-07,1.0443751,,981.2917
2011-05-08,1.1298958,,1257.7084
2011-05-09,2.2632291,,1632.7084
2011-05-10,7.1378126,,1674.375
2011-05-11,5.1739583,,1355.2084
2011-05-12,5.6284375,,1210.7291
2011-05-13,4.6433334,,1220.625
2011-05-14,4.5619793,,1698.75
2011-05-15,4.601042,,2159.5833
2011-05-16,5.1190624,,1983.5416
2011-05-17,7.5860415,,1741.9791
2011-05-18,6.9191303,,1526.25
2011-05-19,7.3728986,,1401.1459
2011-05-20,7.185,,1382.0834
2011-05-21,7.031875,,1314.2709
2011-05-22,7.1389585,,1505.9375
2011-05-23,7.9467707,,1657.9166
2011-05-24,7.606562,,1742.6041
2011-05-25,5.254375,,1791.3541
2011-05-26,5.17375,,1655.0
2011-05-27,5.1308336,,1595.0
2011-05-28,4.0878124,,1872.5
2011-05-29,3.7048957,,2480.7292
2011-05-30,8.11625,,2888.3333
2011-05-31,7.893958,,2950.9375
2011-06-01,8.022947,,2603.125
2011-06-02,7.9804344,,2497.5
2011-06-03,,,2679.0625
2011-06-04,8.049861,,2780.1042
2011-06-05,8.007083,,2791.3542
2011-06-06,,,3096.5625
2011-06-07,9.889508,,3298.75
2011-06-08,8.439211,,3331.4583
2011-06-09,8.369555,,2890.1042
2011-06-10,7.7834373,,2632.1875
2011-06-11,8.294583,,2452.7083
2011-06-12,,,2255.0
2011-06-13,,,2186.6667
2011-06-14,7.639583,,2565.8333
2011-06-15,8.448334,,2545.3125
2011-06-16,16.164158,,2640.0
2011-06-17,28.963158,,2501.1458
2011-06-18,28.954166,,2541.1458
2011-06-19,29.805208,,2273.5417
2011-06-20,35.183334,,2109.0625
2011-06-21,35.096874,,1826.25
2011-06-22,31.930208,,1542.7084
2011-06-23,26.725,,1356.5625
2011-06-24,27.107292,,1413.2291
2011-06-25,30.801043,,1487.1875
2011-06-26,34.953125,,1481.9791
2011-06-27,24.638542,,1342.2916
2011-06-28,24.541666,,1192.1875
2011-06-29,24.346874,,1116.875
2011-06-30,25.008333,,1128.3021
2011-07-01,25.328125,,1218.4375
2011-07-02,24.90625,,1183.2709
2011-07-03,23.65625,,1029.0
2011-07-04,19.741667,,966.3542
2011-07-05,13.333333,,888.5208
2011-07-06,12.703125,,845.0
2011-07-07,12.392708,,818.53125
2011-07-08,12.382292,,862.96875
2011-07-09,21.457293,,819.375
2011-07-10,11.94052,,927.36456
2011-07-11,9.1925,,901.9167
2011-07-12,21.276041,,861.44794
2011-07-13,21.483334,,1197.375
2011-07-14,20.247917,,999.3333
2011-07-15,9.42375,,786.65625
2011-07-16,7.2775,,662.5
2011-07-17,8.022292,,581.51044
2011-07-18,7.5690627,,720.98956
2011-07-19,5.093125,,714.07294
2011-07-20,24.115728,,914.65625
2011-07-21,8.648854,,758.42706
2011-07-22,8.542916,,590.9583
2011-07-23,7.585208,,506.7396
2011-07-24,5.5308332,,455.85416
2011-07-25,4.162812,,411.3229
2011-07-26,4.039271,,393.4375
2011-07-27,4.391667,,599.30206
2011-07-28,4.2282104,,741.53125
2011-07-29,4.1,,607.61456
2011-07-30,4.0785418,,440.14584
2011-07-31,4.0816665,,374.5729
2011-08-01,4.083333,,391.4271
2011-08-02,4.0565624,,444.08334
2011-08-03,3.9471877,,394.7396
2011-08-04,3.9425,,373.2396
2011-08-05,3.9488542,,481.20834
2011-08-06,3.9284375,,352.10416
2011-08-07,3.9128125,,304.1146
2011-08-08,3.89875,,270.4271
2011-08-09,3.8972917,,245.64583
2011-08-10,3.920625,,242.01042
2011-08-11,3.9081252,,280.77084
2011-08-12,3.851875,,254.55208
2011-08-13,3.86125,,196.53125
2011-08-14,3.36625,,184.23958
2011-08-15,3.32125,,180.57292
2011-08-16,3.585,,226.51042
2011-08-17,3.9221876,,179.97917
2011-08-18,3.4151042,,158.02083
2011-08-19,2.831771,,146.40625
2011-08-20,3.153125,,135.21875
2011-08-21,3.1979167,,128.33333
2011-08-22,3.2228124,,124.479164
2011-08-23,3.201146,,131.625
2011-08-24,4.0914583,,133.52083
2011-08-25,4.423021,,123.125
2011-08-26,3.4459374,,120.291664
2011-08-27,3.2613542,,114.9375
2011-08-28,5.840833,,126.09375
2011-08-29,6.425,,143.59375
2011-08-30,6.0644794,,149.03125
2011-08-31,5.2679167,,139.125
2011-09-01,4.0139585,,127.34375
2011-09-02,3.5678124,,139.85417
2011-09-03,5.08,,127.96875
2011-09-04,5.055625,,117.78125
2011-09-05,5.035,,116.28125
2011-09-06,5.446875,,118.885414
2011-09-07,5.382292,,120.59375
2011-09-08,4.2683334,,123.75
2011-09-09,31.691145,,127.395836
2011-09-10,6.3972917,,159.23958
2011-09-11,5.685761,,171.17708
2011-09-12,5.580521,,148.84375
2011-09-13,5.146458,,155.32292
2011-09-14,4.5635414,,160.0625
2011-09-15,4.4423957,,149.48958
2011-09-16,4.245,,192.05208
2011-09-17,5.9428124,,238.05208
2011-09-18,8.8025,,299.75
2011-09-19,7.725,,385.2396
2011-09-20,6.0728126,,326.4896
2011-09-21,5.5844793,,246.33333
2011-09-22,5.580521,,213.48958
2011-09-23,5.5152082,,194.84375
2011-09-24,5.5053124,,192.08333
2011-09-25,5.5152082,,168.64583
2011-09-26,5.032604,,159.25
2011-09-27,4.3683333,,152.71875
2011-09-28,4.38,,146.34375
2011-09-29,4.37,,137.5625
2011-09-30,4.4780207,,130.5625
2011-10-01,4.928125,,125.15625
2011-10-02,4.945,,121.041664
2011-10-03,4.798021,,119.88172
2011-10-04,4.786667,,158.25
2011-10-05,4.820417,,163.61458
2011-10-06,4.820521,,168.60417
2011-10-07,4.8486457,,201.97917
2011-10-08,4.815,,410.1771
2011-10-09,4.825625,,331.7604
2011-10-10,4.8964586,,240.22105
2011-10-11,5.078125,,214.36458
2011-10-12,5.078125,,218.52083
2011-10-13,5.0875,,211.67708
2011-10-14,4.6403127,,202.20833
2011-10-15,3.895625,,198.83333
2011-10-16,3.814375,,199.33333
2011-10-17,3.8909376,,197.375
2011-10-18,3.9003124,,196.0625
2011-10-19,4.0284376,,194.02083
2011-10-20,3.9596875,,196.625
2011-10-21,3.858125,,198.17708
2011-10-22,3.8003125,,193.23958
2011-10-23,3.7925,,186.40625
2011-10-24,3.5671875,,186.89583
2011-10-25,3.2485416,,185.8125
2011-10-26,4.168646,,220.1875
2011-10-27,4.069062,,213.98958
2011-10-28,3.945625,,236.83333
2011-10-29,3.751875,,219.0625
2011-10-30,3.751875,,207.54167
2011-10-31,4.978542,,197.36458
2011-11-01,7.4866667,,190.72917
2011-11-02,8.539687,,188.98958
2011-11-03,7.8863544,,187.52127
2011-11-04,8.712083,,187.4375
2011-11-05,11.9475,,193.54167
2011-11-06,8.482292,,200.9375
2011-11-07,8.489166,,205.01042
2011-11-08,7.782396,,209.27083
2011-11-09,7.280104,,194.73958
2011-11-10,6.849271,,188.26042
2011-11-11,4.3116665,,184.15625
2011-11-12,4.2816668,,177.85417
2011-11-13,4.2816668,,169.79167
2011-11-14,3.9087498,,176.47917
2011-11-15,3.1691666,,175.6875
2011-11-16,3.1841304,,172.45833
2011-11-17,3.0991666,,165.83333
2011-11-18,3.1385417,,139.64583
2011-11-19,2.9092708,,132.04167
2011-11-20,2.7217708,,137.1875
2011-11-21,2.953125,,148.8125
2011-11-22,3.48,,147.75
2011-11-23,3.5592709,,148.21875
2011-11-24,3.670625,,169.27083
2011-11-25,3.6284375,,163.59375
2011-11-26,3.7378125,,161.125
2011-11-27,3.585,,162.21875
2011-11-28,3.2496874,,157.59375
2011-11-29,3.0198958,,148.5625
2011-11-30,2.973913,,151.15625
2011-12-01,3.2455208,,163.5
2011-12-02,4.8433332,,168.13542
2011-12-03,4.2799997,,185.35417
2011-12-04,4.2549996,,181.07292
2011-12-05,4.2341666,,177.90625
2011-12-06,2.6797917,,171.34375
2011-12-07,5.065729,,134.71875
2011-12-08,4.1565623,,131.45833
2011-12-09,3.5702083,,138.9375
2011-12-10,5.3564286,,137.23958
2011-12-11,,,134.6875
2011-12-12,5.4679413,,131.16667
2011-12-13,5.457813,,142.70833
2011-12-14,5.426875,,135.03572
2011-12-15,4.759479,,
2011-12-16,3.345729,,
2011-12-17,4.6703124,,
2011-12-18,4.185,,
2011-12-19,4.1460867,,
2011-12-20,4.0961456,,
2011-12-21,3.96125,,
2011-12-22,3.970625,,
2011-12-23,3.9675,,
2011-12-28,4.4635296,,
2011-12-29,4.48,,
2011-12-30,4.1146874,,
2011-12-31,3.4522917,,
2012-01-01,3.4158332,,
2012-01-02,3.4553125,,
2012-01-03,3.3267708,,
2012-01-04,3.3034375,,
2012-01-05,3.3109574,,
2012-01-06,3.2736459,,
2012-01-07,3.216771,,
2012-01-08,3.2289584,,
2012-01-09,3.6352084,,
2012-01-10,2.93875,,
2012-01-11,2.94,,
2012-01-12,2.9357142,,
2012-01-16,2.9642646,,
2012-01-17,3.2332144,,
2012-01-18,3.0761764,,
2012-01-19,3.0144792,,
2012-01-20,3.0158334,,
2012-01-21,2.9928124,,186.63235
2012-01-22,3.0347917,,193.76042
2012-01-23,2.9928124,,196.72917
2012-01-24,3.0104167,,192.01042
2012-01-25,3.0198958,,188.40625
2012-01-26,3.029375,,174.23958
2012-01-27,3.02125,,174.22917
2012-01-28,3.0090625,,175.54167
2012-01-29,3.07,,167.5625
2012-01-30,2.69,,155.05208
2012-01-31,3.9420834,,157.83333
2012-02-01,3.2454166,,162.34375
2012-02-02,2.7008333,,174.64583
2012-02-03,2.6981251,,182.09375
2012-02-04,2.7130208,,183.33333
2012-02-05,2.89,,173.01042
2012-02-06,2.92625,,175.98958
2012-02-07,2.9670835,,173.125
2012-02-08,3.959479,,176.25
2012-02-09,3.7823958,,164.8125
2012-02-10,3.7742708,,169.67708
2012-02-11,3.414375,,183.19792
2012-02-12,3.37125,,167.02083
2012-02-13,3.3386457,,178.35417
2012-02-14,3.3306248,,179.88542
2012-02-15,3.3374999,,183.98958
2012-02-16,3.3305209,,179.21875
2012-02-17,3.33125,,171.63542
2012-02-18,3.3034375,,166.78125
2012-02-19,3.3047917,,161.88542
2012-02-20,3.34,,164.64583
2012-02-21,3.2597058,,162.97917
2012-02-22,3.249271,,165.97917
2012-02-23,3.2221875,,165.65625
2012-02-24,3.2425,,165.44792
2012-02-25,3.2255208,,165.625
2012-02-26,3.0874999,,163.23958
2012-02-27,3.1910417,,165.34375
2012-02-28,3.2077084,,173.1875
2012-02-29,3.2154167,,195.34375
2012-03-01,3.2465625,,213.76042
2012-03-02,3.2844791,,201.0625
2012-03-03,3.371875,,202.39583
2012-03-04,4.0920835,,183.26042
2012-03-05,4.042917,,181.29167
2012-03-06,3.9534376,,183.09375
2012-03-07,3.9815626,,190.76042
2012-03-08,3.964375,,199.21875
2012-03-09,3.98625,,201.95833
2012-03-10,3.983125,,215.44792
2012-03-11,3.99875,,204.72917
2012-03-12,4.0034375,,209.625
2012-03-13,3.7242708,,243.07292
2012-03-14,2.6103125,,249.20833
2012-03-15,2.675,,258.8854
2012-03-16,2.6675,,276.58334
2012-03-17,2.6763542,,310.8229
2012-03-18,2.6691668,,342.21875
2012-03-19,2.6928124,,378.375
2012-03-20,2.6717708,,366.27084
2012-03-21,2.8461459,,306.90625
2012-03-22,3.028125,,250.8125
2012-03-23,3.6378126,,208.29167
2012-03-24,4.0707293,,236.44792
2012-03-25,4.1216664,,301.41666
2012-03-26,4.1716666,,530.59375
2012-03-27,4.1949997,,796.78125
2012-03-28,4.095625,,1004.5833
2012-03-29,3.9878125,,1130.5521
2012-03-30,4.0346875,,1234.625
2012-03-31,4.070833,,1219.3438
2012-04-01,4.045104,,1223.125
2012-04-02,3.9628124,,1323.8541
2012-04-03,3.8925,,1166.8021
2012-04-04,3.8175,,862.55206
2012-04-05,3.8159375,,753.75
2012-04-06,3.8253126,,677.625
2012-04-07,3.8659375,,621.32294
2012-04-08,4.0471873,,575.8542
2012-04-09,4.0768747,,559.96875
2012-04-10,4.0867705,,572.7292
2012-04-11,3.99875,,587.1042
2012-04-12,4.0114584,,598.03125
2012-04-13,3.8378124,,632.11456
2012-04-14,3.7784374,,603.375
2012-04-15,3.7753124,,554.55206
2012-04-16,3.7034376,,504.04166
2012-04-17,3.68,,468.10416
2012-04-18,3.6550002,,443.6354
2012-04-19,3.641875,,426.25
2012-04-20,2.7411458,,403.20834
2012-04-21,3.8784375,,391.14584
2012-04-22,3.91125,,388.1979
2012-04-23,4.038542,,403.64584
2012-04-24,4.1966667,,456.41666
2012-04-25,4.2349997,,495.10416
2012-04-26,4.033854,,496.89584
2012-04-27,3.1728125,,521.6875
2012-04-28,3.783125,,569.38544
2012-04-29,3.733125,,530.0208
2012-04-30,3.7003126,,435.6354
2012-05-01,3.676875,,388.8125
2012-05-02,3.6737502,,362.65625
2012-05-03,3.4940624,,355.4375
2012-05-04,3.5453124,,340.84375
2012-05-05,3.161875,,362.3854
2012-05-06,3.2977083,,396.14584
2012-05-07,3.3291667,,428.47916
2012-05-08,3.3196874,,411.625
2012-05-09,3.3061457,,371.8854
2012-05-10,3.2628124,,326.78125
2012-05-11,3.3803124,,300.40625
2012-05-12,3.8175,,320.375
2012-05-13,3.795625,,336.54166
2012-05-14,3.8128126,,315.625
2012-05-15,3.7940624,,314.09375
2012-05-16,3.79875,,278.3125
2012-05-17,3.808125,,303.3229
2012-05-18,3.8409376,,335.54166
2012-05-19,3.5004168,,346.77084
2012-05-20,3.485104,,352.1875
2012-05-21,3.6740625,,328.29166
2012-05-22,3.94875,,346.85416
2012-05-23,3.9659376,,376.5
2012-05-24,3.886979,,414.85416
2012-05-25,3.913125,,392.84375
2012-05-26,3.2491667,,343.97916
2012-05-27,3.739375,,312.3125
2012-05-28,3.705,,304.58334
2012-05-29,3.4942708,,274.78125
2012-05-30,3.3061457,,254.0
2012-05-31,2.961875,,272.3021
2012-06-01,3.1852083,,302.66666
2012-06-02,3.1613684,,309.8854
2012-06-03,3.161828,,339.40625
2012-06-04,3.13125,,325.91666
2012-06-05,3.0492709,,305.60416
2012-06-06,3.0784376,,302.60416
2012-06-07,3.2896874,,300.03125
2012-06-08,3.2939582,,296.5625
2012-06-09,3.3025,,272.08334
2012-06-10,3.308854,,258.22916
2012-06-11,3.3061457,,246.46875
2012-06-12,3.2953124,,229.13542
2012-06-13,3.3115625,,207.61458
2012-06-14,3.2898958,,196.70833
2012-06-15,3.2895832,,188.38542
2012-06-16,3.2137501,,180.1875
2012-06-17,3.2165625,,161.27083
2012-06-18,3.1121874,,151.4375
2012-06-19,3.0991666,,148.40625
2012-06-20,3.1166666,,143.875
2012-06-21,3.1254168,,137.0
2012-06-22,3.1297917,,132.69792
2012-06-23,3.100625,,158.5625
2012-06-24,3.0918748,,184.33333
2012-06-25,3.2183332,,180.0625
2012-06-26,3.554271,,130.39583
2012-06-27,3.423854,,118.95789
2012-06-28,3.2153125,,105.171875
2012-06-29,3.2127085,,97.69688
2012-06-30,3.2054167,,92.28646
2012-07-01,3.205625,,87.24687
2012-07-02,3.2096875,,86.45937
2012-07-03,3.2098958,,82.59896
2012-07-04,3.2055209,,78.92917
2012-07-05,3.2342708,,77.112495
2012-07-06,3.2858334,,78.69896
2012-07-07,3.2303126,,76.26771
2012-07-08,3.2165625,,81.08125
2012-07-09,3.206875,,93.879166
2012-07-10,3.2039583,,92.48125
2012-07-11,3.188021,,107.251045
2012-07-12,3.1735418,,122.104164
2012-07-13,3.2084374,,100.47396
2012-07-14,3.2826042,,89.49271
2012-07-15,3.25875,,84.64375
2012-07-16,3.2560418,,91.475
2012-07-17,3.2801042,,90.04792
2012-07-18,3.4610417,,96.472916
2012-07-19,3.4730208,,95.245834
2012-07-20,3.4928126,,90.117714
2012-07-21,3.4714584,,87.29063
2012-07-22,3.4746876,,90.333336
2012-07-23,3.4911458,,83.234375
2012-07-24,3.4976041,,89.94375
2012-07-25,3.4522917,,128.0073
2012-07-26,3.3598957,,124.65625
2012-07-27,3.3201041,,127.114586
2012-07-28,3.192396,,120.895836
2012-07-29,3.1691666,,126.4375
2012-07-30,3.2484374,,161.51042
2012-07-31,3.171146,,257.5521
2012-08-01,3.063229,,235.25
2012-08-02,3.0347917,,164.48958
2012-08-03,3.0185416,,179.27083
2012-08-04,2.9722917,,154.13542
2012-08-05,2.9563541,,143.375
2012-08-06,2.7166667,,138.96875
2012-08-07,3.0813541,,135.8125
2012-08-08,3.001979,,127.96875
2012-08-09,2.9352083,,118.385414
2012-08-10,3.0902083,,130.30208
2012-08-11,3.083229,,122.135414
2012-08-12,2.940625,,122.416664
2012-08-13,2.91875,,134.42708
2012-08-14,3.1696875,,138.34375
2012-08-15,3.0811458,,151.97917
2012-08-16,2.9247916,,159.91667
2012-08-17,2.8494792,,133.96875
2012-08-18,2.795,,126.46875
2012-08-19,2.7629166,,121.322914
2012-08-20,2.7873957,,113.052086
2012-08-21,2.7978125,,103.291664
2012-08-22,2.8205209,,96.802086
2012-08-23,3.162604,,93.85625
2012-08-24,3.5004168,,98.20937
2012-08-25,3.4802084,,119.979164
2012-08-26,3.1896875,,299.83334
2012-08-27,3.0859375,,175.79167
2012-08-28,3.0641665,,131.02083
2012-08-29,3.0049999,,116.260414
2012-08-30,2.9776042,,106.870834
2012-08-31,3.0455208,,104.23229
2012-09-01,2.9946876,,114.052086
2012-09-02,3.0021875,,106.229164
2012-09-03,2.9829166,,133.8125
2012-09-04,2.894375,,103.34896
2012-09-05,2.8425,,98.316666
2012-09-06,2.7914584,,92.916664
2012-09-07,2.884375,,82.390625
2012-09-08,2.8094792,,78.1625
2012-09-09,2.7335417,,74.36354
2012-09-10,2.7640624,,73.25521
2012-09-11,2.7990625,,74.77917
2012-09-12,3.2992709,,83.61875
2012-09-13,3.035625,,148.77605
2012-09-14,2.896875,,124.395836
2012-09-15,2.8164582,,89.89375
2012-09-16,2.7523959,,82.35104
2012-09-17,2.695625,,78.114586
2012-09-18,2.6776042,,73.433334
2012-09-19,2.6685417,,69.76979
2012-09-20,2.6151042,,68.875
2012-09-21,2.6328125,,65.015625
2012-09-22,2.6577084,,62.713543
2012-09-23,2.673854,,59.607292
2012-09-24,2.6326041,,56.783333
2012-09-25,2.587604,,61.479168
2012-09-26,2.5447917,,88.79271
2012-09-27,2.5413542,,72.625
2012-09-28,2.6121874,,78.35521
2012-09-29,2.8361459,,100.91146
2012-09-30,2.9096875,,95.5
2012-10-01,2.8964584,,84.097916
2012-10-02,2.9104166,,80.354164
2012-10-03,2.905,,77.64896
2012-10-04,2.9003124,,77.3125
2012-10-05,2.8021874,,76.46146
2012-10-06,2.67875,,73.75
2012-10-07,2.568125,,72.325005
2012-10-08,2.6015625,,67.68437
2012-10-09,2.71875,,70.688545
2012-10-10,2.805104,,87.660416
2012-10-11,2.8948958,,99.97604
2012-10-12,3.9371874,,105.11042
2012-10-13,3.0551043,,108.666664
2012-10-14,2.8623958,,115.270836
2012-10-15,2.8023958,,120.0625
2012-10-16,2.7209375,,119.052086
2012-10-17,2.6066666,,114.583336
2012-10-18,2.607604,,111.354164
2012-10-19,2.6277084,,110.3125
2012-10-20,2.6390624,,110.4375
2012-10-21,2.620104,,111.3125
2012-10-22,2.67,,111.489586
2012-10-23,2.6944792,,112.59375
2012-10-24,2.6822917,,112.197914
2012-10-25,3.010625,,113.90625
2012-10-26,3.0827367,,108.916664
2012-10-27,3.2571876,,109.697914
2012-10-28,3.3316667,,111.96875
2012-10-29,3.250625,,112.802086
2012-10-30,3.3022916,,115.59375
2012-10-31,3.1616666,,117.6875
2012-11-01,3.0334375,,118.6875
2012-11-02,2.9228125,,119.0
2012-11-03,2.8262498,,119.71875
2012-11-04,2.8010416,,118.833336
2012-11-05,2.7902083,,117.8125
2012-11-06,2.9070833,,118.03125
2012-11-07,2.875,,110.583336
2012-11-08,2.8623958,,109.114586
2012-11-09,2.8248959,,108.166664
2012-11-10,2.8495834,,111.979164
2012-11-11,2.756354,,114.135414
2012-11-12,2.6778126,,121.9375
2012-11-13,2.754896,,130.14583
2012-11-14,2.9213543,,112.979164
2012-11-15,2.865,,101.39687
2012-11-16,2.9125001,,110.864586
2012-11-17,3.0188541,,100.74167
2012-11-18,3.0077083,,92.69375
2012-11-19,3.0798957,,99.39687
2012-11-20,3.3305209,,91.91667
2012-11-21,3.3061457,,92.59583
2012-11-22,3.275,,89.245834
2012-11-23,3.315625,,86.984375
2012-11-24,3.3318748,,95.11771
2012-11-25,3.3503125,,108.25
2012-11-26,3.3415625,,107.541664
2012-11-27,3.3196874,,106.854164
2012-11-28,3.3841667,,104.9375
2012-11-29,3.3691666,,102.325
2012-11-30,3.3305209,,93.15
2012-12-01,3.3279166,,105.01875
2012-12-02,3.2980208,,112.28125
2012-12-03,3.2817707,,114.208336
2012-12-04,3.2980208,,112.90625
2012-12-05,3.2871876,,108.552086
2012-12-06,3.2695832,,109.34375
2012-12-07,3.2871876,,107.520836
2012-12-08,3.234375,,109.104164
2012-12-09,3.220729,,108.854164
2012-12-10,2.5533333,,107.208336
2012-12-11,3.2720833,,106.11979
2012-12-12,3.10375,,87.46354
2012-12-13,3.1327083,,86.75521
2012-12-14,3.1414583,,90.50313
2012-12-15,3.1902175,,94.36875
2012-12-16,3.1895833,,118.02917
2012-12-17,3.1720834,,129.71875
2012-12-18,3.1385417,,129.05208
2012-12-19,3.1748958,,119.84375
2012-12-20,1.9209375,,122.01979
2012-12-21,2.5035715,,108.4
2012-12-22,,,101.48021
2012-12-23,,,84.28571
2012-12-24,3.2079413,,
2012-12-25,3.21,,
2012-12-26,3.2079413,,
2012-12-27,3.2098958,,
2012-12-28,3.1996875,,
2012-12-29,3.2,,
2012-12-31,3.0988235,,
2013-01-01,3.09,,
2013-01-09,2.8910294,,
2013-01-10,2.845,,
2013-01-11,3.0127082,,
2013-01-12,2.9625,,
2013-01-13,2.9715626,,
2013-01-14,2.8657143,,
2013-01-18,2.664559,,
2013-01-19,2.4375,,
2013-01-20,2.40125,,
2013-01-21,2.3787498,,
2013-01-22,2.38875,,
2013-01-23,2.38875,,
2013-01-24,2.395,,
2013-01-25,2.4225,,
2013-01-26,2.4375,,
2013-01-27,2.4905207,,
2013-01-28,2.4286458,,
2013-01-29,2.4225,,
2013-01-30,2.395,,
2013-01-31,2.415,,
2013-02-01,2.4498959,,
2013-02-02,2.468021,,
2013-02-03,2.5818748,,
2013-02-04,2.6275,,
2013-02-05,2.6954167,,
2013-02-06,2.803125,,
2013-02-07,2.85625,,
2013-02-08,2.951146,,
2013-02-09,3.0633333,,
2013-02-10,3.1485417,,
2013-02-11,3.2736459,,
2013-02-12,3.0132291,,
2013-02-13,3.005104,,
2013-02-14,3.4697917,,
2013-02-15,3.3663542,,
2013-02-16,3.2154167,,
2013-02-17,3.2084374,,
2013-02-18,3.2070835,,
2013-02-19,3.1997917,,
2013-02-20,3.196875,,
2013-02-21,3.2041667,,142.79411
2013-02-22,3.1925,,139.22917
2013-02-23,3.1925,,140.86458
2013-02-24,3.20125,,126.467705
2013-02-25,3.2511458,,123.39375
2013-02-26,4.0784373,,120.58437
2013-02-27,3.7558334,,126.46562
2013-02-28,3.6802082,,121.07708
2013-03-01,2.8575,,118.34375
2013-03-02,2.84,,115.041664
2013-03-03,2.835,,120.822914
2013-03-04,2.84625,,134.91667
2013-03-05,2.6932292,,135.84375
2013-03-06,3.231875,,145.9375
2013-03-07,3.2069793,,139.65625
2013-03-08,3.2127085,,137.6875
2013-03-09,3.2235417,,155.22917
2013-03-10,3.2384374,,153.6875
2013-03-11,3.20625,,148.125
2013-03-12,3.1808333,,137.9375
2013-03-13,3.1822917,,136.30208
2013-03-14,3.1895833,,134.84375
2013-03-15,3.2027085,,139.0625
2013-03-16,3.21,,142.3125
2013-03-17,3.2127085,,142.0625
2013-03-18,3.21,,130.46875
2013-03-19,3.21,,120.614586
2013-03-20,3.2041667,,114.052086
2013-03-21,3.2083333,,109.041664
2013-03-22,3.2085416,,108.333336
2013-03-23,3.1504166,,104.979164
2013-03-24,2.8467708,,118.34167
2013-03-25,2.8467708,,126.916664
2013-03-26,3.014896,,120.5625
2013-03-27,3.0553124,,117.427086
2013-03-28,3.0429165,,122.416664
2013-03-29,2.9528124,,123.65625
2013-03-30,2.6625001,,124.28125
2013-03-31,2.6512501,,126.96875
2013-04-01,2.6703126,,143.53125
2013-04-02,2.953646,,163.46875
2013-04-03,3.808125,,195.09375
2013-04-04,3.619375,,202.21875
2013-04-05,2.903125,,187.9375
2013-04-06,3.0702083,,210.72917
2013-04-07,3.0204167,,257.9896
2013-04-08,3.13125,,292.6354
2013-04-09,3.2595832,,318.97916
2013-04-10,3.13125,,310.2396
2013-04-11,3.1822917,,276.9375
2013-04-12,3.1303124,,227.59375
2013-04-13,3.0674999,,220.20833
2013-04-14,3.0702083,,246.97917
2013-04-15,2.9048958,,307.3854
2013-04-16,2.599896,,366.6771
2013-04-17,2.8183334,,335.53125
2013-04-18,2.8298957,,351.25
2013-04-19,2.8001041,,295.71875
2013-04-20,2.7604167,,204.52083
2013-04-21,2.7428124,,181.92708
2013-04-22,2.8671875,,201.57292
2013-04-23,3.0730207,,194.77083
2013-04-24,3.0945833,,205.22917
2013-04-25,3.2452083,,241.35417
2013-04-26,3.2560418,,237.30208
2013-04-27,3.276354,,229.625
2013-04-28,3.3061457,,243.60417
2013-04-29,3.3129165,,272.875
2013-04-30,3.18375,,333.28125
2013-05-01,2.9220834,,397.35416
2013-05-02,2.8203125,,427.40625
2013-05-03,2.7976043,,402.40625
2013-05-04,2.9598958,,367.0729
2013-05-05,3.2226043,,374.72916
2013-05-06,3.13125,,393.8125
2013-05-07,3.08375,,391.125
2013-05-08,4.8730206,,470.9271
2013-05-09,3.124479,,442.39584
2013-05-10,2.831875,,406.8854
2013-05-11,3.0835416,,378.1875
2013-05-12,2.607604,,337.34375
2013-05-13,2.8835416,,317.1979
2013-05-14,3.2041667,,327.4375
2013-05-15,3.0715625,,387.02084
2013-05-16,2.9346874,,495.66666
2013-05-17,3.083229,,572.4583
2013-05-18,2.9941666,,647.2917
2013-05-19,3.1453125,,713.0417
2013-05-20,2.745104,,605.9792
2013-05-21,2.8303125,,489.60416
2013-05-22,2.8429167,,413.33334
2013-05-23,2.8251042,,360.47916
2013-05-24,2.8413541,,404.08334
2013-05-25,2.9378126,,534.40625
2013-05-26,2.92875,,604.625
2013-05-27,2.7422917,,620.69794
2013-05-28,3.3382292,,642.59375
2013-05-29,3.9975,,618.32294
2013-05-30,3.7940624,,518.2083
2013-05-31,3.7190626,,411.16666
2013-06-01,3.6581252,,329.59375
2013-06-02,3.651875,,313.9271
2013-06-03,3.6550002,,350.1146
2013-06-04,3.6740625,,386.0521
2013-06-05,3.6471877,,387.0625
2013-06-06,3.5322917,,389.33334
2013-06-07,3.29125,,433.15625
2013-06-08,2.973854,,432.84375
2013-06-09,2.7657292,,387.2604
2013-06-10,2.8905208,,407.3854
2013-06-11,3.046146,,406.27084
2013-06-12,2.9833333,,368.5729
2013-06-13,2.8416667,,338.4479
2013-06-14,3.2909374,,313.54166
2013-06-15,2.9683332,,278.1979
2013-06-16,2.77,,259.66666
2013-06-17,3.1601043,,243.60417
2013-06-18,3.2723958,,217.02083
2013-06-19,3.2369792,,194.72917
2013-06-20,3.1759374,,168.64583
2013-06-21,3.1385417,,155.8125
2013-06-22,3.1267707,,139.53125
2013-06-23,3.1108334,,128.46875
2013-06-24,3.0933332,,117.166664
2013-06-25,3.1278124,,108.083336
2013-06-26,3.206771,,100.80104
2013-06-27,3.075,,94.793755
2013-06-28,2.6972916,,84.49062
2013-06-29,2.7915626,,83.70833
2013-06-30,2.7969792,,66.15417
2013-07-01,2.85375,,44.80625
2013-07-02,2.9657292,,33.154167
2013-07-03,2.9495833,,36.03889
2013-07-04,2.9616666,,29.80625
2013-07-05,2.9589584,,26.123959
2013-07-06,2.9616666,,23.225
2013-07-07,2.97125,,23.00625
2013-07-08,2.9535418,,24.1
2013-07-09,2.8335416,,26.517391
2013-07-10,2.730625,,22.067709
2013-07-11,2.5827084,,18.225
2013-07-12,2.7111459,,17.223959
2013-07-13,2.7040625,,24.967709
2013-07-14,2.6632292,,36.869793
2013-07-15,2.6059375,,47.36875
2013-07-16,3.485625,,43.211456
2013-07-17,3.3051043,,78.24687
2013-07-18,3.59875,,82.629166
2013-07-19,9.095208,,287.91666
2013-07-20,2.6985416,,400.72916
2013-07-21,2.965,,261.03125
2013-07-22,2.8038542,,156.04167
2013-07-23,3.0028126,,113.66979
2013-07-24,3.49125,,87.91771
2013-07-25,3.4208333,,76.45417
2013-07-26,3.196771,,67.78646
2013-07-27,3.126875,,61.28125
2013-07-28,3.1532292,,57.34479
2013-07-29,3.0760417,,421.04166
2013-07-30,3.135625,,745.9474
2013-07-31,3.1064582,,706.375
2013-08-01,3.09625,,
2013-08-02,3.1195834,,
2013-08-03,3.0977082,,523.30554
2013-08-04,3.1121874,,366.7396
2013-08-05,4.5895834,,263.47916
2013-08-06,3.9534376,,257.66666
2013-08-07,2.919896,,169.70833
2013-08-08,3.1372917,,154.5
2013-08-09,3.20125,,265.2604
2013-08-10,3.179375,,306.90625
2013-08-11,3.1852083,,242.10417
2013-08-12,3.1502082,,255.03125
2013-08-13,3.2303126,,271.02084
2013-08-14,3.2139583,,232.48958
2013-08-15,3.205625,,224.80208
2013-08-16,3.20125,,200.40625
2013-08-17,3.1983333,,178.1875
2013-08-18,3.196875,,160.38542
2013-08-19,3.1691666,,162.23958
2013-08-20,3.0933332,,181.90625
2013-08-21,3.0773957,,130.79167
2013-08-22,3.0660417,,116.802086
2013-08-23,3.1903124,,162.92708
2013-08-24,1.8535416,,223.32259
2013-08-25,2.8561459,,213.10417
2013-08-26,3.4071875,,260.47827
2013-08-27,3.5770833,,
2013-08-28,5.1146874,,633.9722
2013-08-29,3.5246875,,436.20834
2013-08-30,3.2488542,,300.75
2013-08-31,2.7845833,,
2013-09-01,2.8733332,,
2013-09-02,2.8719792,,
2013-09-03,3.1458333,,
2013-09-04,3.0470834,,
2013-09-05,2.9941666,,132.31944
2013-09-06,3.1280208,,114.9375
2013-09-07,3.153125,,99.94896
2013-09-08,3.1589584,,102.03646
2013-09-09,4.5052085,,99.52187
2013-09-10,10.076146,,262.28125
2013-09-11,6.542604,,305.78125
2013-09-12,3.471875,,382.66666
2013-09-13,3.2046876,,
2013-09-14,20.134375,,668.7917
2013-09-15,6.4029164,,903.375
2013-09-16,3.84875,,
2013-09-17,3.5542707,,736.19446
2013-09-18,3.77375,,574.84375
2013-09-19,3.683125,,559.625
2013-09-20,3.583125,,479.1771
2013-09-21,3.4822917,,461.5625
2013-09-22,3.3860416,,412.70834
2013-09-23,3.3799999,,726.25
2013-09-24,3.2452083,,
2013-09-25,3.0226042,,646.5139
2013-09-26,2.9367707,,472.875
2013-09-27,3.3320832,,421.75
2013-09-28,3.3034375,,
2013-09-29,3.2736459,,
2013-09-30,3.2303126,,
2013-10-01,3.196875,,328.31946
2013-10-02,3.1327083,,294.2396
2013-10-03,3.1003125,,266.29166
2013-10-04,3.0104167,,242.22917
2013-10-05,3.076146,,231.0
2013-10-06,3.006354,,228.75
2013-10-07,3.5951042,,221.875
2013-10-08,3.5040627,,243.8125
2013-10-09,2.9329166,,233.04167
2013-10-10,8.790417,,251.84375
2013-10-11,2.95875,,413.625
2013-10-12,2.6578126,,558.0417
2013-10-13,2.7421875,,
2013-10-14,3.2170835,,
2013-10-15,3.0578125,,
2013-10-16,2.8211458,,252.05556
2013-10-17,3.0198958,,235.38542
2013-10-18,2.9077084,,223.4375
2013-10-19,2.729271,,212.39583
2013-10-20,2.6819792,,205.16667
2013-10-21,3.5970652,,193.03125
2013-10-22,3.3129165,,189.67708
2013-10-23,3.3278124,,185.48958
2013-10-24,3.3264582,,179.55208
2013-10-25,3.3115625,,178.80208
2013-10-26,3.1190624,,178.72917
2013-10-27,2.7541666,,178.78125
2013-10-28,2.8009374,,186.22917
2013-10-29,3.2522917,,196.58333
2013-10-30,4.516979,,204.60417
2013-10-31,2.5853126,,199.75
2013-11-01,2.8004167,,195.88542
2013-11-02,2.6517708,,189.41667
2013-11-03,2.603229,,190.11458
2013-11-04,2.8414583,,189.0625
2013-11-05,3.3034375,,188.63542
2013-11-06,3.2678125,,187.32292
2013-11-07,3.3052082,,183.16667
2013-11-08,3.1370833,,170.08333
2013-11-09,2.9501042,,167.65625
2013-11-10,2.9012501,,174.60417
2013-11-11,2.9113045,,172.1875
2013-11-12,2.86625,,169.9375
2013-11-13,4.1329165,,169.21875
2013-11-14,5.9334373,,167.95833
2013-11-15,3.8003125,,168.34375
2013-11-16,3.820625,,166.71875
2013-11-17,3.8284376,,166.58333
2013-11-18,3.8346875,,171.29167
2013-11-19,4.0223956,,167.52083
2013-11-20,3.6581252,,158.84375
2013-11-21,3.6915624,,132.38542
2013-11-22,3.3414583,,136.41667
2013-11-23,3.4347916,,173.89583
2013-11-24,3.3822916,,264.3646
2013-11-25,3.3517709,,272.9479
2013-11-26,3.3489583,,254.10417
2013-11-27,3.3727083,,232.54167
2013-11-28,3.3323958,,198.07292
2013-11-29,3.32125,,180.14583
2013-11-30,3.3291667,,174.78125
2013-12-01,3.3129165,,171.98958
2013-12-02,3.338913,,167.54167
2013-12-03,3.2865624,,164.19792
2013-12-04,3.2190626,,167.65625
2013-12-05,3.0632143,,179.45833
2013-12-06,,,179.78572
2013-12-15,3.3270588,,
2013-12-16,3.2790625,,
2013-12-17,3.275,,
2013-12-18,3.2682292,,
2013-12-19,3.2614584,,
2013-12-20,3.2844791,,
2013-12-21,3.2465625,,
2013-12-22,3.2425,,
2013-12-23,3.2601042,,
2013-12-24,3.2920833,,
2013-12-25,3.2479167,,
2013-12-26,3.2383332,,
2013-12-27,3.2641666,,
2013-12-28,3.2683334,,
2013-12-29,3.2411458,,
2013-12-30,3.2357292,,
2013-12-31,3.224896,,
2014-01-01,3.234375,,
2014-01-02,3.2276042,,
2014-01-03,3.2357292,,
2014-01-04,3.2208333,,
2014-01-05,3.2096875,,
2014-01-06,2.965357,,
2014-01-08,3.2057352,,
2014-01-09,3.2027085,,
2014-01-10,3.2113543,,
2014-01-11,3.2085416,,
2014-01-12,3.2041667,,
2014-01-13,3.2098958,,
2014-01-14,3.2098958,,
2014-01-15,3.2223158,,
2014-01-16,3.2573957,,
2014-01-17,3.2980208,,
2014-01-18,3.300729,,
2014-01-19,3.3183331,,
2014-01-20,3.2898958,,
2014-01-21,3.3171875,,
2014-01-22,3.3061457,,
2014-01-23,3.3038542,,
2014-01-24,3.347604,,
2014-01-25,3.3930209,,
2014-01-26,3.4135416,,
2014-01-27,3.5722916,,
2014-01-28,3.5465624,,
2014-01-29,3.6284375,,
2014-01-30,3.54875,,
2014-01-31,3.5659375,,
2014-02-01,3.576875,,
2014-02-02,3.589375,,
2014-02-03,3.6112502,,
2014-02-04,3.576875,,
2014-02-05,3.5492308,,
2014-02-06,3.5534375,,
2014-02-07,3.52375,,
2014-02-08,3.5035417,,
2014-02-09,3.5269792,,
2014-02-10,3.558125,,183.80882
2014-02-11,3.56125,,177.35417
2014-02-12,3.5284376,,193.39583
2014-02-13,3.5190625,,164.98958
2014-02-14,3.5253127,,164.39583
2014-02-15,3.4930434,,170.22917
2014-02-16,3.4971876,,182.32292
2014-02-17,3.5175,,189.8125
2014-02-18,3.4909375,,188.15625
2014-02-19,3.5253127,,189.28125
2014-02-20,3.4258332,,181.82292
2014-02-21,3.3665624,,176.64583
2014-02-22,3.5238543,,164.16667
2014-02-23,3.52375,,155.47917
2014-02-24,3.4857292,,155.13542
2014-02-25,3.3876042,,152.01042
2014-02-26,2.830625,,150.20833
2014-02-27,2.7806249,,152.77083
2014-02-28,2.8009374,,157.75
2014-03-01,2.7738543,,162.83333
2014-03-02,2.7360418,,172.53125
2014-03-03,2.731875,,188.86458
2014-03-04,2.9303126,,195.23958
2014-03-05,2.90625,,193.64583
2014-03-06,2.88375,,189.125
2014-03-07,2.8827083,,185.30208
2014-03-08,2.93,,176.42554
2014-03-09,2.89125,,182.11627
2014-03-10,3.0304167,,180.85263
2014-03-11,2.5706248,,175.51042
2014-03-12,2.5344791,,178.79167
2014-03-13,2.5764582,,182.1875
2014-03-14,2.573146,,174.91667
2014-03-15,2.5702271,,176.67708
2014-03-16,2.65625,,177.09375
2014-03-17,2.6919792,,177.85417
2014-03-18,2.6639583,,170.70833
2014-03-19,2.6957293,,168.70833
2014-03-20,2.785625,,141.42708
2014-03-21,2.7210417,,141.4375
2014-03-22,3.395521,,138.125
2014-03-23,3.4465625,,142.97917
2014-03-24,3.448125,,149.0625
2014-03-25,3.4655209,,146.46875
2014-03-26,3.4809375,,146.60417
2014-03-27,3.5046875,,204.29167
2014-03-28,3.0565624,,254.35417
2014-03-29,2.9351041,,240.79167
2014-03-30,2.8990624,,236.875
2014-03-31,3.076875,,261.78125
2014-04-01,3.3154166,,294.28125
2014-04-02,3.0469792,,338.4896
2014-04-03,3.1267707,,382.02084
2014-04-04,3.2059374,,344.91666
2014-04-05,2.9576042,,312.6354
2014-04-06,2.925,,293.04166
2014-04-07,2.92625,,285.2396
2014-04-08,2.92125,,289.25
2014-04-09,2.9401042,,311.1875
2014-04-10,2.9819791,,491.14584
2014-04-11,3.0402083,,1065.5416
2014-04-12,3.0502083,,1515.8334
2014-04-13,3.0409374,,1642.5
2014-04-14,3.235,,1293.0209
2014-04-15,3.1748958,,839.375
2014-04-16,3.0553124,,746.59375
2014-04-17,3.0077083,,661.36456
2014-04-18,3.0104167,,572.98956
2014-04-19,2.9846876,,760.96875
2014-04-20,3.0230207,,1086.1875
2014-04-21,3.1583333,,1342.0834
2014-04-22,3.2830207,,1234.3055
2014-04-23,3.4704168,,1290.4166
2014-04-24,3.4216666,,1336.5217
2014-04-25,3.3490624,,981.6479
2014-04-26,3.3731248,,912.71875
2014-04-27,3.7684376,,929.3542
2014-04-28,3.4473958,,862.9583
2014-04-29,3.0128126,,767.2292
2014-04-30,3.1764584,,659.8333
2014-05-01,3.1429167,,586.32294
2014-05-02,3.13125,,533.69794
2014-05-03,3.1385417,,488.09375
2014-05-04,3.29375,,463.02084
2014-05-05,3.5422916,,480.5521
2014-05-06,3.5845833,,561.71875
2014-05-07,3.095,,638.5208
2014-05-08,3.0902083,,662.2292
2014-05-09,3.0158334,,634.3125
2014-05-10,3.1472917,,606.01044
2014-05-11,3.6989584,,561.90625
2014-05-12,3.3110416,,530.23956
2014-05-13,3.45375,,584.42706
2014-05-14,3.4508333,,535.3542
2014-05-15,3.4172916,,506.6979
2014-05-16,3.4546876,,458.5
2014-05-17,3.5928125,,424.4375
2014-05-18,3.340625,,422.9479
2014-05-19,3.7054167,,493.14584
2014-05-20,3.7475,,549.1667
2014-05-21,3.6554167,,628.07294
2014-05-22,2.9414585,,704.9167
2014-05-23,2.9822917,,729.875
2014-05-24,2.874271,,741.5625
2014-05-25,2.6679168,,769.0208
2014-05-26,2.60125,,1002.0
2014-05-27,2.8439584,,1232.5
2014-05-28,3.6550002,,1012.59375
2014-05-29,,,1026.625
2014-05-30,2.97625,,1163.4375
2014-05-31,3.1091666,,1283.5416
2014-06-01,3.9175,,1346.1459
2014-06-02,3.8784375,,1395.0
2014-06-03,3.68625,,1404.375
2014-06-04,3.5614583,,1378.0209
2014-06-05,3.3826041,,1332.2916
2014-06-06,3.223854,,1329.7916
2014-06-07,3.0882292,,1286.9791
2014-06-08,2.9784374,,1202.1875
2014-06-09,2.8421874,,1031.1146
2014-06-10,2.7590625,,911.2917
2014-06-11,2.6859376,,871.2083
2014-06-12,2.753125,,935.34375
2014-06-13,2.901875,,961.4792
2014-06-14,2.9542708,,962.4167
2014-06-15,2.8951042,,950.32294
2014-06-16,2.7444792,,805.65625
2014-06-17,2.6258333,,758.0
2014-06-18,2.6111457,,661.1875
2014-06-19,2.9904444,,655.88544
2014-06-20,2.8914583,,612.0417
2014-06-21,2.979271,,624.1667
2014-06-22,2.90875,,664.53125
2014-06-23,2.8472917,,601.9375
2014-06-24,2.7725,,575.55206
2014-06-25,2.7522917,,549.03125
2014-06-26,2.7279167,,515.92706
2014-06-27,2.74,,545.01044
2014-06-28,2.7046876,,527.125
2014-06-29,3.0113542,,467.2604
2014-06-30,3.14875,,460.75
2014-07-01,2.9909375,,484.375
2014-07-02,3.1560416,,485.3229
2014-07-03,2.9270833,,462.7396
2014-07-04,3.5528126,,437.35416
2014-07-05,3.8542707,,391.0625
2014-07-06,3.39625,,354.8021
2014-07-07,3.95875,,353.15625
2014-07-08,4.1298957,,339.08334
2014-07-09,2.959479,,334.41666
2014-07-10,3.1877084,,329.8854
2014-07-11,3.0783334,,353.8021
2014-07-12,2.999375,,340.53125
2014-07-13,2.9266667,,311.2604
2014-07-14,2.87625,,302.04166
2014-07-15,3.4510417,,281.6146
2014-07-16,3.1790624,,257.16666
2014-07-17,3.0270834,,293.65625
2014-07-18,2.980729,,267.09375
2014-07-19,2.9584374,,210.90625
2014-07-20,2.9437501,,189.21875
2014-07-21,2.9413543,,170.44792
2014-07-22,2.9005208,,157.46875
2014-07-23,2.8875,,148.9375
2014-07-24,2.8365624,,138.4375
2014-07-25,2.87,,137.09375
2014-07-26,2.8455207,,185.35417
2014-07-27,2.8341665,,225.80208
2014-07-28,2.8469791,,199.5
2014-07-29,7.8302064,,186.11458
2014-07-30,3.1176043,,386.1771
2014-07-31,3.0038543,,417.3854
2014-08-01,3.0455208,,360.8229
2014-08-02,2.91375,,260.20834
2014-08-03,2.9819791,,264.6146
2014-08-04,3.0620832,,275.04166
2014-08-05,5.6629167,,
2014-08-06,2.8509374,,
2014-08-07,2.80875,,
2014-08-08,2.8808334,,260.31946
2014-08-09,2.8722916,,209.73958
2014-08-10,2.8938541,,186.67708
2014-08-11,2.9047916,,173.27083
2014-08-12,2.928125,,160.19792
2014-08-13,2.9597917,,233.89583
2014-08-14,8.377188,,695.0208
2014-08-15,2.7972918,,477.66666
2014-08-16,2.6639583,,
2014-08-17,2.615,,
2014-08-18,2.8566666,,
2014-08-19,3.005104,,169.875
2014-08-20,3.4258332,,164.39583
2014-08-21,2.8383334,,152.84375
2014-08-22,2.7834375,,143.90625
2014-08-23,2.8204167,,171.42708
2014-08-24,2.8538542,,173.71875
2014-08-25,2.8130207,,192.1875
2014-08-26,2.8441665,,188.19792
2014-08-27,2.868646,,173.375
2014-08-28,2.9258332,,185.78125
2014-08-29,2.8447917,,433.53125
2014-08-30,2.838854,,315.4479
2014-08-31,2.8242707,,240.77083
2014-09-01,2.8078125,,204.21875
2014-09-02,2.7847917,,186.65625
2014-09-03,2.7739582,,169.71875
2014-09-04,2.7455208,,157.79167
2014-09-05,2.7901042,,149.29167
2014-09-06,2.7455208,,156.33333
2014-09-07,2.7211459,,143.44792
2014-09-08,2.7414584,,134.47917
2014-09-09,2.8890624,,196.8125
2014-09-10,2.9945834,,230.48958
2014-09-11,2.9129167,,1186.7709
2014-09-12,2.855,,653.0833
2014-09-13,2.823125,,410.3021
2014-09-14,2.805,,346.90625
2014-09-15,2.7806249,,298.34375
2014-09-16,2.7577083,,268.4375
2014-09-17,2.756354,,249.75
2014-09-18,2.7442708,,227.51042
2014-09-19,2.7334375,,211.92708
2014-09-20,2.7173958,,199.91667
2014-09-21,3.3348958,,185.88542
2014-09-22,3.3719792,,174.52083
2014-09-23,3.2283332,,219.23958
2014-09-24,3.2134376,,332.125
2014-09-25,3.1833334,,
2014-09-26,3.1720834,,274.20834
2014-09-27,3.5678124,,255.27083
2014-09-28,30.88677,,313.8125
2014-09-29,3.8904166,,308.45834
2014-09-30,3.6409376,,
2014-10-01,3.5721877,,
2014-10-02,3.6081252,,459.1111
2014-10-03,3.5346875,,427.59375
2014-10-04,3.5003126,,371.35416
2014-10-05,3.4832292,,338.08334
2014-10-06,3.466875,,322.0729
2014-10-07,3.445,,341.875
2014-10-08,3.48,,331.71875
2014-10-09,3.484375,,326.10416
2014-10-10,3.475625,,323.2604
2014-10-11,3.4464583,,343.22916
2014-10-12,3.4216666,,330.90625
2014-10-13,3.4508333,,315.5
2014-10-14,3.4479167,,306.90625
2014-10-15,3.47125,,291.125
2014-10-16,3.5616667,,283.40625
2014-10-17,3.5339582,,277.5729
2014-10-18,3.440625,,264.95834
2014-10-19,3.3954167,,252.83333
2014-10-20,3.3720834,,247.66667
2014-10-21,3.3633335,,239.9375
2014-10-22,3.4158335,,238.61458
2014-10-23,3.4012501,,237.67708
2014-10-24,3.3808334,,235.70833
2014-10-25,3.256875,,226.125
2014-10-26,3.2525,,221.25
2014-10-27,3.24375,,217.19792
2014-10-28,3.2466667,,213.875
2014-10-29,3.256875,,209.29167
2014-10-30,3.256875,,206.64583
2014-10-31,3.2539582,,202.875
2014-11-01,3.3152084,,199.11458
2014-11-02,3.4495833,,201.04167
2014-11-03,3.6397917,,203.91667
2014-11-04,3.4157293,,205.55208
2014-11-05,2.976979,,202.29167
2014-11-06,2.9661458,,191.95833
2014-11-07,2.9377084,,182.96875
2014-11-08,2.9146874,,178.26042
2014-11-09,2.910625,,176.0625
2014-11-10,2.9676042,,167.54167
2014-11-11,2.79,,161.6875
2014-11-12,2.78875,,157.625
2014-11-13,2.79875,,153.27083
2014-11-14,2.8094792,,153.3125
2014-11-15,2.6775,,160.76042
2014-11-16,2.6322918,,170.83333
2014-11-17,2.5398958,,170.60417
2014-11-18,2.5551043,,164.01042
2014-11-19,3.65875,,145.03125
2014-11-20,6.924896,,135.5625
2014-11-21,7.021263,,136.82292
2014-11-22,6.802708,,146.38542
2014-11-23,6.7877083,,162.84375
2014-11-24,6.3541665,,161.19792
2014-11-25,6.282396,,160.0625
2014-11-26,6.7791667,,147.86458
2014-11-27,6.5216665,,147.125
2014-11-28,6.48625,,157.22917
2014-11-29,6.4591665,,154.58333
2014-11-30,6.615521,,156.38542
2014-12-01,6.384896,,155.84375
2014-12-02,3.571875,,153.29167
2014-12-03,2.834375,,124.697914
2014-12-04,2.9097917,,119.84375
2014-12-05,2.9878125,,124.84375
2014-12-06,2.8873959,,128.09375
2014-12-07,3.079896,,133.1875
2014-12-08,3.0690625,,132.55208
2014-12-09,3.1960418,,129.46875
2014-12-10,3.8734376,,137.23958
2014-12-11,3.0780208,,152.83333
2014-12-12,3.103125,,141.77083
2014-12-13,3.2415626,,145.59375
2014-12-14,3.6275,,163.36458
2014-12-15,3.3147917,,160.90625
2014-12-16,2.8895833,,156.8125
2014-12-17,2.6378126,,150.79167
2014-12-18,2.6357293,,151.64583
2014-12-19,2.734896,,170.0625
2014-12-20,3.4596875,,160.66667
2014-12-21,3.4245834,,153.89583
2014-12-22,3.55875,,143.44792
2014-12-23,3.5208333,,151.95833
2014-12-24,3.2210417,,152.11458
2014-12-25,3.2804167,,142.67708
2014-12-26,3.2042708,,137.22917
2014-12-27,3.1167858,,129.53572
2014-12-28,2.9595587,,
2014-12-29,2.982396,,
2014-12-30,2.9860713,,
2015-01-05,2.732353,,
2015-01-06,2.7325,,
2015-01-07,2.74,,
2015-01-08,2.745,,
2015-01-09,2.74375,,
2015-01-10,2.74,,
2015-01-11,2.7725,,
2015-01-12,2.9771876,,
2015-01-13,3.1378126,,179.94118
2015-01-14,2.7922916,,181.88542
2015-01-15,2.9889584,,189.82292
2015-01-16,2.9128125,,171.41667
2015-01-17,2.848854,,151.42708
2015-01-18,2.8125,,142.40105
2015-01-19,2.7875,,144.96875
2015-01-20,2.70875,,142.07292
2015-01-21,2.7610416,,148.22917
2015-01-22,3.005357,,151.91667
2015-01-23,,,143.23958
2015-01-24,2.8317647,,132.59375
2015-01-25,2.74,,126.86875
2015-01-26,2.7075,,119.3
2015-01-27,2.8147917,,148.20833
2015-01-28,2.9973958,,168.44792
2015-01-29,3.1464584,,171.125
2015-01-30,3.0067708,,165.77083
2015-01-31,2.8865623,,167.1875
2015-02-01,2.755,,175.95833
2015-02-02,2.7601042,,173.11458
2015-02-03,2.77625,,161.45833
2015-02-04,2.69875,,153.23958
2015-02-05,2.71125,,151.02083
2015-02-06,2.9688542,,148.32292
2015-02-07,2.8538542,,147.125
2015-02-08,2.7225,,144.5
2015-02-09,2.7458334,,144.84375
2015-02-10,3.2145834,,145.25
2015-02-11,3.2116666,,145.625
2015-02-12,3.0853126,,147.09375
2015-02-13,3.0270834,,146.25
2015-02-14,2.9783332,,147.625
2015-02-15,2.9255207,,145.78125
2015-02-16,2.93875,,146.5
2015-02-17,3.25375,,146.625
2015-02-18,3.1332293,,147.375
2015-02-19,3.2120833,,142.9375
2015-02-20,3.1708333,,138.44792
2015-02-21,3.156771,,145.375
2015-02-22,3.0622916,,147.52083
2015-02-23,3.056875,,146.0625
2015-02-24,3.0325,,154.95833
2015-02-25,3.0270834,,163.78125
2015-02-26,2.9945834,,159.71875
2015-02-27,3.0,,161.46875
2015-02-28,2.9439583,,159.8125
2015-03-01,3.0013542,,156.84375
2015-03-02,2.985104,,158.35417
2015-03-03,2.985104,,169.71875
2015-03-04,2.940625,,181.79167
2015-03-05,2.715104,,201.78125
2015-03-06,2.6336458,,172.58333
2015-03-07,2.663125,,159.65625
2015-03-08,2.65625,,160.91667
2015-03-09,2.73,,166.4375
2015-03-10,2.9557292,,169.44792
2015-03-11,2.7975,,171.875
2015-03-12,2.8179166,,174.30208
2015-03-13,2.9932292,,176.98958
2015-03-14,2.9634376,,181.6875
2015-03-15,2.9084375,,186.125
2015-03-16,2.5956252,,192.08333
2015-03-17,2.7251043,,218.5625
2015-03-18,2.7916667,,265.28125
2015-03-19,3.07125,,318.16666
2015-03-20,2.7713542,,364.7604
2015-03-21,2.7037501,,394.8646
2015-03-22,2.75125,,402.1354
2015-03-23,2.8827083,,405.10416
2015-03-24,3.4341667,,380.39584
2015-03-25,3.773125,,379.35416
2015-03-26,3.3297918,,338.70834
2015-03-27,3.1160417,,308.125
2015-03-28,2.850625,,275.78125
2015-03-29,2.835,,298.0
2015-03-30,3.1792707,,354.83334
2015-03-31,3.7230208,,378.21875
2015-04-01,3.13875,,417.27084
2015-04-02,2.983854,,410.28125
2015-04-03,2.900625,,385.9271
2015-04-04,2.9312499,,356.2396
2015-04-05,2.9295833,,326.83334
2015-04-06,3.0829165,,303.1354
2015-04-07,3.0128126,,286.8646
2015-04-08,2.9933333,,276.66666
2015-04-09,2.982396,,270.16666
2015-04-10,3.0103126,,262.20834
2015-04-11,2.8734374,,252.70833
2015-04-12,2.8425,,248.875
2015-04-13,2.9397917,,244.10417
2015-04-14,2.9720833,,238.70833
2015-04-15,2.8139582,,230.58333
2015-04-16,2.8871875,,221.9375
2015-04-17,3.0633333,,212.0
2015-04-18,2.8852084,,222.65625
2015-04-19,2.8566666,,235.1875
2015-04-20,2.9771874,,227.80208
2015-04-21,2.9688542,,222.07292
2015-04-22,3.1085417,,226.3125
2015-04-23,3.668229,,194.32292
2015-04-24,3.141146,,173.6875
2015-04-25,3.5848958,,166.78125
2015-04-26,2.803021,,175.42708
2015-04-27,2.8451042,,188.13542
2015-04-28,3.1070833,,208.41667
2015-04-29,4.1636457,,208.04167
2015-04-30,3.141667,,199.13542
2015-05-01,3.2233334,,191.07292
2015-05-02,3.0677085,,197.01042
2015-05-03,3.0988543,,206.96875
2015-05-04,3.017604,,238.90625
2015-05-05,3.3191667,,246.14583
2015-05-06,3.388125,,297.9271
2015-05-07,3.4596875,,466.71875
2015-05-08,3.5077083,,637.26044
2015-05-09,3.396875,,544.625
2015-05-10,3.2291667,,568.0417
2015-05-11,3.1445835,,564.2917
2015-05-12,3.1457293,,608.625
2015-05-13,3.1259377,,572.9375
2015-05-14,3.186875,,500.3229
2015-05-15,3.2291667,,462.0104
2015-05-16,3.1927085,,465.1771
2015-05-17,3.11375,,630.40625
2015-05-18,3.0985417,,789.7083
2015-05-19,3.2466667,,773.32294
2015-05-20,3.186875,,993.30206
2015-05-21,3.0920835,,1165.3541
2015-05-22,3.0013542,,904.73956
2015-05-23,2.9945834,,863.9375
2015-05-24,2.9620833,,845.0
2015-05-25,2.9621875,,885.7708
2015-05-26,3.0347917,,854.2292
2015-05-27,3.1268752,,922.23956
2015-05-28,3.008125,,839.5208
2015-05-29,2.8851042,,781.28125
2015-05-30,2.7225,,778.6875
2015-05-31,2.8494792,,772.38544
2015-06-01,3.2259376,,798.55206
2015-06-02,3.0590625,,872.63544
2015-06-03,3.4639583,,1027.2604
2015-06-04,3.3064585,,1140.0
2015-06-05,3.1679168,,1147.6041
2015-06-06,5.9183335,,1157.8125
2015-06-07,3.69,,1476.875
2015-06-08,3.3585417,,1749.2709
2015-06-09,3.6744792,,1397.1875
2015-06-10,3.7379167,,1355.1041
2015-06-11,5.228646,,2347.0103
2015-06-12,4.885,,2280.8333
2015-06-13,4.0197916,,2243.4375
2015-06-14,4.155625,,1997.5
2015-06-15,4.7320833,,1617.9166
2015-06-16,4.225,,1584.7916
2015-06-17,4.1546874,,1483.75
2015-06-18,4.166458,,1695.3125
2015-06-19,3.9196875,,1681.3541
2015-06-20,3.53625,,1522.3959
2015-06-21,3.1932292,,1480.3125
2015-06-22,3.8413541,,1429.5834
2015-06-23,3.69625,,1377.6041
2015-06-24,3.6559374,,1311.7709
2015-06-25,3.6272917,,1224.8959
2015-06-26,3.5820832,,1167.6041
2015-06-27,3.8547916,,1146.6666
2015-06-28,5.4020834,,1117.2916
2015-06-29,5.2540627,,1069.8646
2015-06-30,3.239271,,1000.6458
2015-07-01,3.4085417,,975.01044
2015-07-02,3.4012501,,958.84375
2015-07-03,3.3545833,,934.8333
2015-07-04,3.3110416,,927.30206
2015-07-05,3.6661458,,900.0833
2015-07-06,4.1945834,,1044.8125
2015-07-07,14.535937,,883.26044
2015-07-08,12.308958,,1019.86456
2015-07-09,10.629791,,1521.3541
2015-07-10,15.711458,,1240.4166
2015-07-11,4.3711457,,902.9792
2015-07-12,4.005833,,683.5417
2015-07-13,3.6540625,,542.90625
2015-07-14,21.232267,,537.03125
2015-07-15,13.9025,,690.48956
2015-07-16,3.7870834,,749.96875
2015-07-17,3.693125,,639.5208
2015-07-18,3.626979,,485.70834
2015-07-19,3.6376042,,442.65625
2015-07-20,3.5602083,,408.54166
2015-07-21,3.5120833,,398.875
2015-07-22,3.5397916,,667.2083
2015-07-23,3.6069791,,424.46875
2015-07-24,3.4129167,,352.5104
2015-07-25,3.2670834,,307.625
2015-07-26,3.0690625,,304.89584
2015-07-27,3.1814582,,277.1771
2015-07-28,3.4059374,,265.45834
2015-07-29,3.41,,228.72917
2015-07-30,3.4085417,,209.125
2015-07-31,3.3502083,,187.14583
2015-08-01,3.2889583,,167.4375
2015-08-02,3.1970835,,163.01042
2015-08-03,3.4313543,,644.75
2015-08-04,3.4070835,,933.69794
2015-08-05,3.379375,,508.27084
2015-08-06,3.2860417,,416.54166
2015-08-07,3.326875,,307.3125
2015-08-08,3.375,,271.58334
2015-08-09,3.27,,257.66666
2015-08-10,3.27,,290.3125
2015-08-11,3.27,,248.84375
2015-08-12,3.3729167,,236.67708
2015-08-13,3.27,,242.875
2015-08-14,3.2371876,,243.875
2015-08-15,3.0778127,,238.35417
2015-08-16,2.87,,249.625
2015-08-17,2.87,,216.45264
2015-08-18,2.8525,,214.15625
2015-08-19,2.9023957,,199.41052
2015-08-20,2.8727083,,189.19792
2015-08-21,2.87,,182.10417
2015-08-22,2.87,,178.70833
2015-08-23,2.87,,162.34375
2015-08-24,2.8714583,,199.20833
2015-08-25,2.8649998,,164.125
2015-08-26,2.9677083,,166.51042
2015-08-27,4.5384374,,185.27083
2015-08-28,2.9534373,,274.3229
2015-08-29,2.943125,,217.05208
2015-08-30,2.87,,186.625
2015-08-31,3.136875,,212.73958
2015-09-01,2.932604,,162.125
2015-09-02,3.7452083,,216.94792
2015-09-03,3.1375,,179.66667
2015-09-04,3.2685416,,156.28125
2015-09-05,3.0908334,,172.89583
2015-09-06,2.9837499,,258.78125
2015-09-07,2.8889582,,335.4375
2015-09-08,3.0338542,,267.53125
2015-09-09,3.128646,,214.65625
2015-09-10,3.0988543,,197.08333
2015-09-11,3.1282291,,181.20833
2015-09-12,3.4960418,,170.40625
2015-09-13,3.4172916,,160.34375
2015-09-14,3.3385417,,153.13542
2015-09-15,11.307917,,166.4375
2015-09-16,3.8321874,,177.34375
2015-09-17,3.5828125,,161.46875
2015-09-18,3.5616667,,154.40625
2015-09-19,3.41,,133.6875
2015-09-20,3.786875,,120.645836
2015-09-21,3.4266667,,109.864586
2015-09-22,3.15625,,106.666664
2015-09-23,3.2290626,,103.854164
2015-09-24,3.283125,,100.469795
2015-09-25,3.2320833,,97.22187
2015-09-26,3.1046875,,93.864586
2015-09-27,4.141979,,89.36146
2015-09-28,3.8795834,,86.47083
2015-09-29,3.3939583,,86.40833
2015-09-30,3.370625,,86.0125
2015-10-01,3.230625,,83.97187
2015-10-02,3.2109375,,80.20625
2015-10-03,3.6638541,,79.475
2015-10-04,3.4508333,,81.23854
2015-10-05,3.4085417,,96.11979
2015-10-06,3.5252082,,214.39583
2015-10-07,2.7475,,366.53125
2015-10-08,3.9466667,,276.39584
2015-10-09,2.7969792,,221.26042
2015-10-10,2.5887501,,189.97917
2015-10-11,2.6144211,,170.21875
2015-10-12,2.6860416,,163.0
2015-10-13,2.5887501,,155.21875
2015-10-14,2.9275,,149.95833
2015-10-15,3.27,,154.34375
2015-10-16,3.2962499,,148.63542
2015-10-17,3.4829166,,152.65625
2015-10-18,3.165,,157.25
2015-10-19,3.1517708,,165.53125
2015-10-20,3.7665625,,172.86458
2015-10-21,9.473125,,284.1875
2015-10-22,11.229688,,383.16666
2015-10-23,8.40875,,533.4792
2015-10-24,5.1928124,,523.7708
2015-10-25,4.5433335,,332.33334
2015-10-26,4.4554167,,266.40625
2015-10-27,4.80875,,242.07292
2015-10-28,3.6403124,,241.3125
2015-10-29,4.573125,,228.10417
2015-10-30,4.195,,212.70833
2015-10-31,3.9933333,,212.71875
2015-11-01,3.92125,,211.83333
2015-11-02,3.375,,206.84375
2015-11-03,3.1329167,,199.27083
2015-11-04,3.0566666,,201.22917
2015-11-05,3.1635418,,268.5729
2015-11-06,3.1844792,,281.6875
2015-11-07,2.8858333,,251.64583
2015-11-08,2.9564583,,221.52083
2015-11-09,4.028125,,205.63542
2015-11-10,3.1535418,,201.05208
2015-11-11,2.8772917,,223.95833
2015-11-12,3.6614583,,214.97917
2015-11-13,3.2411458,,211.41667
2015-11-14,3.3866668,,197.30208
2015-11-15,3.239375,,196.80208
2015-11-16,3.4576087,,197.84375
2015-11-17,3.2466667,,212.02083
2015-11-18,3.1394792,,246.91667
2015-11-19,3.1336458,,229.91667
2015-11-20,2.803125,,179.0
2015-11-21,2.9769793,,177.19792
2015-11-22,2.8984375,,176.0
2015-11-23,2.9253125,,168.875
2015-11-24,3.493125,,157.625
2015-11-25,3.41,,196.3125
2015-11-26,3.3647916,,202.51042
2015-11-27,3.2772915,,203.51042
2015-11-28,3.27,,194.65625
2015-11-29,3.2670834,,193.5625
2015-11-30,3.1685417,,196.34375
2015-12-01,3.8434374,,197.09375
2015-12-02,3.62,,169.80208
2015-12-03,3.5355883,,135.64583
2015-12-04,3.4595833,,146.79167
2015-12-05,3.4289584,,155.59375
2015-12-06,3.405625,,165.38542
2015-12-07,3.5077083,,166.11458
2015-12-08,3.4347918,,164.77083
2015-12-09,3.3925002,,169.15625
2015-12-10,3.41,,168.16667
2015-12-11,3.38375,,183.94792
2015-12-12,3.4085417,,192.34375
2015-12-13,3.36625,,191.38542
2015-12-14,3.3358333,,179.54167
2015-12-15,3.6915627,,178.08333
2015-12-16,3.69,,164.10715
2015-12-19,4.392353,,
2015-12-20,4.383333,,
2015-12-21,4.31,,183.25
2015-12-22,4.161667,,214.51042
2015-12-23,4.125,,224.59375
2015-12-24,4.065,,221.78572
2015-12-25,4.101667,,
2015-12-26,4.1442857,,
2015-12-30,2.3983824,,
2015-12-31,2.3960714,,
2016-01-04,1.2151471,,
2016-01-05,1.2775,,
2016-01-06,1.3558333,,
2016-01-07,1.4131249,,
2016-01-08,1.5015625,,
2016-01-09,1.481875,,
2016-01-10,1.4715625,,
2016-01-11,1.4875,,
2016-01-15,4.97,,
2016-01-16,4.97,,
2016-01-17,4.97,,
2016-01-18,4.97,,
2016-01-19,4.97,,
2016-01-20,4.968229,,
2016-01-21,4.9257293,,185.58824
2016-01-22,4.8842707,,193.35417
2016-01-23,3.9228125,,181.92708
2016-01-24,3.924375,,162.23958
2016-01-25,3.84,,160.58333
2016-01-26,3.8433332,,166.125
2016-01-27,3.8335416,,163.16667
2016-01-28,3.84,,160.85417
2016-01-29,3.849375,,141.51042
2016-01-30,3.8540623,,149.11458
2016-01-31,3.9524999,,190.91667
2016-02-01,3.986875,,209.0
2016-02-02,3.9884374,,215.67857
2016-02-03,3.984643,,
2016-02-09,3.13,,150.16176
2016-02-10,3.13,,172.44792
2016-02-11,3.13,,202.34375
2016-02-12,3.13,,196.21875
2016-02-13,3.0866668,,199.01042
2016-02-14,2.9986458,,220.875
2016-02-15,3.0,,234.77083
2016-02-16,3.0,,230.90625
2016-02-17,3.0,,229.71875
2016-02-18,2.995357,,246.38542
2016-02-19,2.87,,253.80208
2016-02-20,2.86,,322.91666
2016-02-21,3.405729,,276.95834
2016-02-22,4.0653124,,251.78125
2016-02-23,2.877684,,237.41667
2016-02-24,2.8794792,,231.61458
2016-02-25,2.8531914,,217.35417
2016-02-26,3.2772918,,199.60417
2016-02-27,3.13,,194.64583
2016-02-28,3.0392709,,200.22917
2016-02-29,3.1129885,,204.91667
2016-03-01,3.439271,,214.04167
2016-03-02,3.41875,,228.4375
2016-03-03,3.4420834,,243.1
2016-03-04,3.41,,252.66667
2016-03-05,3.3589585,,273.0729
2016-03-06,3.27,,301.95834
2016-03-07,3.2466667,,359.1875
2016-03-08,3.3604167,,398.9479
2016-03-09,3.0208333,,390.78125
2016-03-10,3.33125,,373.25
2016-03-11,3.2685416,,330.0104
2016-03-12,3.2684615,,321.9896
2016-03-13,3.2641666,,409.8021
2016-03-14,3.274375,,467.1354
2016-03-15,3.5135417,,475.52084
2016-03-16,3.4389584,,451.66666
2016-03-17,3.6932292,,441.54166
2016-03-18,3.7571876,,400.14584
2016-03-19,3.749375,,370.78125
2016-03-20,3.7353125,,367.5104
2016-03-21,3.7401042,,395.25
2016-03-22,4.1328125,,501.54166
2016-03-23,4.15,,647.90625
2016-03-24,3.816146,,688.5417
2016-03-25,3.5514584,,620.92706
2016-03-26,3.554375,,569.65625
2016-03-27,3.5602083,,465.08334
2016-03-28,3.6435416,,390.95834
2016-03-29,3.760729,,352.7396
2016-03-30,3.5558333,,363.125
2016-03-31,3.5004168,,360.8125
2016-04-01,3.41,,366.0625
2016-04-02,3.4041667,,325.9479
2016-04-03,3.405625,,326.79166
2016-04-04,3.4114585,,367.5729
2016-04-05,3.354479,,479.4375
2016-04-06,3.5142553,,696.6042
2016-04-07,3.2429166,,815.57294
2016-04-08,2.9403126,,974.1042
2016-04-09,3.9720833,,1123.4166
2016-04-10,3.8259375,,1222.6041
2016-04-11,3.9424467,,1349.4791
2016-04-12,3.6965625,,1299.7916
2016-04-13,3.5529165,,1135.3763
2016-04-14,3.635625,,1146.4584
2016-04-15,3.754896,,1213.75
2016-04-16,3.7569792,,1152.9166
2016-04-17,3.6173959,,1013.8125
2016-04-18,4.498958,,886.25
2016-04-19,3.4639583,,806.6667
2016-04-20,3.2947917,381.16666,739.4583
2016-04-21,3.3370833,439.0,699.03125
2016-04-22,3.528125,512.94794,768.7708
2016-04-23,8.960842,604.875,853.78125
2016-04-24,3.8040624,851.5833,885.6667
2016-04-25,3.9056249,643.76044,962.0
2016-04-26,3.8415625,600.9375,963.4375
2016-04-27,3.6872916,564.67706,875.5208
2016-04-28,8.307368,536.84375,873.6042
2016-04-29,3.283229,487.16666,899.65625
2016-04-30,4.29875,440.0,768.25
2016-05-01,9.238021,401.65625,724.0208
2016-05-02,3.3247917,356.5,741.84375
2016-05-03,2.6982293,326.5625,753.9583
2016-05-04,3.1263542,340.97916,765.80206
2016-05-05,3.7566667,413.14584,834.375
2016-05-06,2.9064584,516.0625,1027.7396
2016-05-07,6.2853127,654.23956,1224.2709
2016-05-08,3.260521,649.53125,1281.3541
2016-05-09,31.580105,693.86456,1257.9166
2016-05-10,57.595833,729.625,1506.4584
2016-05-11,44.152084,591.80206,1697.7084
2016-05-12,28.253647,485.0521,1617.3959
2016-05-13,3.9709375,422.0,1318.9584
2016-05-14,11.244479,395.1354,1249.5834
2016-05-15,3.1477084,398.52084,1295.3125
2016-05-16,18.675833,442.875,1401.6666
2016-05-17,55.047916,443.33334,1507.5
2016-05-18,51.040447,386.0625,1428.8541
2016-05-19,52.544792,326.28125,1346.9791
2016-05-20,45.770832,467.41666,1286.875
2016-05-21,53.171875,493.91666,1215.0
2016-05-22,60.965626,517.96875,1208.5416
2016-05-23,57.621876,451.2604,1272.2916
2016-05-24,52.977814,368.47916,1298.5416
2016-05-25,38.314583,314.64584,1242.3959
2016-05-26,23.169792,273.89584,1174.6875
2016-05-27,28.976042,244.57292,1128.4375
2016-05-28,36.306248,260.0,1039.6354
2016-05-29,39.107292,282.54166,907.2292
2016-05-30,36.483334,276.34375,786.625
2016-05-31,42.648956,212.86458,742.7083
2016-06-01,34.64552,195.02083,751.9167
2016-06-02,16.752708,195.98958,805.51044
2016-06-03,30.405209,202.96875,863.61456
2016-06-04,42.76979,196.35417,1267.2084
2016-06-05,63.158333,185.01042,1962.5
2016-06-06,60.84375,159.0,2326.3542
2016-06-07,48.0,160.91667,2471.875
2016-06-08,33.14479,162.10417,2248.5417
2016-06-09,33.0625,150.125,2253.8542
2016-06-10,40.970833,175.8125,2038.75
2016-06-11,39.1125,159.32292,2102.8125
2016-06-12,60.53958,225.08333,2260.8333
2016-06-13,60.178123,240.875,2644.2708
2016-06-14,33.166668,252.76042,2617.7083
2016-06-15,10.430625,236.3125,2188.3333
2016-06-16,23.62302,176.80208,1798.4375
2016-06-17,36.88333,154.6875,1636.3541
2016-06-18,29.111458,118.9375,1581.9791
2016-06-19,20.11875,120.64687,1532.2916
2016-06-20,29.397083,177.125,1497.3959
2016-06-21,20.104166,107.98021,1501.7709
2016-06-22,36.38125,130.71875,1475.625
2016-06-23,28.441668,136.80208,1335.4166
2016-06-24,21.010626,133.36458,1104.5312
2016-06-25,27.598957,123.135414,1079.8959
2016-06-26,16.883125,125.3125,925.88544
2016-06-27,6.861875,176.8125,799.44794
2016-06-28,2.8951042,140.4375,740.75
2016-06-29,4.289687,128.94792,722.7917
2016-06-30,19.914583,135.8125,609.6042
2016-07-01,13.379167,149.72917,662.61456
2016-07-02,22.862501,162.20833,1032.1041
2016-07-03,30.459375,184.58022,1314.1666
2016-07-04,20.48854,171.3125,1248.75
2016-07-05,10.245,123.489586,1198.2188
2016-07-06,7.912812,129.98021,848.0417
2016-07-07,12.388959,152.65625,754.15625
2016-07-08,8.913125,142.51042,648.28125
2016-07-09,7.1360416,145.22917,580.7917
2016-07-10,3.6801043,142.46875,517.5625
2016-07-11,3.5645833,157.79167,462.1979
2016-07-12,3.4333334,157.30104,423.3021
2016-07-13,3.4378126,145.59375,392.6979
2016-07-14,3.5179167,128.25,355.0
2016-07-15,3.6325,127.56979,320.3646
2016-07-16,3.4177084,134.92708,295.35416
2016-07-17,3.2802083,139.125,279.47916
2016-07-18,3.3885417,157.72917,260.10416
2016-07-19,4.334271,156.72604,226.3125
2016-07-20,3.1620834,143.91667,239.84375
2016-07-21,3.1713543,107.95937,316.6771
2016-07-22,3.432604,92.688545,376.875
2016-07-23,3.353125,122.35208,422.0625
2016-07-24,3.1985416,165.29167,360.6875
2016-07-25,3.12625,163.11458,293.25
2016-07-26,3.1153126,127.560104,266.5
2016-07-27,3.1375,116.51354,254.25
2016-07-28,3.2833333,120.390625,238.04167
2016-07-29,3.214896,118.282295,216.66667
2016-07-30,3.8248959,110.60729,199.36458
2016-07-31,3.0247917,118.864586,190.8125
2016-08-01,4.0525002,122.55312,172.03125
2016-08-02,3.4464583,97.85104,166.46875
2016-08-03,3.3341668,115.2875,166.25
2016-08-04,3.2845833,115.469795,156.46875
2016-08-05,3.2896876,108.316666,226.125
2016-08-06,3.2176042,134.47917,682.76044
2016-08-07,3.3414583,170.20938,1073.1771
2016-08-08,3.1771877,119.354164,1064.5625
2016-08-09,3.6754167,120.75938,825.0208
2016-08-10,3.574375,110.58437,547.6875
2016-08-11,3.4260418,138.20729,374.08334
2016-08-12,3.3703125,154.10417,313.89584
2016-08-13,3.3210416,140.97917,286.35416
2016-08-14,3.2072918,111.31979,255.41667
2016-08-15,3.160625,85.74687,230.14583
2016-08-16,3.1606252,98.171875,211.98958
2016-08-17,3.1620834,117.260414,191.22917
2016-08-18,3.1970835,114.344795,176.80208
2016-08-19,3.1614585,113.5625,170.9375
2016-08-20,3.0726042,131.85417,254.71875
2016-08-21,3.7204165,131.9375,199.66667
2016-08-22,4.772917,132.9427,179.17708
2016-08-23,3.2989583,114.472916,232.15625
2016-08-24,3.050625,101.53854,271.95834
2016-08-25,3.279375,105.64375,404.0729
2016-08-26,3.4219792,118.135414,378.4271
2016-08-27,3.3633335,138.82292,271.3854
2016-08-28,3.13,129.48958,269.3021
2016-08-29,3.040625,106.561455,339.08334
2016-08-30,3.1430209,60.223957,338.9271
2016-08-31,3.0859375,76.17812,341.75
2016-09-01,3.27,102.657295,291.6354
2016-09-02,3.3370833,148.8375,266.91666
2016-09-03,3.300625,155.61458,354.54166
2016-09-04,3.3545833,129.04167,283.59375
2016-09-05,3.2933333,143.54897,297.8229
2016-09-06,3.3035417,129.67397,239.98958
2016-09-07,3.3210416,111.27292,215.35417
2016-09-08,3.34,96.1,190.70833
2016-09-09,3.2946875,91.754166,178.83333
2016-09-10,3.2291667,86.10625,171.59375
2016-09-11,3.1708333,121.71875,163.375
2016-09-12,3.1766667,100.097916,155.07292
2016-09-13,3.2408333,102.9125,147.6875
2016-09-14,3.2525,177.67708,148.6875
2016-09-15,3.2685416,241.86458,153.39583
2016-09-16,3.288261,240.58333,139.51042
2016-09-17,3.2597916,208.69792,132.9375
2016-09-18,3.2350001,177.38542,127.916664
2016-09-19,3.2058334,132.17188,118.520836
2016-09-20,3.1795833,78.19063,116.197914
2016-09-21,3.1878262,84.41979,112.010414
2016-09-22,3.1897917,133.3052,108.46875
2016-09-23,3.26125,216.90625,117.302086
2016-09-24,3.27,256.75,171.66667
2016-09-25,3.2958696,203.8125,191.53125
2016-09-26,3.2897825,168.0625,197.73958
2016-09-27,3.2583332,139.47917,171.03125
2016-09-28,3.27,119.15417,160.125
2016-09-29,3.13,105.76458,156.03125
2016-09-30,3.1810417,104.93646,159.3125
2016-10-01,3.2306252,97.802086,163.65625
2016-10-02,3.2058334,94.48646,174.96875
2016-10-03,2.9134722,130.13542,180.875
2016-10-04,2.9404166,110.05104,167.3125
2016-10-05,2.9796875,95.99375,167.03125
2016-10-06,3.0566666,85.254166,159.84375
2016-10-07,4.099271,111.697914,157.65625
2016-10-08,3.4450002,113.14167,162.21875
2016-10-09,3.41,80.245834,160.1875
2016-10-10,3.4158335,76.28438,160.84375
2016-10-11,3.4158335,65.01771,159.15625
2016-10-12,3.4085417,97.81458,158.4375
2016-10-13,3.3254166,119.66875,154.46875
2016-10-14,3.2315626,190.21355,175.70833
2016-10-15,2.9932292,190.79167,174.45833
2016-10-16,2.8740623,120.427086,158.5625
2016-10-17,3.0190625,104.989586,153.46875
2016-10-18,3.0135417,96.575,152.03125
2016-10-19,2.8997915,97.54896,151.21875
2016-10-20,2.87,86.36042,150.9375
2016-10-21,2.8903124,82.770836,151.6875
2016-10-22,2.8794792,86.29375,148.4375
2016-10-23,2.88625,74.104164,145.82292
2016-10-24,2.87,77.12813,149.375
2016-10-25,2.9715624,79.941666,156.78125
2016-10-26,2.9878125,75.04792,157.15625
2016-10-27,2.9173958,77.98125,164.46875
2016-10-28,2.896354,78.43021,166.34375
2016-10-29,3.0728126,70.91563,164.8125
2016-10-30,3.0108333,66.5625,161.65625
2016-10-31,2.9891667,77.15833,162.75
2016-11-01,3.0940626,84.61771,160.34375
2016-11-02,3.4245834,80.29583,157.15625
2016-11-03,3.41,68.47396,155.5
2016-11-04,3.3910418,64.62813,155.28125
2016-11-05,3.3166666,64.92396,153.0625
2016-11-06,3.326875,64.78958,155.125
2016-11-07,3.4435418,62.03958,155.15625
2016-11-08,3.545625,57.244793,157.8125
2016-11-09,3.4493752,54.14792,158.3125
2016-11-10,3.423125,66.083336,157.5
2016-11-11,3.3691666,79.296875,153.0
2016-11-12,3.4202085,61.720833,150.5
2016-11-13,3.3341668,71.09583,149.05208
2016-11-14,5.2520833,66.25625,148.39583
2016-11-15,9.030625,57.789585,147.10417
2016-11-16,8.733334,55.18854,144.34375
2016-11-17,7.8297915,53.78229,144.82292
2016-11-18,3.31375,65.208336,147.34375
2016-11-19,3.2116668,63.329166,139.96875
2016-11-20,3.1883335,62.93646,136.58333
2016-11-21,3.1446877,66.88125,128.01042
2016-11-22,9.6344795,77.99896,158.21875
2016-11-23,7.535625,83.49167,161.0
2016-11-24,7.426146,84.28438,136.51042
2016-11-25,7.0597916,74.93958,127.083336
2016-11-26,7.591354,80.34062,114.822914
2016-11-27,8.004687,81.55729,110.25
2016-11-28,7.7531247,84.58646,107.17292
2016-11-29,3.6486459,79.19896,116.74792
2016-11-30,3.5822916,73.32604,162.02083
2016-12-01,3.5952084,76.558334,146.26042
2016-12-02,3.5835416,66.06979,122.791664
2016-12-03,3.5997918,63.513542,121.260414
2016-12-04,3.6085417,59.145832,123.59375
2016-12-05,3.5733333,60.175,124.589584
2016-12-06,3.59375,64.36667,106.59896
2016-12-07,3.6102083,55.6,107.97708
2016-12-08,3.5297916,52.7,113.20104
2016-12-09,4.1233335,60.094444,145.82812
2016-12-10,4.0516667,60.095833,140.97292
2016-12-11,4.048333,163.08542,133.55937
2016-12-12,3.9903126,132.39375,186.77083
2016-12-13,3.9634376,110.83542,190.04167
2016-12-14,3.9320834,94.67812,167.38542
2016-12-15,3.873229,90.36875,162.29167
2016-12-16,3.9053125,347.16354,159.85417
2016-12-17,3.865729,383.0625,192.67708
2016-12-18,3.4103124,191.10417,206.25
2016-12-19,3.7760417,153.1875,190.09375
2016-12-20,4.550208,131.16667,128.66978
2016-12-21,4.6801043,129.72043,94.99375
2016-12-22,4.418229,108.78125,104.876045
2016-12-23,3.6092708,99.083336,140.34375
2016-12-24,3.4616666,94.6875,179.13542
2016-12-25,3.4869792,102.60521,221.30208
2016-12-26,3.3789585,99.8375,212.95833
2016-12-27,3.343021,91.80521,168.08333
2016-12-28,3.3754165,79.93125,118.48125
2016-12-29,3.4022915,72.564514,128.71562
2016-12-30,3.4320834,73.850006,141.90312
2016-12-31,3.3561459,72.850006,150.51042
2017-01-01,3.3117707,67.149994,136.61458
2017-01-02,3.3016667,72.75,151.625
2017-01-03,3.2873957,68.7,191.47917
2017-01-04,3.2797916,77.1579,174.95699
2017-01-05,3.2878125,88.8375,174.16667
2017-01-06,3.1455224,83.85555,172.34375
2017-01-07,2.372809,94.8,149.61458
2017-01-08,3.1452084,98.3,132.04791
2017-01-09,3.2777083,172.0,176.16667
2017-01-10,3.2373958,366.2289,237.10417
2017-01-11,3.2165625,281.3646,240.61458
2017-01-12,3.2193751,287.0,249.01042
2017-01-13,3.196771,193.20833,209.07292
2017-01-14,3.0695832,159.44792,195.25
2017-01-15,3.0627084,146.72395,182.04167
2017-01-16,3.0517707,131.43541,190.16667
2017-01-17,3.0428123,128.76552,189.58333
2017-01-18,3.0142708,138.10146,182.54167
2017-01-19,3.0414584,129.125,176.28125
2017-01-20,3.0227084,117.89207,171.0
2017-01-21,3.027604,112.67396,167.29167
2017-01-22,2.9978125,107.08854,185.96875
2017-01-23,3.0033333,110.941666,184.29167
2017-01-24,2.9933333,106.23333,175.16667
2017-01-25,2.9302082,94.969795,188.54167
2017-01-26,2.9160416,95.53333,165.95833
2017-01-27,2.5427382,86.26458,158.375
2017-01-28,3.2030208,88.49048,131.04478
2017-01-29,3.4160416,91.0,111.46354
2017-01-30,3.1885417,89.975,119.64479
2017-01-31,3.1547916,90.975,151.41562
2017-02-01,3.10375,91.675,154.91667
2017-02-02,3.0897915,93.2,173.66667
2017-02-03,3.0459375,86.467125,186.27083
2017-02-04,3.0382292,89.09896,187.39583
2017-02-05,3.0342708,123.910416,185.94792
2017-02-06,3.0266666,140.08333,184.95833
2017-02-07,3.0128124,407.96875,178.51042
2017-02-08,3.0020833,1022.8333,181.79167
2017-02-09,2.9930208,1262.1146,179.75
2017-02-10,2.9883332,1611.6666,181.625
2017-02-11,3.0211458,1733.8541,186.5
2017-02-12,3.0580208,997.8958,198.20833
2017-02-13,3.021875,678.8958,202.41667
2017-02-14,2.9791667,549.05206,227.86458
2017-02-15,2.9465625,459.875,236.375
2017-02-16,2.93,411.0,228.51042
2017-02-17,2.9597917,388.5,215.19792
2017-02-18,2.9270835,396.91666,213.0625
2017-02-19,2.9184375,763.5208,219.36458
2017-02-20,2.9139583,834.9375,222.875
2017-02-21,3.24625,1021.84375,214.875
2017-02-22,3.2798958,1390.4062,206.125
2017-02-23,3.2553124,1005.40625,205.58333
2017-02-24,3.1761458,861.125,215.54167
2017-02-25,3.301771,763.0625,222.0625
2017-02-26,3.3240626,721.0417,204.16667
2017-02-27,3.43625,719.05206,202.33333
2017-02-28,3.5222917,672.2083,219.16667
2017-03-01,3.2875001,838.0208,216.39583
2017-03-02,3.3079166,1044.9375,219.41667
2017-03-03,3.3822918,1087.3959,198.29167
2017-03-04,3.4114585,1074.5834,199.70833
2017-03-05,3.4114585,1175.0,200.79167
2017-03-06,3.38375,1252.1875,210.79167
2017-03-07,2.9726043,1108.4375,212.91667
2017-03-08,2.780521,1123.6459,208.875
2017-03-09,2.78,1312.2916,200.9375
2017-03-10,2.8125,1395.0,213.58333
2017-03-11,2.83875,1408.6459,194.58333
2017-03-12,2.8562498,1429.5834,209.15625
2017-03-13,2.8662498,1447.5,262.6979
2017-03-14,2.87,1475.4166,334.7604
2017-03-15,2.9011457,1447.9166,408.0521
2017-03-16,2.9620833,1736.25,507.8646
2017-03-17,2.9675,1778.3334,756.67706
2017-03-18,2.9769793,1780.5209,996.82294
2017-03-19,3.0189583,1686.3541,1270.1041
2017-03-20,3.1830208,1725.1041,1589.0625
2017-03-21,3.3254168,1765.0,1709.0625
2017-03-22,3.2802083,1757.5,1657.8125
2017-03-23,3.2904167,2060.0,1551.25
2017-03-24,3.2685416,1951.4584,1461.3541
2017-03-25,3.24375,1784.4791,1216.6666
2017-03-26,3.1809375,1540.4166,1167.9166
2017-03-27,3.128646,1323.3334,1165.0
2017-03-28,3.1008334,1335.4166,1219.1666
2017-03-29,2.9717708,1163.6459,1125.9375
2017-03-30,2.8625,1089.5834,1122.2916
2017-03-31,2.8823957,1169.2709,1180.0
2017-04-01,2.814479,1146.25,1567.6041
2017-04-02,3.1091669,1137.5,1902.8125
2017-04-03,3.1693752,1143.9584,2121.0417
2017-04-04,3.1205208,1038.0625,2083.6458
2017-04-05,3.0775,958.42706,1908.125
2017-04-06,3.0784376,897.34375,1784.375
2017-04-07,3.0460417,887.05206,1784.375
2017-04-08,3.0652084,1052.4791,1942.8125
2017-04-09,3.0380208,1245.1041,2150.7292
2017-04-10,3.0067708,1144.8959,2024.8959
2017-04-11,3.0108333,1126.875,1911.5625
2017-04-12,3.0094793,1108.0,1908.2291
2017-04-13,3.0582292,1153.6979,1958.9584
2017-04-14,3.0791667,1264.7916,2202.6042
2017-04-15,3.0579166,1289.8959,2334.0625
2017-04-16,3.501875,1226.7709,2381.7708
2017-04-17,3.4741666,1249.7916,2354.5833
2017-04-18,3.3764584,1351.4584,2325.4167
2017-04-19,3.3429167,1698.4375,2370.3125
2017-04-20,3.1200001,1696.1459,2429.4792
2017-04-21,3.55875,1443.2291,2360.625
2017-04-22,3.52375,1286.5625,2152.1875
2017-04-23,3.4932292,1207.7084,2055.5208
2017-04-24,3.5310416,1228.2291,2027.7084
2017-04-25,3.4391668,1437.3959,2038.6459
2017-04-26,3.375,1251.9791,2058.8542
2017-04-27,3.2772918,1265.4166,2379.2708
2017-04-28,3.2539582,1206.25,2407.6042
2017-04-29,3.2145834,1188.4375,2345.1042
2017-04-30,3.1547918,1121.25,2295.9375
2017-05-01,3.1372917,1075.5209,2266.0417
2017-05-02,3.1307292,943.84375,2250.1042
2017-05-03,3.1433334,908.4792,2202.8125
2017-05-04,3.2702084,959.5417,2215.9375
2017-05-05,3.4595833,1092.6875,2880.4167
2017-05-06,3.6167707,1249.375,3703.2292
2017-05-07,3.8329167,1522.1875,4062.8125
2017-05-08,3.5840626,1700.7291,4363.75
2017-05-09,3.9223957,1611.5625,4379.271
2017-05-10,3.8266666,1597.8125,3796.6667
2017-05-11,3.7678125,1543.2291,3056.1458
2017-05-12,3.4392707,1538.0209,2260.5208
2017-05-13,3.6798959,1646.7709,1852.8125
2017-05-14,3.7609375,1277.1875,1875.4166
2017-05-15,4.018021,1172.1875,2042.3959
2017-05-16,3.784896,1261.3541,1964.375
2017-05-17,3.6607292,1380.5209,1847.6041
2017-05-18,3.756354,1369.1666,1819.6875
2017-05-19,3.8321874,1187.1875,1872.1875
2017-05-20,3.7196875,909.3542,1768.6459
2017-05-21,3.685625,790.59375,1770.0
2017-05-22,3.64625,718.1667,1815.8334
2017-05-23,3.598125,709.80206,1682.5
2017-05-24,3.620104,676.4583,1448.6459
2017-05-25,3.7071877,767.0,1260.9375
2017-05-26,3.7259376,812.125,1235.625
2017-05-27,3.79,854.125,1225.0
2017-05-28,3.7759376,809.5833,1218.0209
2017-05-29,3.705625,813.59375,1106.4584
2017-05-30,3.655,832.34375,1067.8125
2017-05-31,3.6477084,795.28125,1000.26044
2017-06-01,3.7076042,1031.2916,976.0208
2017-06-02,3.8641667,1120.2084,1015.61456
2017-06-03,3.5165625,1133.5416,1114.4791
2017-06-04,3.0189583,1288.4375,1194.8959
2017-06-05,3.3896875,1639.1666,1251.9791
2017-06-06,4.0088544,1725.625,1583.2291
2017-06-07,6.2577085,1677.5,2285.1042
2017-06-08,12.934167,1705.0,2421.1458
2017-06-09,16.272917,1501.4584,2343.75
2017-06-10,16.303125,1235.2084,2363.0208
2017-06-11,16.420834,1090.3229,2543.2292
2017-06-12,17.577894,929.1458,2682.5
2017-06-13,16.1325,1035.3854,2562.5
2017-06-14,3.5596876,1104.0312,2150.7292
2017-06-15,4.6494794,777.21875,1721.6666
2017-06-16,4.603854,587.05206,1622.2916
2017-06-17,4.6072917,514.80206,1616.9791
2017-06-18,4.603542,483.78125,1573.8541
2017-06-19,4.477083,543.5208,1593.125
2017-06-20,4.035521,546.34375,1575.4166
2017-06-21,3.6779165,512.80206,1671.6666
2017-06-22,3.8383334,497.33334,1970.7291
2017-06-23,4.4716663,457.89584,1749.8959
2017-06-24,4.4249997,415.5729,1503.4375
2017-06-25,4.1583333,304.11145,1383.3334
2017-06-26,4.0916667,220.5,1179.6875
2017-06-27,4.27,201.75,1090.1041
2017-06-28,4.9708333,201.76042,956.3542
2017-06-29,5.9559374,187.44792,899.86456
2017-06-30,5.3,185.0625,777.8958
2017-07-01,5.22125,201.42708,664.53125
2017-07-02,5.2625003,192.40625,618.625
2017-07-03,5.3814583,176.18854,581.98956
2017-07-04,8.269063,180.44792,550.2917
2017-07-05,5.31875,184.4375,517.875
2017-07-06,5.31125,180.55208,512.7292
2017-07-07,5.26625,164.83333,501.1771
2017-07-08,5.200625,130.82292,480.375
2017-07-09,5.082604,174.38542,467.2604
2017-07-10,5.039375,166.78125,464.66666
2017-07-11,4.998646,169.61458,450.77084
2017-07-12,5.0398955,174.72917,454.77084
2017-07-13,4.1186457,161.0625,568.09375
2017-07-14,3.8321874,159.15625,818.1875
2017-07-15,3.7277083,169.90625,783.1875
2017-07-16,3.676875,159.01042,690.0625
2017-07-17,3.598125,178.56876,517.8125
2017-07-18,3.536875,158.59792,437.28125
2017-07-19,3.4552083,173.625,403.5104
2017-07-20,3.4246876,148.53125,401.75
2017-07-21,3.3589585,134.84375,453.3125
2017-07-22,3.256875,126.8125,434.70834
2017-07-23,3.221875,164.80208,556.51044
2017-07-24,3.1693752,166.84375,484.28125
2017-07-25,8.326667,151.8125,489.6354
2017-07-26,3.3341668,208.57292,534.3542
2017-07-27,3.265625,234.8125,867.67706
2017-07-28,3.2583332,177.59375,771.90625
2017-07-29,3.26125,156.35417,464.84375
2017-07-30,3.1737502,144.64583,476.2604
2017-07-31,3.2145834,139.17708,460.2396
2017-08-01,3.1708333,138.90625,421.0
2017-08-02,3.1402085,126.84375,361.46875
2017-08-03,3.1752083,121.885414,324.39584
2017-08-04,3.2058334,128.29167,312.4479
2017-08-05,3.195625,142.80208,352.3646
2017-08-06,3.1344793,145.11458,308.03125
2017-08-07,3.1301043,120.395836,339.84042
2017-08-08,3.1083333,131.13542,356.5521
2017-08-09,3.189271,153.1875,528.625
2017-08-10,3.186875,129.74791,362.41666
2017-08-11,3.1839583,110.275,319.40625
2017-08-12,3.1652083,127.614586,292.0625
2017-08-13,3.1563542,133.11458,366.2396
2017-08-14,3.1273959,135.19376,312.90625
2017-08-15,3.120625,125.322914,273.0104
2017-08-16,3.112396,147.30208,247.98837
2017-08-17,3.1097918,122.229164,209.76042
2017-08-18,3.0843751,112.629166,199.41667
2017-08-19,3.0947917,111.004166,190.33333
2017-08-20,3.079896,116.6875,183.54167
2017-08-21,3.0934377,117.114586,174.96875
2017-08-22,3.0636458,113.427086,167.875
2017-08-23,3.0501041,122.604164,164.83333
2017-08-24,3.017604,126.885414,160.625
2017-08-25,3.024375,110.02396,154.1875
2017-08-26,3.0135417,99.530205,137.51042
2017-08-27,3.1470833,116.625,127.0625
2017-08-28,3.335625,119.052086,122.9375
2017-08-29,3.1364584,100.60729,116.927086
2017-08-30,3.0704167,100.39896,111.489586
2017-08-31,3.04875,105.74271,102.40625
2017-09-01,3.0352085,131.0,101.84688
2017-09-02,3.0433333,149.17708,101.936455
2017-09-03,3.014896,156.23958,96.67292
2017-09-04,2.9809375,142.22917,99.08646
2017-09-05,3.0230207,108.71146,94.57292
2017-09-06,3.0433333,101.69688,91.14896
2017-09-07,3.0541668,108.552086,90.731186
2017-09-08,3.0514584,130.27605,91.50938
2017-09-09,3.0365624,138.39583,94.1448
2017-09-10,3.0365624,170.60417,96.67084
2017-09-11,3.0257292,134.27083,96.20625
2017-09-12,3.128646,110.48333,98.50729
2017-09-13,3.536875,100.97188,125.885414
2017-09-14,3.789375,126.458336,104.91563
2017-09-15,4.6158333,175.86458,124.354164
2017-09-16,3.88375,218.41667,111.98854
2017-09-17,4.300833,188.83333,119.722916
2017-09-18,4.863854,145.64583,166.51042
2017-09-19,3.8884375,146.41667,126.583336
2017-09-20,3.8696873,147.01042,101.609375
2017-09-21,3.8446875,154.79167,88.775
2017-09-22,4.9105206,166.09375,74.67291
2017-09-23,4.083646,164.16667,68.979164
2017-09-24,4.708542,195.27083,72.80521
2017-09-25,4.36,203.85417,86.495834
2017-09-26,4.133333,160.89583,117.739586
2017-09-27,3.9714584,136.875,134.36458
2017-09-28,3.9639583,126.083336,128.63542
2017-09-29,3.973854,112.20208,123.15625
2017-09-30,3.875729,110.44375,156.66667
2017-10-01,3.8451042,134.78125,165.0625
2017-10-02,3.7785416,141.64792,145.03125
2017-10-03,3.751979,150.46875,135.60417
2017-10-04,3.5728126,143.05208,133.19792
2017-10-05,3.533125,125.25,130.30208
2017-10-06,3.5096874,102.58542,127.65625
2017-10-07,3.4688542,83.995834,115.791664
2017-10-08,3.4020834,111.09583,117.5
2017-10-09,3.3735416,123.739586,120.260414
2017-10-10,3.339375,128.29167,147.01042
2017-10-11,3.3084376,108.58437,148.84375
2017-10-12,3.2346876,90.95208,156.45833
2017-10-13,3.2041667,103.302086,153.38542
2017-10-14,3.152604,143.73958,150.03125
2017-10-15,3.1086457,172.59375,143.54167
2017-10-16,3.0835416,211.10417,143.58333
2017-10-17,3.0388541,151.77396,144.96875
2017-10-18,3.05125,103.95,147.32292
2017-10-19,3.0602083,99.45,147.58696
2017-10-20,3.2883332,81.43958,145.53125
2017-10-21,3.045104,88.61354,143.03125
2017-10-22,3.0404167,97.089584,165.72917
2017-10-23,3.0530207,93.35521,159.5
2017-10-24,3.075,73.31771,159.71875
2017-10-25,3.0933332,73.71146,158.97917
2017-10-26,3.1046875,81.06563,161.91667
2017-10-27,3.0039585,81.01979,158.82292
2017-10-28,3.144375,79.99062,156.53125
2017-10-29,3.0109375,81.427086,156.17708
2017-10-30,2.9579167,82.578125,154.75
2017-10-31,2.9271877,78.31875,152.04167
2017-11-01,2.9790626,74.75833,152.125
2017-11-02,3.0298958,71.93021,155.25
2017-11-03,3.0233333,74.745834,167.17708
2017-11-04,3.019271,71.11875,161.1875
2017-11-05,3.0239582,77.73229,156.65625
2017-11-06,3.151875,77.82916,156.25
2017-11-07,3.1433334,83.77396,159.44792
2017-11-08,3.0842707,82.83854,160.29167
2017-11-09,3.0736458,76.30937,160.33333
2017-11-10,3.0272915,74.2125,162.25
2017-11-11,3.0033333,72.95937,160.80208
2017-11-12,2.9514585,67.864586,156.82292
2017-11-13,2.9163542,69.66146,155.25
2017-11-14,2.8986459,72.7125,154.16667
2017-11-15,2.884271,76.563545,150.98958
2017-11-16,2.9326043,66.70729,152.20833
2017-11-17,3.06625,139.23438,149.85417
2017-11-18,3.1879168,149.48958,150.125
2017-11-19,4.078125,107.75938,148.05208
2017-11-20,4.0709376,73.92292,149.41667
2017-11-21,3.9910417,98.13958,141.95833
2017-11-22,3.9297917,86.06563,119.697914
2017-11-23,3.923125,97.69479,103.29271
2017-11-24,3.9121873,91.58437,117.135414
2017-11-25,3.8496873,87.135414,120.041664
2017-11-26,3.7640624,83.65312,120.208336
2017-11-27,3.6302083,76.40938,119.375
2017-11-28,3.4914582,62.790627,119.25
2017-11-29,3.0846875,67.73333,123.083336
2017-11-30,3.08875,69.2125,123.46875
2017-12-01,3.0742707,76.65625,142.59375
2017-12-02,3.0834374,70.12604,146.52083
2017-12-03,3.074375,70.78229,147.59375
2017-12-04,3.0646913,75.01771,148.875
2017-12-05,2.9233334,73.45104,148.91667
2017-12-06,2.8391666,65.725,143.65625
2017-12-07,2.93,60.266666,127.625
2017-12-08,2.9191668,60.566666,80.33462
2017-12-09,2.9141667,64.7,75.98333
2017-12-10,2.9825,68.23334,65.825
2017-12-11,2.9977777,69.1,76.041664
2017-12-12,3.0626042,70.13333,77.916664
2017-12-13,3.0990624,70.03333,79.38333
2017-12-14,3.0948958,62.633335,86.125
2017-12-15,3.0842707,59.36667,93.2
2017-12-16,3.0941665,65.73334,92.333336
2017-12-17,3.0791667,76.113335,91.691666
2017-12-18,3.0780208,69.38958,104.14167
2017-12-19,3.0520833,61.70729,108.38333
2017-12-20,3.05,54.097916,129.33333
2017-12-21,3.0986457,56.690624,137.25
2017-12-22,3.0910525,62.45778,118.666664
2017-12-23,3.11625,62.72,123.25
2017-12-24,3.0802083,64.979546,124.333336
2017-12-25,3.085625,62.025,125.083336
2017-12-26,3.252604,64.18824,126.416664
2017-12-27,4.6259375,67.01459,122.333336
2017-12-28,4.329271,61.797916,118.25
2017-12-29,3.5861459,55.275997,120.666664
2017-12-30,3.5502083,57.9175,111.833336
2017-12-31,3.3172917,57.10625,116.083336
2018-01-01,3.161146,56.15161,120.833336
2018-01-02,3.1445835,56.066666,118.166664
2018-01-03,3.139412,53.9,97.86667
2018-01-04,3.0633333,58.766666,97.441666
2018-01-05,3.1151516,54.733334,94.325
2018-01-06,3.1620834,52.166664,103.925
2018-01-07,3.1338542,56.6,108.083336
2018-01-08,3.5489585,56.6,100.375
2018-01-09,4.5459375,58.217648,100.5
2018-01-10,3.2835417,90.39792,125.083336
2018-01-11,2.9041667,130.90105,153.83333
2018-01-12,2.8894792,107.308334,158.83333
2018-01-13,2.71125,91.520836,140.91667
2018-01-14,3.1766667,82.04063,122.333336
2018-01-15,4.1554165,87.36354,115.333336
2018-01-16,3.6573958,63.20625,100.575
2018-01-17,3.0390625,60.11667,96.4
2018-01-18,3.081771,60.916668,96.325
2018-01-19,2.9866667,71.09271,88.25833
2018-01-20,3.150625,74.177086,90.275
2018-01-21,3.019271,74.7625,112.416664
2018-01-22,2.948125,87.46087,124.5
2018-01-23,3.6,69.84255,137.13513
2018-01-24,3.9344828,65.28889,119.13646
2018-01-25,3.7353125,65.725,110.07188
2018-01-26,3.67625,63.26979,123.29063
2018-01-27,3.6127083,73.31875,107.55729
2018-01-28,3.5674999,65.958336,135.76459
2018-01-29,3.1564584,64.08854,136.01042
2018-01-30,3.1182292,57.341667,134.52083
2018-01-31,3.0690625,70.51771,129.725
2018-02-01,3.0379167,79.08437,156.33333
2018-02-02,3.25875,77.46146,167.42708
2018-02-03,3.59375,83.60104,169.20833
2018-02-04,3.57625,108.39687,167.73958
2018-02-05,3.55875,116.67604,164.17708
2018-02-06,3.5222917,115.99271,157.29167
2018-02-07,3.4493752,98.05,158.47917
2018-02-08,3.4639583,90.14896,161.39583
2018-02-09,3.4245834,72.74479,145.65625
2018-02-10,3.4158335,77.22604,144.58333
2018-02-11,3.3429167,70.41979,154.88542
2018-02-12,3.326875,73.285416,150.23958
2018-02-13,3.2991667,77.48646,159.03125
2018-02-14,3.1897917,71.83854,151.36458
2018-02-15,3.253125,71.60729,163.25
2018-02-16,3.318125,61.392708,157.83333
2018-02-17,4.7039585,69.48646,150.01042
2018-02-18,5.2766666,65.57083,145.70833
2018-02-19,5.28125,74.44271,141.09375
2018-02-20,4.481458,66.94479,139.73958
2018-02-21,2.8623958,61.891666,142.45833
2018-02-22,3.2876043,64.69231,139.625
2018-02-23,3.100625,63.25,132.01042
2018-02-24,3.0244792,63.4,142.90625
2018-02-25,3.0067708,58.47222,138.73958
2018-02-26,3.0872917,65.902084,151.36458
2018-02-27,3.370625,60.80417,132.09375
2018-02-28,3.2914584,60.64375,135.9375
2018-03-01,3.04875,58.82396,143.71875
2018-03-02,3.0013542,60.256252,148.73958
2018-03-03,3.1825001,62.350002,142.625
2018-03-04,3.1679168,63.953125,141.89583
2018-03-05,3.0391667,61.951042,142.19792
2018-03-06,3.0290625,60.24896,145.13542
2018-03-07,3.0629168,60.49836,149.26042
2018-03-08,3.0040624,54.817013,146.54167
2018-03-09,2.943125,63.050346,126.322914
2018-03-10,2.9255207,67.01354,119.520836
2018-03-11,2.9146874,74.156944,110.4375
2018-03-12,2.920104,74.040276,108.427086
2018-03-13,2.9025,77.074646,112.15625
2018-03-14,2.8796873,78.838196,110.4375
2018-03-15,2.900104,207.96494,114.25
2018-03-16,2.8702083,186.49306,123.302086
2018-03-17,3.2864583,149.25,137.0625
2018-03-18,3.2904167,138.59305,150.54167
2018-03-19,3.131146,127.32361,143.71875
2018-03-20,3.138646,105.96562,145.16667
2018-03-21,3.239375,101.96597,187.91667
2018-03-22,3.159271,111.36042,184.95833
2018-03-23,3.236146,484.76736,189.58333
2018-03-24,3.0757291,371.39236,192.70833
2018-03-25,2.95125,277.74304,198.95833
2018-03-26,2.9030209,252.32986,218.54167
2018-03-27,2.7613542,190.12639,209.08333
2018-03-28,3.6705208,160.2743,201.29167
2018-03-29,3.2679167,157.66667,196.91667
2018-03-30,3.0172918,147.48264,193.08333
2018-03-31,2.8812501,144.15277,191.20833
2018-04-01,3.39875,139.12152,187.79167
2018-04-02,3.1575,148.79167,191.125
2018-04-03,3.0589583,161.97917,186.29167
2018-04-04,2.9765625,161.42361,152.19792
2018-04-05,2.9433334,134.93402,148.04167
2018-04-06,2.8836458,134.1007,146.48958
2018-04-07,2.9864583,195.42014,130.23958
2018-04-08,3.0829167,322.03473,121.65625
2018-04-09,2.9046874,274.92188,115.1875
2018-04-10,3.0740623,234.37152,170.1875
2018-04-11,2.9791667,204.65973,209.60417
2018-04-12,3.2048957,255.01736,171.55208
2018-04-13,3.29875,257.5104,141.66667
2018-04-14,3.2825,218.60764,134.11458
2018-04-15,3.091771,203.73611,134.5
2018-04-16,3.0831249,186.6493,129.0
2018-04-17,3.5129168,181.03125,114.71875
2018-04-18,3.2597916,169.44792,104.21667
2018-04-19,3.4066668,154.5243,96.867714
2018-04-20,3.1609375,150.76389,93.20417
2018-04-21,3.3443751,140.48611,83.79063
2018-04-22,3.3472917,167.50694,79.08437
2018-04-23,3.2102084,207.95486,81.04792
2018-04-24,3.172396,226.01389,83.13959
2018-04-25,3.1261458,184.39236,87.739586
2018-04-26,3.1314585,148.16667,82.55104
2018-04-27,3.1614585,119.74792,84.53333
2018-04-28,3.2904167,108.92465,83.354164
2018-04-29,3.19,168.72673,93.88959
2018-04-30,3.1017709,168.4375,101.66979
2018-05-01,3.1876042,215.15625,120.59375
2018-05-02,3.2369792,184.44792,124.96875
2018-05-03,3.3677084,145.07639,135.94792
2018-05-04,3.2466667,123.68576,136.85417
2018-05-05,3.2058334,90.80521,137.5
2018-05-06,3.1708333,88.46597,136.41667
2018-05-07,3.1571875,94.55,124.8125
2018-05-08,3.081875,105.57917,107.28646
2018-05-09,3.0620832,101.26875,101.29896
2018-05-10,3.22625,114.01632,140.88542
2018-05-11,3.0435417,153.94444,213.61458
2018-05-12,3.4584374,198.89027,241.16667
2018-05-13,3.835625,194.59375,296.53125
2018-05-14,3.2729168,182.24652,265.5521
2018-05-15,3.3435416,159.82986,259.53125
2018-05-16,3.1390624,121.15451,245.01042
2018-05-17,3.4172916,93.53333,243.35417
2018-05-18,3.484375,88.60139,263.6979
2018-05-19,3.388125,100.1993,298.96875
2018-05-20,3.3370833,66.061806,276.7604
2018-05-21,3.2964582,118.696526,234.29167
2018-05-22,3.3208334,131.71527,209.75
2018-05-23,3.3004167,155.96527,182.97917
2018-05-24,3.405625,135.8368,190.23958
2018-05-25,3.3910418,101.15972,170.17708
2018-05-26,3.3239584,109.54097,142.35417
2018-05-27,3.3297918,126.15938,169.51042
2018-05-28,3.3400002,134.26389,228.45833
2018-05-29,3.3341668,193.0382,190.27083
2018-05-30,3.3502083,162.51389,189.16667
2018-05-31,3.2379167,96.97361,152.13542
2018-06-01,3.2820833,121.267365,152.51042
2018-06-02,3.4639583,108.254166,141.67708
2018-06-03,3.4172916,101.55798,152.58333
2018-06-04,3.3925002,101.64965,153.46875
2018-06-05,3.34875,110.513885,161.39583
2018-06-06,3.3327084,110.7809,149.79167
2018-06-07,3.3647916,109.66597,129.69792
2018-06-08,3.3122916,99.31597,134.125
2018-06-09,3.305,139.45833,130.57292
2018-06-10,3.2466667,129.16667,124.145836
2018-06-11,3.1668751,137.4618,115.375
2018-06-12,3.1920834,121.71632,104.24375
2018-06-13,3.1469793,140.875,90.70729
2018-06-14,3.1015625,113.00174,82.91146
2018-06-15,3.1215625,93.52153,73.57188
2018-06-16,3.0570834,111.09549,63.290623
2018-06-17,3.0976043,129.34862,61.502083
2018-06-18,3.0244792,133.35417,62.772915
2018-06-19,2.9810417,132.94202,75.23334
2018-06-20,2.903229,87.74792,99.74479
2018-06-21,2.8075,108.093056,76.12292
2018-06-22,2.7177083,122.30903,63.354164
2018-06-23,2.6027083,117.18056,54.891666
2018-06-24,2.5841668,130.27777,49.214584
2018-06-25,2.5957294,151.23611,45.020832
2018-06-26,2.619896,101.63333,39.371876
2018-06-27,2.554375,100.10208,33.277084
2018-06-28,2.5071876,105.26354,29.979166
2018-06-29,2.4672916,134.42014,28.686459
2018-06-30,2.4740624,153.33333,26.159374
2018-07-01,2.3323958,154.02188,22.615625
2018-07-02,2.3672917,156.10417,17.41875
2018-07-03,2.4570835,150.73611,15.021875
2018-07-04,2.4305208,128.09723,13.040625
2018-07-05,2.3491666,122.138885,11.575001
2018-07-06,2.3580208,110.86076,9.92125
2018-07-07,2.3722918,99.51285,9.801042
2018-07-08,2.593021,111.51945,9.742812
2018-07-09,2.494375,138.31598,8.906146
2018-07-10,2.398125,132.31389,7.257292
2018-07-11,2.5288541,131.17084,9.454479
2018-07-12,2.6952083,148.56598,18.452084
2018-07-13,2.794375,172.63368,20.525
2018-07-14,5.055521,143.07986,20.055208
2018-07-15,3.029375,136.13403,29.288542
2018-07-16,3.179375,131.10556,36.975
2018-07-17,3.0797918,129.4132,35.072918
2018-07-18,3.54625,132.45174,31.011457
2018-07-19,3.3010416,116.26667,31.111458
2018-07-20,3.1670833,116.14132,44.897915
2018-07-21,3.1051042,114.40278,40.734375
2018-07-22,3.058125,136.86354,38.30104
2018-07-23,3.0204167,170.37152,38.840626
2018-07-24,3.036146,130.61806,33.019794
2018-07-25,2.9841666,114.86562,28.611458
2018-07-26,2.9092708,96.27187,24.819792
2018-07-27,2.8179166,98.782295,54.306248
2018-07-28,2.7990625,121.43924,49.346874
2018-07-29,2.9179165,107.38611,48.942707
2018-07-30,2.853021,121.23299,43.06875
2018-07-31,2.7664583,97.03611,32.539585
2018-08-01,3.0367708,112.4125,25.090626
2018-08-02,2.8575,102.754166,24.151041
2018-08-03,2.8621874,130.8368,20.184376
2018-08-04,2.8227084,134.3993,16.313541
2018-08-05,2.8622916,146.54861,15.769792
2018-08-06,2.7288542,127.25,14.646875
2018-08-07,2.6845834,109.30278,12.172916
2018-08-08,2.6678126,104.864586,11.318438
2018-08-09,2.6315625,88.74514,8.049896
2018-08-10,2.6114583,100.89375,6.5863543
2018-08-11,2.568646,112.03472,6.68125
2018-08-12,2.6178126,121.650696,5.675417
2018-08-13,2.551771,117.97327,4.691354
2018-08-14,2.5460417,89.135765,4.3195834
2018-08-15,2.5860417,98.06875,3.7863414
2018-08-16,2.6326041,94.28785,2.6025
2018-08-17,2.8720834,93.8625,2.54875
2018-08-18,2.7155209,117.48646,3.30875
2018-08-19,2.560521,194.71527,5.06125
2018-08-20,2.5663543,126.12153,5.9445944
2018-08-21,5.0446877,125.388885,6.304375
2018-08-22,3.16375,122.4684,32.69104
2018-08-23,2.5102084,250.51042,89.26146
2018-08-24,2.9185417,205.14583,46.310417
2018-08-25,2.926979,169.79514,25.110416
2018-08-26,2.835,151.12848,21.690624
2018-08-27,2.8255208,118.11181,24.11875
2018-08-28,2.74625,128.15486,532.2552
2018-08-29,2.7121875,112.97361,139.68124
2018-08-30,2.725,102.395836,60.879166
2018-08-31,2.7852082,109.833336,42.98854
2018-09-01,2.7732291,95.89479,32.884377
2018-09-02,2.8416667,92.02604,27.228125
2018-09-03,2.889375,117.92986,23.591667
2018-09-04,2.8396873,99.380905,20.525
2018-09-05,2.8529167,69.82222,19.583334
2018-09-06,3.1109376,85.86701,20.978125
2018-09-07,2.918125,108.74062,28.502083
2018-09-08,2.7982955,106.619446,53.747917
2018-09-09,2.77125,118.281944,47.502083
2018-09-10,2.73375,143.93854,38.63229
2018-09-11,2.6156251,102.48815,36.867706
2018-09-12,2.5961363,90.9607,39.114582
2018-09-13,2.5572917,91.91736,35.415627
2018-09-14,2.489091,101.093056,25.952084
2018-09-15,2.3753126,101.145485,21.507292
2018-09-16,2.3969564,85.31528,19.666666
2018-09-17,2.4121876,81.9559,19.039583
2018-09-18,2.435625,73.57361,15.787499
2018-09-19,2.3978126,72.75452,12.566667
2018-09-20,2.4657292,70.37118,11.30625
2018-09-21,2.4398959,92.124306,8.831875
2018-09-22,2.4260416,120.70416,8.484375
2018-09-23,2.422396,106.8007,9.247292
2018-09-24,2.433854,83.12639,10.43
2018-09-25,2.4779167,75.01806,13.253125
2018-09-26,2.4061458,72.10903,14.763541
2018-09-27,2.3291667,61.120487,15.787499
2018-09-28,2.296875,68.02361,17.544792
2018-09-29,2.2903125,60.884827,19.533333
2018-09-30,2.2322917,74.0675,19.9
2018-10-01,2.3527083,180.21736,20.554167
2018-10-02,2.8140624,159.82257,22.59375
2018-10-03,3.3441668,118.53924,25.04375
2018-10-04,2.7630208,120.92778,31.689583
2018-10-05,2.7691667,131.50937,43.11354
2018-10-06,2.941875,122.140625,75.94583
2018-10-07,2.0892708,106.98542,164.8125
2018-10-08,2.0614583,96.25278,453.6354
2018-10-09,2.8915625,90.099304,313.22916
2018-10-10,2.9860415,109.18576,237.90625
2018-10-11,6.65,119.00694,222.08333
2018-10-12,2.6841667,104.43958,213.57143
2018-10-13,2.4896874,97.55139,127.604164
2018-10-14,2.455,90.96667,106.71771
2018-10-15,2.4955208,83.72222,88.03646
2018-10-16,2.6605208,84.875694,76.2
2018-10-17,2.5954168,82.73403,71.379166
2018-10-18,2.5648959,78.37882,96.69479
2018-10-19,2.636771,80.07569,116.125
2018-10-20,2.589896,75.99722,115.072914
2018-10-21,2.5434375,72.10694,114.104164
2018-10-22,2.5741937,69.43924,110.770836
2018-10-23,2.816146,69.01632,115.427086
2018-10-24,2.9061458,69.72708,116.20408
2018-10-25,2.8363543,71.79618,126.53191
2018-10-26,2.8310418,63.74757,127.53333
2018-10-27,2.8069792,60.360416,125.895836
2018-10-28,2.7909374,55.46389,122.239586
2018-10-29,2.9108334,54.307987,119.239586
2018-10-30,2.827396,47.065277,114.083336
2018-10-31,2.8414583,47.265972,112.177086
2018-11-01,2.905521,56.40486,116.083336
2018-11-02,3.2309375,57.314236,121.3125
2018-11-03,2.6586459,52.318054,118.5625
2018-11-04,2.621354,48.14965,115.364586
2018-11-05,2.7709374,53.755554,113.427086
2018-11-06,2.9691668,52.161804,112.90625
2018-11-07,2.8223958,45.643055,105.614586
2018-11-08,3.128646,47.240276,105.84375
2018-11-09,3.065,58.209026,99.61875
2018-11-10,3.067604,52.209373,98.19271
2018-11-11,3.0797915,59.68264,96.950005
2018-11-12,2.9244792,62.42917,86.370834
2018-11-13,2.76375,63.273262,88.11562
2018-11-14,2.9829166,58.511806,93.64792
2018-11-15,3.0529168,52.056595,81.74167
2018-11-16,3.1279168,70.90173,69.29896
2018-11-17,3.1497917,62.8316,80.81875
2018-11-18,3.1428125,60.33125,100.438545
2018-11-19,3.1392708,51.461666,104.61875
2018-11-20,3.1715624,44.37375,110.171875
2018-11-21,3.1776042,46.402,90.609375
2018-11-22,3.1939583,50.12604,62.48125
2018-11-23,3.1930208,53.121876,58.784374
2018-11-24,3.1564584,75.34861,60.555206
2018-11-25,3.1544793,91.11042,66.46042
2018-11-26,3.0998957,58.65684,101.65625
2018-11-27,3.1330209,52.531597,104.04584
2018-11-28,3.0784376,57.296875,72.708336
2018-11-29,3.0152082,67.365974,67.73541
2018-11-30,3.0391667,73.313194,93.083336
2018-12-01,3.0878124,79.1132,141.58333
2018-12-02,3.0822916,70.05278,131.14583
2018-12-03,3.1109376,73.36875,119.458336
2018-12-04,3.0259376,59.369793,111.104164
2018-12-05,3.069375,51.166668,107.24375
2018-12-06,3.0636458,57.13333,86.73125
2018-12-07,3.0609376,61.321335,80.09375
2018-12-08,3.0365624,55.13125,105.64479
2018-12-09,3.0501041,54.16354,119.8125
2018-12-10,3.0257292,55.38993,107.9875
2018-12-11,3.0595834,53.531944,90.816666
2018-12-12,3.0460417,53.838886,78.402084
2018-12-13,2.9959376,51.695198,67.50208
2018-12-14,2.7814584,43.466667,85.58854
2018-12-15,3.2029166,49.466667,75.36042
2018-12-16,3.1766667,54.25,102.64792
2018-12-17,3.1651042,54.135063,86.49375
2018-12-18,3.1345835,52.022915,99.395836
2018-12-19,3.0915625,49.900692,80.78571
2018-12-20,3.0789585,50.062153,66.95
2018-12-21,3.0651042,50.433334,68.0
2018-12-22,3.0582292,54.357986,61.666668
2018-12-23,3.0541668,53.507843,61.783333
2018-12-24,3.0379167,51.41215,59.833332
2018-12-25,3.040625,54.983334,70.6
2018-12-26,3.0472727,54.56632,76.48333
2018-12-27,2.9810417,56.026043,87.316666
2018-12-28,2.9023957,51.62371,67.03333
2018-12-29,2.7,42.766666,62.333332
2018-12-30,2.5466666,46.783333,60.283333
2018-12-31,2.5525,44.88333,61.533333
2019-01-01,2.5133333,35.6,69.86667
2019-01-02,1.2191666,22.95,68.666664
2019-01-03,2.2283335,21.466667,46.45
2019-01-04,2.7908332,20.916666,50.05
2019-01-05,2.8724,28.783333,55.63333
2019-01-06,2.6107292,56.36667,68.2
2019-01-07,2.6820834,52.583332,73.28333
2019-01-08,2.6675,51.983334,79.88333
2019-01-09,2.6512501,49.333332,84.71667
2019-01-10,2.6388543,48.316666,91.85
2019-01-11,2.6095834,47.621647,112.5
2019-01-12,2.5646875,49.145832,118.0
2019-01-13,2.553229,48.3152,119.833336
2019-01-14,2.5566666,40.300003,117.28333
2019-01-15,2.56125,43.550003,112.333336
2019-01-16,2.5921876,50.95,125.0
2019-01-17,2.5669792,71.987656,136.0
2019-01-18,2.5796876,66.772224,131.66667
2019-01-19,2.5496876,61.48889,128.66667
2019-01-20,2.5509374,60.29375,108.38333
2019-01-21,2.5554166,57.13368,80.183334
2019-01-22,2.5566666,56.374306,71.183334
2019-01-23,2.553125,54.799168,59.283333
2019-01-24,2.5566666,53.067757,56.25
2019-01-25,2.5497916,55.021873,52.733334
2019-01-26,2.5223405,52.929165,51.016666
2019-01-27,2.5358334,51.36007,56.333332
2019-01-28,2.53,50.69097,60.233334
2019-01-29,2.5254166,49.931217,55.85
2019-01-30,2.546421,49.912,60.466667
2019-01-31,2.805,46.715,61.93243
2019-02-01,2.8922918,40.368183,55.95
2019-02-02,2.89,48.23629,57.940624
2019-02-03,2.9393752,58.575695,66.29063
2019-02-04,2.8702085,76.90417,195.03438
2019-02-05,2.8129168,95.14201,298.78125
2019-02-06,2.8001041,87.042015,190.4375
2019-02-07,2.7969792,77.4566,151.07292
2019-02-08,2.7711494,74.00896,102.063545
2019-02-09,3.5316668,66.78333,74.34167
2019-02-10,3.7296875,67.78333,72.93467
2019-02-11,3.698021,62.983334,56.14479
2019-02-12,3.6263542,57.7,78.70937
2019-02-13,3.6296875,61.00741,79.34479
2019-02-14,3.6572917,74.369095,70.41146
2019-02-15,2.835,102.2309,118.91354
2019-02-16,2.9491668,163.6875,720.3125
2019-02-17,2.9308333,136.2882,485.8646
2019-02-18,2.9422917,111.1875,200.54167
2019-02-19,2.9229167,98.09375,145.4375
2019-02-20,2.9644792,90.035416,95.85729
2019-02-21,2.9896874,85.72118,93.6375
2019-02-22,3.065,77.39132,92.30937
2019-02-23,3.0339582,83.01979,96.91563
2019-02-24,2.9415624,72.98021,103.822914
2019-02-25,2.8903124,73.21701,91.30104
2019-02-26,2.8531249,67.66632,75.8625
2019-02-27,2.86,78.240974,76.45417
2019-02-28,2.8439581,100.49722,96.6875
2019-03-01,2.83125,118.18056,231.55208
2019-03-02,2.9547915,137.86111,424.16666
2019-03-03,3.423125,129.98264,873.90625
2019-03-04,3.5640626,114.361115,683.1667
2019-03-05,3.1087499,104.802086,425.9375
2019-03-06,3.108854,102.954865,276.9479
2019-03-07,3.115729,274.99304,269.89584
2019-03-08,3.106354,409.7639,250.69792
2019-03-09,3.1133332,273.62848,273.7604
2019-03-10,3.0458333,208.10764,312.08334
2019-03-11,2.9919791,175.79514,250.1875
2019-03-12,3.0291667,169.67014,209.78125
2019-03-13,7.4193683,161.3993,468.64584
2019-03-14,3.2479167,157.29514,1073.1771
2019-03-15,2.875,144.91667,629.32294
2019-03-16,2.826146,143.79167,372.54166
2019-03-17,2.8811457,143.74306,270.52084
2019-03-18,2.7770834,167.05902,242.53125
2019-03-19,2.831979,178.53125,229.02083
2019-03-20,2.8620832,250.11458,229.71875
2019-03-21,2.8474998,199.76772,232.42708
2019-03-22,2.873125,189.73611,258.95834
2019-03-23,3.0325,219.73958,285.5625
2019-03-24,2.9542708,410.7986,292.14584
2019-03-25,2.89125,422.28473,278.40625
2019-03-26,2.9225,361.6783,250.97917
2019-03-27,2.8904166,404.00348,246.40625
2019-03-28,2.906979,476.16666,287.3854
2019-03-29,2.9186459,639.55206,356.6146
2019-03-30,2.8414583,498.89236,477.1979
2019-03-31,2.739479,442.03125,562.51044
2019-04-01,2.8214583,390.03473,448.3854
2019-04-02,3.0382292,413.0486,410.1875
2019-04-03,2.925,663.1285,382.91666
2019-04-04,3.0755208,697.48267,432.84375
2019-04-05,3.02375,710.2986,554.51044
2019-04-06,2.8753126,812.9514,685.6458
2019-04-07,3.0620832,820.09375,994.67706
2019-04-08,3.0058334,735.49304,1234.5834
2019-04-09,3.1454167,879.43054,1580.7291
2019-04-10,3.2360418,985.7465,2078.0208
2019-04-11,2.8223958,778.0868,2140.0
2019-04-12,2.8968751,693.2153,1589.375
2019-04-13,2.5522916,613.5833,1074.4688
2019-04-14,2.5126042,537.2465,899.34375
2019-04-15,3.080104,1171.7118,833.88544
2019-04-16,2.8922918,1594.7916,1116.6459
2019-04-17,2.9977083,1338.5764,1773.5416
2019-04-18,3.059375,1140.243,2193.5417
2019-04-19,3.066875,1149.3403,2849.6875
2019-04-20,3.11,1443.8889,3458.6458
2019-04-21,3.4234376,1620.6597,3775.1042
2019-04-22,3.4115624,1630.868,3292.7083
2019-04-23,3.285263,1644.2014,3446.7708
2019-04-24,3.5215626,1665.1389,3305.3125
2019-04-25,3.411875,1584.132,3479.8877
2019-04-26,3.6635416,1591.7361,3369.756
2019-04-27,3.8310416,1668.5764,3627.6924
2019-04-28,12.911354,1591.0416,3885.2778
2019-04-29,2.3127367,1614.9305,3670.7317
2019-04-30,35.82552,1601.9097,3820.674
2019-05-01,16.276041,1268.75,4833.1035
2019-05-02,1.8540626,1145.0695,4917.8945
2019-05-03,2.9548957,1109.2709,4173.021
2019-05-04,3.4116666,1063.8298,3315.625
2019-05-05,3.4023957,1103.2291,2512.1875
2019-05-06,3.1273959,1133.5416,2414.6875
2019-05-07,3.3183334,1210.3472,2378.5417
2019-05-08,3.2327082,1180.9028,2419.7917
2019-05-09,3.6491666,1135.4166,2287.6042
2019-05-10,3.806354,1090.7639,1956.6666
2019-05-11,3.7871876,1063.8577,1749.0625
2019-05-12,3.381875,1073.4236,1739.1666
2019-05-13,3.4275,1112.2916,1778.9584
2019-05-14,2.9240625,1118.6111,1887.3959
2019-05-15,4.6121874,1131.493,2013.3334
2019-05-16,8.070729,1142.2916,2080.625
2019-05-17,18.775312,1527.9166,2170.5208
2019-05-18,21.301043,1514.6875,2235.625
2019-05-19,4.4736457,1177.3611,2039.0625
2019-05-20,9.198854,1108.382,1865.1041
2019-05-21,8.145521,1069.5659,1634.4791
2019-05-22,7.9721875,1050.6805,1637.9166
2019-05-23,7.8983335,1000.75696,1837.0834
2019-05-24,7.5355206,1025.8577,2062.7083
2019-05-25,7.0830207,1014.15625,2549.6875
2019-05-26,6.4195833,988.2847,2744.2708
2019-05-27,5.974583,959.2986,2596.7708
2019-05-28,5.791146,955.0,2517.5
2019-05-29,5.7521877,900.51733,2621.25
2019-05-30,5.7682295,824.59375,2509.8958
2019-05-31,5.97,865.9792,2479.5833
2019-06-01,6.0023956,909.0139,2297.0833
2019-06-02,4.8337502,976.5833,2061.4583
2019-06-03,15.912083,1024.8021,2163.75
2019-06-04,46.865623,974.2743,2273.5417
2019-06-05,57.5625,912.54517,2409.6875
2019-06-06,56.885418,828.0243,2288.8542
2019-06-07,64.91354,827.9132,2407.7083
2019-06-08,71.49375,873.1875,3017.3958
2019-06-09,76.48229,1050.8195,3645.9375
2019-06-10,68.07604,1066.9966,4226.146
2019-06-11,55.214584,1166.9097,4434.479
2019-06-12,36.59271,1282.7084,4548.5415
2019-06-13,38.439583,1189.1216,4482.8125
2019-06-14,40.216667,1217.6736,4683.3335
2019-06-15,61.513542,1355.7291,5157.5
2019-06-16,72.12708,1438.7153,5635.8335
2019-06-17,64.4,1165.4514,5446.6665
2019-06-18,57.263542,1043.2812,4884.1235
2019-06-19,56.04375,781.75696,3802.0833
2019-06-20,57.115623,661.21875,3033.8542
2019-06-21,57.622917,681.85767,3003.2292
2019-06-22,57.017708,799.9236,3116.875
2019-06-23,59.433334,797.3611,3277.0833
2019-06-24,45.29271,613.51733,3292.2917
2019-06-25,21.76875,422.50348,2743.2292
2019-06-26,20.469791,358.33334,2328.5417
2019-06-27,20.008333,294.08334,2354.1667
2019-06-28,29.742708,257.0139,2434.8958
2019-06-29,44.40729,269.22916,2595.9375
2019-06-30,45.58646,257.90625,2712.2917
2019-07-01,45.701042,268.98264,3269.7917
2019-07-02,45.388542,221.24652,3408.2292
2019-07-03,37.595833,203.55902,3177.8125
2019-07-04,26.887499,245.46875,2907.8125
2019-07-05,25.9625,294.3229,2512.5
2019-07-06,25.242708,290.09027,2250.0
2019-07-07,23.731249,271.06598,2018.0209
2019-07-08,24.266666,230.16667,1773.75
2019-07-09,24.925,183.51979,1713.75
2019-07-10,16.392708,202.94792,1630.8334
2019-07-11,19.586876,231.57639,1440.0
2019-07-12,11.242084,184.97223,1290.9375
2019-07-13,27.486458,159.06598,1089.5521
2019-07-14,27.440624,219.19444,1013.36456
2019-07-15,20.141562,230.86806,1004.53125
2019-07-16,9.226771,172.98958,1101.1771
2019-07-17,8.664166,179.34375,991.5208
2019-07-18,9.339063,145.63194,976.4375
2019-07-19,8.191354,143.93785,967.38544
2019-07-20,6.35625,144.55208,875.26044
2019-07-21,6.061875,151.27083,814.34375
2019-07-22,5.956146,149.22223,764.0417
2019-07-23,5.6760416,146.7882,711.73956
2019-07-24,5.381875,160.89583,703.5208
2019-07-25,5.148333,141.84375,707.59375
2019-07-26,5.1266665,166.61111,698.5833
2019-07-27,4.9816666,213.61111,891.2708
2019-07-28,4.9784374,238.56944,792.3542
2019-07-29,4.7737503,188.61458,760.25
2019-07-30,4.2602086,156.24306,659.15625
2019-07-31,3.797396,172.32986,596.7292
2019-08-01,4.3984375,214.40973,581.63544
2019-08-02,5.576875,206.22917,576.01044
2019-08-03,5.2633333,189.84027,661.28125
2019-08-04,5.193333,176.45833,603.4375
2019-08-05,5.0528126,146.04167,575.1458
2019-08-06,4.700312,144.98611,596.03125
2019-08-07,4.6596875,130.99445,555.76044
2019-08-08,4.5862503,146.90277,506.40625
2019-08-09,4.68,200.06598,525.71875
2019-08-10,4.678437,241.49652,495.8854
2019-08-11,4.5909376,208.8368,442.5521
2019-08-12,4.5534377,131.0,408.90625
2019-08-13,4.524167,114.11667,427.6875
2019-08-14,4.4935417,128.76042,398.83334
2019-08-15,4.6266665,128.70833,360.1875
2019-08-16,3.59125,148.39583,334.20834
2019-08-17,3.575104,153.9375,310.625
2019-08-18,3.4613543,154.0382,283.3229
2019-08-19,3.3775,151.51389,258.10416
2019-08-20,3.338854,128.81944,243.70833
2019-08-21,3.3365624,131.75694,224.29167
2019-08-22,3.3067708,139.72223,211.54167
2019-08-23,3.2540624,146.4618,201.04167
2019-08-24,3.2345834,163.29028,190.80208
2019-08-25,3.23,186.90277,183.5
2019-08-26,3.30125,159.9618,197.04167
2019-08-27,3.6290624,132.3125,191.66667
2019-08-28,3.22875,123.82118,178.41667
2019-08-29,3.260625,146.71875,167.64583
2019-08-30,3.3610415,157.89236,152.96875
2019-08-31,3.225,152.68056,136.64583
2019-09-01,3.1625,180.0243,136.45833
2019-09-02,3.11,176.25,128.69792
2019-09-03,3.39625,138.375,124.010414
2019-09-04,3.8169792,133.79167,120.645836
2019-09-05,3.8183331,145.6493,112.03125
2019-09-06,3.7614584,144.375,108.34375
2019-09-07,3.7127085,154.97223,104.23542
2019-09-08,3.7127085,179.21527,102.589584
2019-09-09,3.68625,177.625,109.9375
2019-09-10,3.615,166.31944,113.71875
2019-09-11,8.5737505,211.3125,112.84375
2019-09-12,5.3086457,243.54861,131.5625
2019-09-13,3.1482291,191.61111,197.04167
2019-09-14,3.2421875,174.94444,135.85417
2019-09-15,3.3094792,153.43402,120.614586
2019-09-16,3.2701042,141.98264,99.5125
2019-09-17,3.2257292,147.94444,89.50833
2019-09-18,3.6082292,146.60417,93.47188
2019-09-19,3.303229,129.98958,87.075005
2019-09-20,3.14375,134.52708,77.027084
2019-09-21,3.1125,219.48611,75.03437
2019-09-22,3.11,213.17014,69.20416
2019-09-23,3.108854,180.72223,68.60104
2019-09-24,3.1896875,164.03473,68.17917
2019-09-25,3.4925,154.43402,69.22396
2019-09-26,3.375,134.73264,64.33021
2019-09-27,3.34,138.19098,63.91354
2019-09-28,3.2620833,149.875,62.153126
2019-09-29,3.2367709,195.93402,60.76979
2019-09-30,3.23,176.65277,58.19479
2019-10-01,3.2311459,128.99652,56.19896
2019-10-02,3.22875,135.09584,54.46354
2019-10-03,3.23,145.8993,52.21875
2019-10-04,3.22375,142.00694,57.78958
2019-10-05,3.15125,132.7257,60.247917
2019-10-06,3.11,128.94792,110.48333
2019-10-07,3.11,108.81528,119.791664
2019-10-08,3.181875,116.599304,119.875
2019-10-09,3.291875,132.3507,126.447914
2019-10-10,3.291875,110.16146,127.666664
2019-10-11,3.2666667,92.281944,129.36458
2019-10-12,3.256354,108.05104,133.34375
2019-10-13,3.2666667,125.34028,146.5625
2019-10-14,3.23,117.02014,153.01042
2019-10-15,3.23,174.37952,158.47917
2019-10-16,3.2552083,180.3507,161.19792
2019-10-17,3.236875,107.838196,161.5
2019-10-18,3.1825,97.18716,156.48958
2019-10-19,3.1125,88.03819,147.625
2019-10-20,3.0320833,114.926735,145.86458
2019-10-21,3.2475,106.80972,151.03125
2019-10-22,3.516875,101.79271,156.94792
2019-10-23,3.4575,98.28112,164.3125
2019-10-24,3.3225,109.44634,165.05208
2019-10-25,3.23,90.93368,167.89583
2019-10-26,3.23,88.719444,169.71875
2019-10-27,3.23,87.53333,169.76042
2019-10-28,3.22875,86.931946,167.25
2019-10-29,3.2334375,88.79236,172.21875
2019-10-30,2.9804301,88.93785,170.125
2019-10-31,2.5627084,75.67914,169.4375
2019-11-01,2.9658332,81.99514,164.59375
2019-11-02,3.1487498,73.65659,151.48958
2019-11-03,3.20875,72.54236,144.76042
2019-11-04,3.2311459,73.03819,167.57292
2019-11-05,3.2175,65.57431,161.58333
2019-11-06,3.22375,69.792015,156.55208
2019-11-07,3.2275,70.29894,152.47917
2019-11-08,3.23,69.6809,148.5
2019-11-09,3.23,68.36285,144.16667
2019-11-10,3.23,70.43264,142.39583
2019-11-11,3.23,68.54618,139.97917
2019-11-12,3.16875,65.78611,138.42708
2019-11-13,3.125,63.61667,138.29167
2019-11-14,3.11,55.857292,136.08333
2019-11-15,3.11,58.57639,134.35417
2019-11-16,3.11,59.41215,135.6875
2019-11-17,3.11,66.71181,135.21875
2019-11-18,3.108854,66.47535,135.91667
2019-11-19,3.108854,66.265625,136.94792
2019-11-20,3.2158332,58.070484,144.79167
2019-11-21,3.2438543,72.099304,161.54167
2019-11-22,3.23,78.349655,183.67708
2019-11-23,3.23,75.109375,187.95833
2019-11-24,3.205,68.07535,180.125
2019-11-25,3.2483335,74.24533,167.78261
2019-11-26,3.2030435,54.97818,164.29167
2019-11-27,3.1097915,61.144096,140.29167
2019-11-28,3.21625,69.370834,151.375
2019-11-29,3.438229,68.359024,147.07292
2019-11-30,3.0253124,69.33368,164.5
2019-12-01,2.9158335,65.81962,176.5
2019-12-02,2.98625,51.708332,166.75
2019-12-03,3.0045834,61.021328,146.15475
2019-12-04,3.0206249,58.608334,133.73846
2019-12-05,3.0595832,60.92535,148.27083
2019-12-06,3.0171876,62.71007,138.52222
2019-12-07,3.0045834,72.72222,119.22951
2019-12-08,3.0011458,73.229164,130.14737
2019-12-09,3.0057292,74.046524,128.47917
2019-12-10,2.9576042,65.13854,129.82292
2019-12-11,3.182604,67.10972,133.0
2019-12-12,3.233646,72.1941,151.3125
2019-12-13,3.23,111.38854,141.61458
2019-12-14,3.23,103.05486,141.58333
2019-12-15,3.21,96.7316,168.8125
2019-12-16,3.1139584,83.98993,168.125
2019-12-17,2.9401755,74.23333,157.32292
2019-12-18,2.817447,64.75,133.7037
2019-12-19,3.2540624,60.45,101.85
2019-12-20,3.1572728,63.95,86.9
2019-12-21,3.1374998,67.2,80.45
2019-12-22,3.2345834,66.15,83.25
2019-12-23,3.3331249,65.26614,84.75
2019-12-24,3.319375,66.71841,88.9
2019-12-25,3.2941666,77.52396,102.55
2019-12-26,3.2322917,77.16632,120.5
2019-12-27,3.238021,79.23993,122.5
2019-12-28,3.24375,74.48125,115.5
2019-12-29,3.1895454,62.308773,106.5
2019-12-30,3.20625,68.525,102.5
2019-12-31,3.1924138,61.353333,103.0
2020-01-01,3.2216666,65.902084,104.5
2020-01-02,3.2345834,80.70069,113.5
2020-01-03,3.22875,75.42118,114.0
2020-01-04,3.23,69.43993,110.5
2020-01-05,3.23,80.48993,114.5
2020-01-06,3.22625,73.839584,120.0
2020-01-07,3.2225,64.65972,120.5
2020-01-08,3.22875,56.11667,115.0
2020-01-09,3.22875,71.78159,112.5
2020-01-10,3.225,72.21667,111.5
2020-01-11,3.2065573,73.51122,109.0
2020-01-12,3.21875,71.97327,107.0
2020-01-13,3.2075,71.93646,107.0
2020-01-14,3.155,65.80451,111.0
2020-01-15,3.145,65.510345,113.0
2020-01-16,3.1575,59.75,115.5
2020-01-17,3.1525,66.23334,115.5
2020-01-18,3.1174998,67.316666,116.0
2020-01-19,3.11,60.5,117.5
2020-01-20,3.11125,59.3,120.0
2020-01-21,3.155,64.933334,121.0
2020-01-22,3.1625,64.60976,121.0
2020-01-23,3.1355207,61.13229,122.0
2020-01-24,3.1441667,74.9125,125.5
2020-01-25,3.1274998,76.436455,164.2
2020-01-26,3.10125,68.72639,161.76042
2020-01-27,3.1022916,71.515625,157.16667
2020-01-28,3.0926042,62.589237,171.10417
2020-01-29,3.09,70.17465,151.375
2020-01-30,3.09,78.98646,168.70833
2020-01-31,3.0785415,71.39861,144.16667
2020-02-01,3.08,65.875,141.19792
2020-02-02,3.08,64.43229,154.03125
2020-02-03,3.079479,68.104515,165.84375
2020-02-04,3.0508928,69.01398,191.02083
2020-02-05,3.0615,65.21667,157.0
2020-02-06,3.1009374,73.833336,118.5
2020-02-07,3.0635417,109.10037,123.0
2020-02-08,3.0611458,158.84723,121.5
2020-02-09,3.06,112.63333,190.87805
2020-02-10,3.054375,94.64757,202.29167
2020-02-11,3.0454166,71.717705,197.08333
2020-02-12,3.032472,107.39028,185.48958
2020-02-13,2.9758332,97.380905,167.5
2020-02-14,2.82,85.7684,157.21875
2020-02-15,2.8101041,72.05903,156.66667
2020-02-16,2.81,73.24514,162.14583
2020-02-17,2.81,93.12847,172.95833
2020-02-18,2.8295834,87.7618,184.17708
2020-02-19,3.15875,71.01875,179.70833
2020-02-20,3.1491668,75.635765,168.51042
2020-02-21,3.165521,72.40429,161.23958
2020-02-22,3.1412501,102.0,157.65625
2020-02-23,3.138021,108.66531,166.14583
2020-02-24,3.125,117.854164,182.16667
2020-02-25,3.1165624,116.00347,173.04167
2020-02-26,2.9279165,112.697914,163.625
2020-02-27,3.131354,112.22222,156.75
2020-02-28,3.108854,116.236115,149.20833
2020-02-29,3.11,119.31944,143.07292
2020-03-01,3.113229,123.86806,168.875
2020-03-02,3.1734736,120.102776,177.42708
2020-03-03,3.12,92.364235,180.26042
2020-03-04,3.12,97.47569,173.34375
2020-03-05,3.12,80.57465,165.125
2020-03-06,3.12,104.60174,162.75
2020-03-07,3.1225,132.11111,168.57292
2020-03-08,3.1430209,270.4757,174.125
2020-03-09,3.144896,360.68716,176.27083
2020-03-10,3.131146,391.19098,179.08333
2020-03-11,3.13,494.9514,184.19792
2020-03-12,3.1288543,510.25348,194.67708
2020-03-13,3.1375,526.2917,200.30208
2020-03-14,3.0807292,451.44446,213.0
2020-03-15,2.91,595.13196,230.6875
2020-03-16,2.9284375,621.67017,223.05208
2020-03-17,2.9809375,548.3507,211.90625
2020-03-18,3.0564585,570.23956,204.91667
2020-03-19,3.171146,538.30206,219.1875
2020-03-20,2.9830208,501.68292,247.96875
2020-03-21,2.92,490.94446,244.10417
2020-03-22,2.92,489.8368,227.71875
2020-03-23,2.8982291,483.02777,222.625
2020-03-24,2.8801043,486.37848,217.54167
2020-03-25,3.0372915,587.4146,213.95833
2020-03-26,3.0411458,589.941,208.70833
2020-03-27,3.04,540.5,203.66667
2020-03-28,3.020521,506.1007,198.04167
2020-03-29,3.046875,485.34723,161.19792
2020-03-30,3.0296874,489.0,159.84375
2020-03-31,3.0323958,490.86804,157.5625
2020-04-01,3.0385416,533.30554,163.91667
2020-04-02,3.04875,531.0764,164.0
2020-04-03,3.0213542,469.3889,158.39583
2020-04-04,3.0648959,388.3021,220.63542
2020-04-05,3.05125,356.58334,223.33333
2020-04-06,3.048854,380.4618,216.58333
2020-04-07,3.0557292,388.12152,217.29167
2020-04-08,3.0622916,386.62152,245.6875
2020-04-09,3.081771,376.0243,285.3021
2020-04-10,3.0691667,412.4132,320.54166
2020-04-11,3.0794792,437.86804,326.70834
2020-04-12,3.1035416,450.60416,326.46875
2020-04-13,3.066875,408.3993,320.125
2020-04-14,3.03125,341.13196,320.71875
2020-04-15,3.0807292,298.96527,281.83334
2020-04-16,3.0715625,343.0486,246.125
2020-04-17,3.0525,311.56946,234.70833
2020-04-18,3.0611458,308.75,231.875
2020-04-19,3.0852084,298.8229,218.625
2020-04-20,3.100104,289.4861,227.04167
2020-04-21,3.0966666,295.31598,242.25
2020-04-22,3.1023958,298.99652,254.57292
2020-04-23,3.0634375,348.12848,282.3021
2020-04-24,3.07375,413.9236,302.3021
2020-04-25,3.0703125,393.28125,317.1771
2020-04-26,3.0966666,414.91666,311.65625
2020-04-27,3.136771,531.2014,308.89584
2020-04-28,3.1833334,501.1771,295.7396
2020-04-29,3.188021,487.11847,342.7604
2020-04-30,3.1716666,485.65973,381.35416
2020-05-01,3.23625,663.26044,406.54166
2020-05-02,3.1635418,620.98267,445.4479
2020-05-03,2.9089584,532.066,504.71875
2020-05-04,3.360625,486.20486,525.07294
2020-05-05,3.4530208,400.68054,527.0833
2020-05-06,3.394271,362.71875,517.36456
2020-05-07,3.3828125,362.45486,497.0521
2020-05-08,3.3713543,268.71875,483.58334
2020-05-09,3.33125,204.47917,469.3646
2020-05-10,3.3014584,199.44931,453.33334
2020-05-11,3.3140626,190.39236,439.89584
2020-05-12,3.3679168,225.32986,475.14584
2020-05-13,3.368646,215.30556,482.0625
2020-05-14,3.3140626,156.61806,443.84375
2020-05-15,3.2847917,157.58333,418.8229
2020-05-16,3.26375,157.62848,395.96875
2020-05-17,3.19125,195.73264,385.0521
2020-05-18,3.2125,202.2743,372.5521
2020-05-19,3.1635418,203.86111,387.5729
2020-05-20,3.385625,200.69792,433.9375
2020-05-21,3.4839582,214.82292,470.125
2020-05-22,3.4083333,200.21875,462.28125
2020-05-23,3.3713543,200.4618,405.45834
2020-05-24,3.3620834,208.58923,373.54166
2020-05-25,3.3828125,230.79861,363.22916
2020-05-26,3.3323958,149.13681,325.89584
2020-05-27,3.311771,129.51389,283.8854
2020-05-28,3.3644793,146.03368,276.7396
2020-05-29,3.4151042,175.21527,310.875
2020-05-30,3.4597917,170.28473,385.41666
2020-05-31,3.515,192.71388,478.71875
2020-06-01,3.6415625,184.9132,512.75
2020-06-02,3.63,159.83333,650.375
2020-06-03,3.5322917,169.9375,642.5
2020-06-04,3.4744792,164.30902,661.7708
2020-06-05,3.4555209,138.62848,520.9792
2020-06-06,15.771546,157.3125,494.90625
2020-06-07,2.7583332,373.1111,558.42706
2020-06-08,3.463646,382.97223,770.13544
2020-06-09,3.3747916,327.50696,524.32294
2020-06-10,3.3571875,297.69446,436.1979
2020-06-11,3.3347917,263.83334,400.96875
2020-06-12,3.24875,196.3507,343.02084
2020-06-13,3.135521,136.50381,319.3646
2020-06-14,3.1725001,147.93402,336.5625
2020-06-15,3.1564584,157.22223,367.84375
2020-06-16,3.0125,170.81598,395.1875
2020-06-17,3.03,260.21875,345.34375
2020-06-18,3.0598958,281.24304,303.8021
2020-06-19,3.06,290.56598,277.5104
2020-06-20,2.9825,226.77777,259.03125
2020-06-21,2.99,196.8125,231.97917
2020-06-22,2.9825,160.80208,204.96875
2020-06-23,2.94875,127.60069,193.20833
2020-06-24,2.94,112.35833,189.82292
2020-06-25,2.963646,132.18056,186.60417
2020-06-26,3.0601041,120.09132,190.1875
2020-06-27,3.0421875,140.99306,178.17708
2020-06-28,2.9160416,139.92361,165.44792
2020-06-29,2.9425,221.06944,151.32292
2020-06-30,2.96625,319.06946,132.8125
2020-07-01,2.9450002,299.65277,121.15625
2020-07-02,2.94125,233.8125,108.85
2020-07-03,2.94,189.54861,94.3125
2020-07-04,2.9365625,154.24306,80.28958
2020-07-05,2.876979,163.55902,76.94896
2020-07-06,2.8311458,112.099304,78.6
2020-07-07,2.9316666,113.05868,90.441666
2020-07-08,3.0075,128.67014,94.26146
2020-07-09,2.9796875,132.22223,83.37187
2020-07-10,3.2169793,132.89236,70.8125
2020-07-11,3.1092708,123.145836,63.797916
2020-07-12,3.00125,112.045135,59.43333
2020-07-13,3.0519793,101.61802,56.56354
2020-07-14,3.1470833,128.3618,56.213543
2020-07-15,3.0288541,121.97118,52.770832
2020-07-16,2.9138541,133.62813,144.64688
2020-07-17,2.8895833,135.21527,100.38229
2020-07-18,2.815104,120.84028,60.098957
2020-07-19,2.754375,137.14272,58.5375
2020-07-20,2.8502083,174.77777,53.096874
2020-07-21,3.0235417,144.88472,51.127083
2020-07-22,3.0964582,126.673615,48.15521
2020-07-23,2.913229,125.204865,46.88229
2020-07-24,3.0333333,147.6059,44.1125
2020-07-25,3.0595834,159.85764,44.901043
2020-07-26,2.9741666,176.1875,50.560417
2020-07-27,3.014271,157.17708,333.47397
2020-07-28,3.0728126,140.18056,388.53125
2020-07-29,3.110625,124.1691,360.83334
2020-07-30,3.1881251,136.31598,314.89584
2020-07-31,3.077604,111.931946,249.15625
2020-08-01,3.06125,113.172226,193.55208
2020-08-02,3.077396,121.90972,145.08333
2020-08-03,3.0959375,114.53889,116.052086
2020-08-04,3.2303126,106.85868,97.45417
2020-08-05,3.2193751,116.876045,80.59895
2020-08-06,3.1986458,102.51528,66.92396
2020-08-07,3.1491666,114.34618,59.85
2020-08-08,3.186771,112.05764,53.47604
2020-08-09,3.1122916,139.08333,49.211456
2020-08-10,3.2283332,127.000694,47.13229
2020-08-11,3.0603125,121.72847,44.6625
2020-08-12,2.9510417,106.39618,44.705208
2020-08-13,2.8970833,103.75313,40.43021
2020-08-14,2.8453124,131.95348,39.128124
2020-08-15,2.8270833,130.12222,36.74479
2020-08-16,2.8085415,157.72292,34.622917
2020-08-17,2.798854,131.25659,31.2375
2020-08-18,2.8071876,87.21597,27.741667
2020-08-19,3.2132292,101.6184,27.389584
2020-08-20,3.1673958,119.15312,26.740625
2020-08-21,3.109375,143.08055,26.290625
2020-08-22,3.0987499,149.82639,27.606249
2020-08-23,3.0506248,162.21527,28.354166
2020-08-24,3.0438542,183.01736,29.425
2020-08-25,2.9657292,172.24652,27.26979
2020-08-26,2.8504167,145.88194,28.364582
2020-08-27,2.806875,157.88126,29.3625
2020-08-28,2.86125,156.94098,30.070833
2020-08-29,2.9477084,148.48958,33.159374
2020-08-30,2.9460416,155.70209,33.989586
2020-08-31,2.8841667,150.1007,36.441666
2020-09-01,2.9130208,179.1632,39.070835
2020-09-02,2.9610417,190.73611,42.029167
2020-09-03,2.8861458,138.09027,44.475
2020-09-04,2.8511457,118.861115,43.25
2020-09-05,2.783854,151.42014,41.15625
2020-09-06,2.729479,178.10417,37.798958
2020-09-07,2.7640624,175.88194,35.490627
2020-09-08,2.8127084,159.38889,35.7
2020-09-09,6.478229,230.00348,42.201042
2020-09-10,7.2309375,254.18056,44.4625
2020-09-11,2.8140624,213.01389,52.678123
2020-09-12,2.7313542,172.11806,68.97604
2020-09-13,2.6690626,130.6118,76.31458
2020-09-14,2.6495833,106.61493,79.53333
2020-09-15,2.6658335,101.96042,69.75729
2020-09-16,2.8,138.82777,60.9375
2020-09-17,2.8623958,163.17014,55.542706
2020-09-18,2.8245833,164.67361,52.396873
2020-09-19,3.0380208,125.37014,50.81354
2020-09-20,2.8066666,178.78125,49.743748
2020-09-21,2.6492708,188.59723,50.98125
2020-09-22,2.5910416,147.52777,51.252083
2020-09-23,2.5705209,124.498955,49.69479
2020-09-24,2.5017707,101.925,43.580208
2020-09-25,2.455104,98.54826,38.108334
2020-09-26,2.410625,101.63333,38.2
2020-09-27,2.4615626,138.59756,35.728127
2020-09-28,2.4673958,152.80174,33.96146
2020-09-29,2.4803226,114.12274,30.498924
